[{"model": "main.parameters", "pk": 1, "fields": {"contact_email": "JohnSmith@abc.edu", "experiment_time_zone": "US/Pacific", "site_url": "http://localhost:8000", "invitation_text": "", "invitation_subject": "", "default_parameter_set": null, "timestamp": "2025-01-28T18:34:51.144Z", "updated": "2025-01-28T18:34:51.144Z"}}, {"model": "main.profile", "pk": 1, "fields": {"can_edit_instructions": false, "mfa_hash": null, "mfa_required": false, "mfa_setup_complete": false, "timestamp": "2025-01-28T18:34:50.078Z", "updated": "2025-01-28T18:34:50.078Z"}}, {"model": "main.profileloginattempt", "pk": 1, "fields": {"profile": 1, "success": true, "note": null, "timestamp": "2025-01-28T18:35:46.245Z", "updated": "2025-01-28T18:35:46.245Z"}}, {"model": "main.profileloginattempt", "pk": 2, "fields": {"profile": 1, "success": true, "note": null, "timestamp": "2025-02-12T17:44:31.134Z", "updated": "2025-02-12T17:44:31.134Z"}}, {"model": "main.profileloginattempt", "pk": 3, "fields": {"profile": 1, "success": true, "note": null, "timestamp": "2025-02-26T00:27:21.555Z", "updated": "2025-02-26T00:27:21.555Z"}}, {"model": "main.profileloginattempt", "pk": 4, "fields": {"profile": 1, "success": true, "note": null, "timestamp": "2025-02-26T23:18:09.523Z", "updated": "2025-02-26T23:18:09.523Z"}}, {"model": "main.profileloginattempt", "pk": 5, "fields": {"profile": 1, "success": true, "note": null, "timestamp": "2025-03-10T23:37:05.201Z", "updated": "2025-03-10T23:37:05.201Z"}}, {"model": "main.profileloginattempt", "pk": 6, "fields": {"profile": 1, "success": true, "note": null, "timestamp": "2025-03-24T15:43:25.677Z", "updated": "2025-03-24T15:43:25.677Z"}}, {"model": "main.instructionset", "pk": 1, "fields": {"label": "** New Instruction Set 1 ***", "action_page_1": 2, "action_page_2": 3, "action_page_3": 100, "action_page_4": 100, "action_page_5": 100, "action_page_6": 100, "p1_example_start_range": 1, "p1_example_end_range": 1, "p2_example_start_range": 11, "p2_example_end_range": 20, "p3_example_start_range": 21, "p3_example_end_range": 30, "p4_example_start_range": 31, "p4_example_end_range": 40, "timestamp": "2025-02-06T23:19:57.635Z", "updated": "2025-03-11T22:34:11.774Z"}}, {"model": "main.instruction", "pk": 5, "fields": {"instruction_set": 1, "text_html": "<p><strong><span style=\"font-size: 14pt;\">Welcome &nbsp;</span></strong></p>\n<p><span style=\"font-size: 14pt;\">This is an experiment in the economics of decision-making. The instructions are simple; if you follow them carefully and make good decisions, you can earn a considerable amount of money that will be paid to you privately at the end of the experiment.</span></p>\n<p><span style=\"font-size: 14pt;\">In this experiment, your color is&nbsp;<strong>#id_label#</strong>.</span></p>\n<p><span style=\"font-size: 14pt;\">You and the other #player_count-1# people in your group each set a consumption range. The ranges you and your group members select determine your earnings each period.</span></p>\n<p><span style=\"font-size: 14pt;\">Continue to the next page of the instructions by pressing the<strong> </strong><span style=\"background-color: #0d6efd; color: #ffffff;\">Next <span class=\"far fa-arrow-alt-circle-right\">&nbsp;</span></span><strong>&nbsp;</strong>button.</span></p>", "page_number": 1, "timestamp": "2025-03-11T22:34:11.785Z", "updated": "2025-03-11T22:34:11.785Z"}}, {"model": "main.instruction", "pk": 6, "fields": {"instruction_set": 1, "text_html": "<p><span style=\"font-size: 14pt;\"><strong>Revenue Boxes</strong></span></p>\n<p><span style=\"font-size: 14pt;\">Along the horizontal axis there is a set of revenue boxes rising up. The higher the box rises, the more valuable the box is. You and the other members in your group will each submit a contiguous consumption range using the \"Start\" and \"End\" handles at the bottom of your screens.&nbsp;<span style=\"font-size: 18.6667px;\"><span style=\"font-size: 14pt;\"><span style=\"font-size: 18.6667px;\"><span style=\"font-size: 14pt;\">You can select any contiguous range, from size one up to the entire range of boxes. However, anywhere your range overlaps with another player in your group, you must split the revenue of that box equally. You must also pay a cost for each box in your range, which we represent on the graph with a light #color_name# color. You will lose money if the cost you pay exceeds the revenue you earn for any given box. Any box you lose money on will display a \"!\". Boxes outside of all consumption ranges are displayed in white. Boxes within one or more consumption ranges display a stacked graph of the current occupants.</span></span></span></span></span></p>\n<p><span style=\"font-size: 14pt;\"><span style=\"font-size: 18.6667px;\"><span style=\"font-size: 14pt;\"><span style=\"font-size: 18.6667px;\"><span style=\"font-size: 14pt;\">Try moving the range handles. <span style=\"font-size: 18.6667px;\"><span style=\"font-size: 14pt;\"><span style=\"font-size: 18.6667px;\"><span style=\"font-size: 14pt;\"><span style=\"background-color: #bfedd2;\">Do this now</span>.</span></span></span></span></span></span></span></span></span></p>\n<p><span style=\"font-size: 14pt;\"><span style=\"font-size: 18.6667px;\"><span style=\"font-size: 14pt;\"><span style=\"font-size: 18.6667px;\"><span style=\"font-size: 14pt;\"><span style=\"font-size: 18.6667px;\"><span style=\"font-size: 14pt;\"><span style=\"font-size: 18.6667px;\"><span style=\"font-size: 14pt;\">On the next page, we will display the results.</span></span></span></span></span></span></span></span></span></p>\n<p><span style=\"font-size: 14pt;\"><span style=\"font-size: 18.6667px;\"><span style=\"font-size: 14pt;\"><span style=\"font-size: 18.6667px;\"><span style=\"font-size: 14pt;\"><span style=\"font-size: 18.6667px;\"><span style=\"font-size: 14pt;\"><span style=\"font-size: 18.6667px;\"><span style=\"font-size: 14pt;\">Continue to the next page of the instructions by pressing the<strong> </strong><span style=\"background-color: #0d6efd; color: #ffffff;\">Next <span class=\"far fa-arrow-alt-circle-right\">&nbsp;</span></span><strong>&nbsp;</strong>button.</span></span></span></span></span></span></span></span></span></p>\n<p>&nbsp;</p>\n<p>&nbsp;</p>", "page_number": 2, "timestamp": "2025-03-11T22:34:11.785Z", "updated": "2025-03-11T22:34:11.785Z"}}, {"model": "main.instruction", "pk": 7, "fields": {"instruction_set": 1, "text_html": "<p><span style=\"font-size: 14pt;\"><strong>Practice</strong></span></p>\n<p><span style=\"font-size: 14pt;\">Move the range handles and press the Send Range button at the bottom of your screen. <span style=\"font-size: 18.6667px;\"><span style=\"font-size: 14pt;\"><span style=\"font-size: 18.6667px;\"><span style=\"font-size: 14pt;\"><span style=\"background-color: #bfedd2;\">Do this now</span>. Notice how your Cost and Profit changes in the \"Group Summary\" box at the top of your screen. Try moving your range around and observing how things change. Remember that you will lose money if your cost exceeds your revenue on a box. That is denoted with a \"!\" on that box.</span></span></span></span></span></p>\n<p><span style=\"font-size: 14pt;\"><span style=\"font-size: 18.6667px;\"><span style=\"font-size: 14pt;\"><span style=\"font-size: 18.6667px;\"><span style=\"font-size: 14pt;\">You and your group members can update your range anytime during the experiment.</span></span></span></span></span></p>\n<p><span style=\"font-size: 14pt;\"><span style=\"font-size: 18.6667px;\"><span style=\"font-size: 14pt;\"><span style=\"font-size: 18.6667px;\"><span style=\"font-size: 14pt;\">Continue to the next page of the instructions by pressing the<strong> </strong><span style=\"background-color: #0d6efd; color: #ffffff;\">Next <span class=\"far fa-arrow-alt-circle-right\">&nbsp;</span></span><strong>&nbsp;</strong>button.</span></span></span></span></span></p>", "page_number": 3, "timestamp": "2025-03-11T22:34:11.785Z", "updated": "2025-03-11T22:34:11.785Z"}}, {"model": "main.instruction", "pk": 8, "fields": {"instruction_set": 1, "text_html": "<p><span style=\"font-size: 14pt;\"><strong>Conclusion</strong></span></p>\n<p><span style=\"font-size: 14pt;\"><span style=\"font-size: 14pt;\">You can use help buttons</span>&nbsp;to reference the instructions during the experiment.</span></p>\n<p><span style=\"font-size: 18.6667px;\">Once everyone completes the instructions, the ranges will reset. Everyone must press the <span style=\"font-size: 14pt;\"><span style=\"color: #ffffff;\"><span style=\"background-color: #198754;\">Ready to Start</span></span></span> button at the bottom of the screen before anyone can submit a range.</span></p>\n<p><span style=\"font-size: 14pt;\">This is the end of the instructions. If you have any questions, please raise your hand, and a monitor will come by to answer them. If you are finished with the instructions, please click the <span style=\"color: #ffffff;\"><span style=\"background-color: #198754;\">Start <span class=\"far fa-check-circle\">&nbsp;</span></span> </span>button located in the bottom right of this frame. The instructions will remain on your screen until the experiment begins. <em>We need everyone to click the</em> <span style=\"color: #ffffff;\"><span style=\"background-color: #198754;\">Start <span class=\"far fa-check-circle\">&nbsp;</span></span> </span><em>button before we can begin the experiment.</em></span></p>", "page_number": 4, "timestamp": "2025-03-11T22:34:11.785Z", "updated": "2025-03-11T22:34:11.785Z"}}, {"model": "main.helpdocssubject", "pk": 3, "fields": {"instruction_set": 1, "title": "Period Block 2", "text": "<p>Explain Chat</p>\n<p>Explain Transfer cents.</p>", "timestamp": "2025-03-11T22:34:11.801Z", "updated": "2025-03-11T22:34:11.801Z"}}, {"model": "main.helpdocssubject", "pk": 4, "fields": {"instruction_set": 1, "title": "chat", "text": "<p>Chat help.</p>", "timestamp": "2025-03-11T22:34:11.801Z", "updated": "2025-03-11T22:34:11.801Z"}}, {"model": "main.helpdocssubject", "pk": 5, "fields": {"instruction_set": 1, "title": "subject_stage", "text": "<p>Stage help here.</p>", "timestamp": "2025-03-11T22:34:11.801Z", "updated": "2025-03-11T22:34:11.801Z"}}, {"model": "main.helpdocssubject", "pk": 6, "fields": {"instruction_set": 1, "title": "transfer_cents", "text": "<p>Transfer cents help.</p>", "timestamp": "2025-03-11T22:34:11.801Z", "updated": "2025-03-11T22:34:11.801Z"}}, {"model": "main.parameterset", "pk": 2, "fields": {"period_length": 1, "show_instructions": true, "survey_required": false, "survey_link": "", "prolific_mode": false, "prolific_completion_link": "", "inheritance_window": 10, "reconnection_limit": 25, "test_mode": false, "json_for_session": {"id": 2, "test_mode": 0, "survey_link": "", "period_length": 1, "prolific_mode": 0, "survey_required": 0, "show_instructions": 1, "inheritance_window": 10, "reconnection_limit": 25, "parameter_set_players": {"17": {"id": 17, "start_x": 50, "start_y": 50, "id_label": "Red", "hex_color": "IndianRed", "player_number": 1, "instruction_set": 1, "instruction_set_label": "** New Instruction Set 1 ***", "parameter_set_player_groups": {"35": {"id": 28, "position": 1, "start_box": 10, "group_number": 1, "parameter_set_period_block": 35}, "36": {"id": 32, "position": 1, "start_box": 0, "group_number": 1, "parameter_set_period_block": 36}, "53": {"id": 134, "position": 1, "start_box": 1, "group_number": 1, "parameter_set_period_block": 53}}}, "18": {"id": 18, "start_x": 50, "start_y": 50, "id_label": "Purple", "hex_color": "MediumPurple", "player_number": 2, "instruction_set": 1, "instruction_set_label": "** New Instruction Set 1 ***", "parameter_set_player_groups": {"35": {"id": 29, "position": 2, "start_box": 20, "group_number": 1, "parameter_set_period_block": 35}, "36": {"id": 33, "position": 2, "start_box": 0, "group_number": 1, "parameter_set_period_block": 36}, "53": {"id": 135, "position": 2, "start_box": 1, "group_number": 1, "parameter_set_period_block": 53}}}, "19": {"id": 19, "start_x": 50, "start_y": 50, "id_label": "Blue", "hex_color": "CornflowerBlue", "player_number": 3, "instruction_set": 1, "instruction_set_label": "** New Instruction Set 1 ***", "parameter_set_player_groups": {"35": {"id": 30, "position": 3, "start_box": 30, "group_number": 1, "parameter_set_period_block": 35}, "36": {"id": 34, "position": 3, "start_box": 0, "group_number": 1, "parameter_set_period_block": 36}, "53": {"id": 136, "position": 3, "start_box": 1, "group_number": 1, "parameter_set_period_block": 53}}}, "20": {"id": 20, "start_x": 50, "start_y": 50, "id_label": "Orange", "hex_color": "Orange", "player_number": 4, "instruction_set": 1, "instruction_set_label": "** New Instruction Set 1 ***", "parameter_set_player_groups": {"35": {"id": 31, "position": 4, "start_box": 40, "group_number": 1, "parameter_set_period_block": 35}, "36": {"id": 35, "position": 4, "start_box": 0, "group_number": 1, "parameter_set_period_block": 36}, "53": {"id": 137, "position": 4, "start_box": 1, "group_number": 1, "parameter_set_period_block": 53}}}, "35": {"id": 35, "start_x": 50, "start_y": 50, "id_label": "Red", "hex_color": "IndianRed", "player_number": 5, "instruction_set": 1, "instruction_set_label": "** New Instruction Set 1 ***", "parameter_set_player_groups": {"35": {"id": 85, "position": 1, "start_box": 10, "group_number": 2, "parameter_set_period_block": 35}, "36": {"id": 86, "position": 1, "start_box": 0, "group_number": 2, "parameter_set_period_block": 36}, "53": {"id": 138, "position": 1, "start_box": 0, "group_number": 2, "parameter_set_period_block": 53}}}, "36": {"id": 36, "start_x": 50, "start_y": 50, "id_label": "Purple", "hex_color": "MediumPurple", "player_number": 6, "instruction_set": 1, "instruction_set_label": "** New Instruction Set 1 ***", "parameter_set_player_groups": {"35": {"id": 87, "position": 2, "start_box": 20, "group_number": 2, "parameter_set_period_block": 35}, "36": {"id": 88, "position": 2, "start_box": 10, "group_number": 2, "parameter_set_period_block": 36}, "53": {"id": 139, "position": 2, "start_box": 10, "group_number": 2, "parameter_set_period_block": 53}}}, "37": {"id": 37, "start_x": 50, "start_y": 50, "id_label": "Blue", "hex_color": "CornflowerBlue", "player_number": 7, "instruction_set": 1, "instruction_set_label": "** New Instruction Set 1 ***", "parameter_set_player_groups": {"35": {"id": 89, "position": 3, "start_box": 30, "group_number": 2, "parameter_set_period_block": 35}, "36": {"id": 90, "position": 3, "start_box": 30, "group_number": 2, "parameter_set_period_block": 36}, "53": {"id": 140, "position": 3, "start_box": 30, "group_number": 2, "parameter_set_period_block": 53}}}, "38": {"id": 38, "start_x": 50, "start_y": 50, "id_label": "Orange", "hex_color": "Orange", "player_number": 8, "instruction_set": 1, "instruction_set_label": "** New Instruction Set 1 ***", "parameter_set_player_groups": {"35": {"id": 91, "position": 4, "start_box": 40, "group_number": 2, "parameter_set_period_block": 35}, "36": {"id": 92, "position": 4, "start_box": 40, "group_number": 2, "parameter_set_period_block": 36}, "53": {"id": 141, "position": 4, "start_box": 40, "group_number": 2, "parameter_set_period_block": 53}}}}, "parameter_set_treatments": {"26": {"id": 26, "costs": "0.0707,0.0707,0.0707,0.0707", "values": "1.4142,1.3999,1.3856,1.3713,1.3571,1.3428,1.3285,1.3142,1.2999,1.2856,1.2714,1.2571,1.2428,1.2285,1.2142,1.1999,1.1856,1.1714,1.1571,1.1428,1.1285,1.1142,1.0999,1.0856,1.0714,1.0571,1.0428,1.0285,1.0142,0.9999,0.9857,0.9714,0.9571,0.9428,0.9285,0.9142,0.8999,0.8857,0.8714,0.8571,0.8428,0.8285,0.8142,0.8000,0.7857,0.7714,0.7571,0.7428,0.7285,0.7142,0.7000,0.6857,0.6714,0.6571,0.6428,0.6285,0.6142,0.6000,0.5857,0.5714,0.5571,0.5428,0.5285,0.5143,0.5000,0.4857,0.4714,0.4571,0.4428,0.4285,0.4143,0.4000,0.3857,0.3714,0.3571,0.3428,0.3286,0.3143,0.3000,0.2857,0.2714,0.2571,0.2428,0.2286,0.2143,0.2000,0.1857,0.1714,0.1571,0.1428,0.1286,0.1143,0.1000,0.0857,0.0714,0.0571,0.0429,0.0286,0.0143,0.0000", "cost_area": "0.1000", "enable_chat": 1, "range_width": "1.4142", "scale_width": "1.4142", "cost_percent": "0.1000", "id_label_pst": "Area 1", "range_height": "1.4142", "revenue_area": "1.0000", "scale_height": "1.4142", "values_count": 100, "enable_contest": 1, "preserve_order": 1, "scale_height_ticks": 10, "enable_ready_button": 1, "enable_transfer_cents": 1}, "32": {"id": 32, "costs": "0.1273,0.1273,0.1273,0.1273", "values": "2.5455,2.5198,2.4941,2.4684,2.4427,2.4169,2.3912,2.3655,2.3398,2.3141,2.2884,2.2627,2.2370,2.2112,2.1855,2.1598,2.1341,2.1084,2.0827,2.0570,2.0313,2.0055,1.9798,1.9541,1.9284,1.9027,1.8770,1.8513,1.8256,1.7998,1.7741,1.7484,1.7227,1.6970,1.6713,1.6456,1.6199,1.5942,1.5684,1.5427,1.5170,1.4913,1.4656,1.4399,1.4142,1.3885,1.3627,1.3370,1.3113,1.2856,1.2599,1.2342,1.2085,1.1828,1.1570,1.1313,1.1056,1.0799,1.0542,1.0285,1.0028,0.9771,0.9513,0.9256,0.8999,0.8742,0.8485,0.8228,0.7971,0.7714,0.7457,0.7199,0.6942,0.6685,0.6428,0.6171,0.5914,0.5657,0.5400,0.5142,0.4885,0.4628,0.4371,0.4114,0.3857,0.3600,0.3343,0.3085,0.2828,0.2571,0.2314,0.2057,0.1800,0.1543,0.1286,0.1028,0.0771,0.0514,0.0257,0.0000", "cost_area": "0.9001", "enable_chat": 1, "range_width": "7.0710", "scale_width": "14.1420", "cost_percent": "0.1000", "id_label_pst": "Tall", "range_height": "2.5455", "revenue_area": "8.9996", "scale_height": "2.7500", "values_count": 100, "enable_contest": 1, "preserve_order": 0, "scale_height_ticks": 10, "enable_ready_button": 1, "enable_transfer_cents": 1}, "34": {"id": 34, "costs": "0.0636,0.0636,0.0636,0.0636", "values": "1.2729,1.2600,1.2472,1.2343,1.2215,1.2086,1.1958,1.1829,1.1700,1.1572,1.1443,1.1315,1.1186,1.1058,1.0929,1.0800,1.0672,1.0543,1.0415,1.0286,1.0157,1.0029,0.9900,0.9772,0.9643,0.9515,0.9386,0.9257,0.9129,0.9000,0.8872,0.8743,0.8615,0.8486,0.8357,0.8229,0.8100,0.7972,0.7843,0.7715,0.7586,0.7457,0.7329,0.7200,0.7072,0.6943,0.6815,0.6686,0.6557,0.6429,0.6300,0.6172,0.6043,0.5914,0.5786,0.5657,0.5529,0.5400,0.5272,0.5143,0.5014,0.4886,0.4757,0.4629,0.4500,0.4372,0.4243,0.4114,0.3986,0.3857,0.3729,0.3600,0.3472,0.3343,0.3214,0.3086,0.2957,0.2829,0.2700,0.2572,0.2443,0.2314,0.2186,0.2057,0.1929,0.1800,0.1671,0.1543,0.1414,0.1286,0.1157,0.1029,0.0900,0.0771,0.0643,0.0514,0.0386,0.0257,0.0129,-0.0000", "cost_area": "0.8994", "enable_chat": 1, "range_width": "14.1420", "scale_width": "14.1420", "cost_percent": "0.1000", "id_label_pst": "Wide", "range_height": "1.2729", "revenue_area": "9.0007", "scale_height": "2.7500", "values_count": 100, "enable_contest": 1, "preserve_order": 0, "scale_height_ticks": 10, "enable_ready_button": 1, "enable_transfer_cents": 1}}, "prolific_completion_link": "", "parameter_set_periodblocks": {"35": {"id": 35, "help_doc": null, "period_end": 10, "inheritance": "Preset", "period_start": 1, "help_doc_title": null, "parameter_set_treatment": 26}, "36": {"id": 36, "help_doc": null, "period_end": 20, "inheritance": "Copy", "period_start": 11, "help_doc_title": null, "parameter_set_treatment": 32}, "53": {"id": 53, "help_doc": null, "period_end": 30, "inheritance": "Midpoint", "period_start": 21, "help_doc_title": null, "parameter_set_treatment": 32}}, "parameter_set_players_order": [17, 18, 19, 20, 35, 36, 37, 38], "parameter_set_treatments_order": [26, 32, 34], "parameter_set_periodblocks_order": [35, 36, 53]}, "timestamp": "2025-01-29T23:52:15.910Z", "updated": "2025-03-27T20:51:29.101Z"}}, {"model": "main.parameterset", "pk": 3, "fields": {"period_length": 1, "show_instructions": true, "survey_required": false, "survey_link": "", "prolific_mode": false, "prolific_completion_link": "", "inheritance_window": 10, "reconnection_limit": 25, "test_mode": false, "json_for_session": {"id": 3, "test_mode": 0, "survey_link": "", "period_length": 1, "prolific_mode": 0, "survey_required": 0, "show_instructions": 1, "inheritance_window": 10, "reconnection_limit": 25, "parameter_set_players": {"50": {"id": 50, "start_x": 50, "start_y": 50, "id_label": "Red", "hex_color": "IndianRed", "player_number": 1, "instruction_set": 1, "instruction_set_label": "** New Instruction Set 1 ***", "parameter_set_player_groups": {"51": {"id": 118, "position": 1, "start_box": 0, "group_number": 1, "parameter_set_period_block": 51}, "52": {"id": 119, "position": 1, "start_box": 0, "group_number": 1, "parameter_set_period_block": 52}}}, "51": {"id": 51, "start_x": 50, "start_y": 50, "id_label": "Purple", "hex_color": "MediumPurple", "player_number": 2, "instruction_set": 1, "instruction_set_label": "** New Instruction Set 1 ***", "parameter_set_player_groups": {"51": {"id": 120, "position": 2, "start_box": 0, "group_number": 1, "parameter_set_period_block": 51}, "52": {"id": 121, "position": 2, "start_box": 0, "group_number": 1, "parameter_set_period_block": 52}}}, "52": {"id": 52, "start_x": 50, "start_y": 50, "id_label": "Blue", "hex_color": "CornflowerBlue", "player_number": 3, "instruction_set": 1, "instruction_set_label": "** New Instruction Set 1 ***", "parameter_set_player_groups": {"51": {"id": 122, "position": 3, "start_box": 0, "group_number": 1, "parameter_set_period_block": 51}, "52": {"id": 123, "position": 3, "start_box": 0, "group_number": 1, "parameter_set_period_block": 52}}}, "53": {"id": 53, "start_x": 50, "start_y": 50, "id_label": "Orange", "hex_color": "Orange", "player_number": 4, "instruction_set": 1, "instruction_set_label": "** New Instruction Set 1 ***", "parameter_set_player_groups": {"51": {"id": 124, "position": 4, "start_box": 0, "group_number": 1, "parameter_set_period_block": 51}, "52": {"id": 125, "position": 4, "start_box": 0, "group_number": 1, "parameter_set_period_block": 52}}}, "54": {"id": 54, "start_x": 50, "start_y": 50, "id_label": "Red", "hex_color": "IndianRed", "player_number": 5, "instruction_set": 1, "instruction_set_label": "** New Instruction Set 1 ***", "parameter_set_player_groups": {"51": {"id": 126, "position": 1, "start_box": 0, "group_number": 2, "parameter_set_period_block": 51}, "52": {"id": 127, "position": 1, "start_box": 0, "group_number": 2, "parameter_set_period_block": 52}}}, "55": {"id": 55, "start_x": 50, "start_y": 50, "id_label": "Purple", "hex_color": "MediumPurple", "player_number": 6, "instruction_set": 1, "instruction_set_label": "** New Instruction Set 1 ***", "parameter_set_player_groups": {"51": {"id": 128, "position": 2, "start_box": 0, "group_number": 2, "parameter_set_period_block": 51}, "52": {"id": 129, "position": 2, "start_box": 0, "group_number": 2, "parameter_set_period_block": 52}}}, "56": {"id": 56, "start_x": 50, "start_y": 50, "id_label": "Blue", "hex_color": "CornflowerBlue", "player_number": 7, "instruction_set": 1, "instruction_set_label": "** New Instruction Set 1 ***", "parameter_set_player_groups": {"51": {"id": 130, "position": 3, "start_box": 0, "group_number": 2, "parameter_set_period_block": 51}, "52": {"id": 131, "position": 3, "start_box": 0, "group_number": 2, "parameter_set_period_block": 52}}}, "57": {"id": 57, "start_x": 50, "start_y": 50, "id_label": "Orange", "hex_color": "Orange", "player_number": 8, "instruction_set": 1, "instruction_set_label": "** New Instruction Set 1 ***", "parameter_set_player_groups": {"51": {"id": 132, "position": 4, "start_box": 0, "group_number": 2, "parameter_set_period_block": 51}, "52": {"id": 133, "position": 4, "start_box": 0, "group_number": 2, "parameter_set_period_block": 52}}}}, "parameter_set_treatments": {"44": {"id": 44, "costs": "0.0707,0.0707,0.0707,0.0707", "values": "1.4142,1.3999,1.3856,1.3713,1.3571,1.3428,1.3285,1.3142,1.2999,1.2856,1.2714,1.2571,1.2428,1.2285,1.2142,1.1999,1.1856,1.1714,1.1571,1.1428,1.1285,1.1142,1.0999,1.0856,1.0714,1.0571,1.0428,1.0285,1.0142,0.9999,0.9857,0.9714,0.9571,0.9428,0.9285,0.9142,0.8999,0.8857,0.8714,0.8571,0.8428,0.8285,0.8142,0.8000,0.7857,0.7714,0.7571,0.7428,0.7285,0.7142,0.7000,0.6857,0.6714,0.6571,0.6428,0.6285,0.6142,0.6000,0.5857,0.5714,0.5571,0.5428,0.5285,0.5143,0.5000,0.4857,0.4714,0.4571,0.4428,0.4285,0.4143,0.4000,0.3857,0.3714,0.3571,0.3428,0.3286,0.3143,0.3000,0.2857,0.2714,0.2571,0.2428,0.2286,0.2143,0.2000,0.1857,0.1714,0.1571,0.1428,0.1286,0.1143,0.1000,0.0857,0.0714,0.0571,0.0429,0.0286,0.0143,0.0000", "cost_area": "0.1000", "enable_chat": 1, "range_width": "1.4142", "scale_width": "1.4142", "cost_percent": "0.1000", "id_label_pst": "Area 1", "range_height": "1.4142", "revenue_area": "1.0000", "scale_height": "1.4142", "values_count": 100, "enable_contest": 1, "preserve_order": 1, "scale_height_ticks": 10, "enable_ready_button": 1, "enable_transfer_cents": 1}, "45": {"id": 45, "costs": "0.1273,0.1273,0.1273,0.1273", "values": "2.5455,2.5198,2.4941,2.4684,2.4427,2.4169,2.3912,2.3655,2.3398,2.3141,2.2884,2.2627,2.2370,2.2112,2.1855,2.1598,2.1341,2.1084,2.0827,2.0570,2.0313,2.0055,1.9798,1.9541,1.9284,1.9027,1.8770,1.8513,1.8256,1.7998,1.7741,1.7484,1.7227,1.6970,1.6713,1.6456,1.6199,1.5942,1.5684,1.5427,1.5170,1.4913,1.4656,1.4399,1.4142,1.3885,1.3627,1.3370,1.3113,1.2856,1.2599,1.2342,1.2085,1.1828,1.1570,1.1313,1.1056,1.0799,1.0542,1.0285,1.0028,0.9771,0.9513,0.9256,0.8999,0.8742,0.8485,0.8228,0.7971,0.7714,0.7457,0.7199,0.6942,0.6685,0.6428,0.6171,0.5914,0.5657,0.5400,0.5142,0.4885,0.4628,0.4371,0.4114,0.3857,0.3600,0.3343,0.3085,0.2828,0.2571,0.2314,0.2057,0.1800,0.1543,0.1286,0.1028,0.0771,0.0514,0.0257,0.0000", "cost_area": "0.9001", "enable_chat": 1, "range_width": "7.0710", "scale_width": "14.1420", "cost_percent": "0.1000", "id_label_pst": "Tall", "range_height": "2.5455", "revenue_area": "8.9996", "scale_height": "2.7500", "values_count": 100, "enable_contest": 1, "preserve_order": 0, "scale_height_ticks": 10, "enable_ready_button": 1, "enable_transfer_cents": 1}, "46": {"id": 46, "costs": "0.0636,0.0636,0.0636,0.0636", "values": "1.2729,1.2600,1.2472,1.2343,1.2215,1.2086,1.1958,1.1829,1.1700,1.1572,1.1443,1.1315,1.1186,1.1058,1.0929,1.0800,1.0672,1.0543,1.0415,1.0286,1.0157,1.0029,0.9900,0.9772,0.9643,0.9515,0.9386,0.9257,0.9129,0.9000,0.8872,0.8743,0.8615,0.8486,0.8357,0.8229,0.8100,0.7972,0.7843,0.7715,0.7586,0.7457,0.7329,0.7200,0.7072,0.6943,0.6815,0.6686,0.6557,0.6429,0.6300,0.6172,0.6043,0.5914,0.5786,0.5657,0.5529,0.5400,0.5272,0.5143,0.5014,0.4886,0.4757,0.4629,0.4500,0.4372,0.4243,0.4114,0.3986,0.3857,0.3729,0.3600,0.3472,0.3343,0.3214,0.3086,0.2957,0.2829,0.2700,0.2572,0.2443,0.2314,0.2186,0.2057,0.1929,0.1800,0.1671,0.1543,0.1414,0.1286,0.1157,0.1029,0.0900,0.0771,0.0643,0.0514,0.0386,0.0257,0.0129,-0.0000", "cost_area": "0.8994", "enable_chat": 1, "range_width": "14.1420", "scale_width": "14.1420", "cost_percent": "0.1000", "id_label_pst": "Wide", "range_height": "1.2729", "revenue_area": "9.0007", "scale_height": "2.7500", "values_count": 100, "enable_contest": 1, "preserve_order": 0, "scale_height_ticks": 10, "enable_ready_button": 1, "enable_transfer_cents": 1}}, "prolific_completion_link": "", "parameter_set_periodblocks": {"51": {"id": 51, "help_doc": null, "period_end": 6, "inheritance": "Preset", "period_start": 5, "help_doc_title": null, "parameter_set_treatment": 44}, "52": {"id": 52, "help_doc": null, "period_end": 20, "inheritance": "Copy", "period_start": 11, "help_doc_title": null, "parameter_set_treatment": 45}}, "parameter_set_players_order": [50, 51, 52, 53, 54, 55, 56, 57], "parameter_set_treatments_order": [44, 45, 46], "parameter_set_periodblocks_order": [51, 52]}, "timestamp": "2025-01-31T18:10:56.167Z", "updated": "2025-03-27T18:35:30.510Z"}}, {"model": "main.parameterset", "pk": 4, "fields": {"period_length": 1, "show_instructions": true, "survey_required": false, "survey_link": "", "prolific_mode": false, "prolific_completion_link": "", "inheritance_window": 10, "reconnection_limit": 25, "test_mode": false, "json_for_session": {"id": 4, "test_mode": 0, "survey_link": "", "period_length": 1, "prolific_mode": 0, "survey_required": 0, "show_instructions": 1, "inheritance_window": 10, "reconnection_limit": 25, "parameter_set_players": {"58": {"id": 58, "start_x": 50, "start_y": 50, "id_label": "Red", "hex_color": "IndianRed", "player_number": 1, "instruction_set": 1, "instruction_set_label": "** New Instruction Set 1 ***", "parameter_set_player_groups": {"54": {"id": 142, "position": 1, "start_box": 0, "group_number": 1, "parameter_set_period_block": 54}, "55": {"id": 143, "position": 1, "start_box": 0, "group_number": 1, "parameter_set_period_block": 55}, "56": {"id": 144, "position": 1, "start_box": 0, "group_number": 1, "parameter_set_period_block": 56}}}}, "parameter_set_treatments": {"47": {"id": 47, "costs": "0.0707,0.0707,0.0707,0.0707", "values": "1.4142,1.3999,1.3856,1.3713,1.3571,1.3428,1.3285,1.3142,1.2999,1.2856,1.2714,1.2571,1.2428,1.2285,1.2142,1.1999,1.1856,1.1714,1.1571,1.1428,1.1285,1.1142,1.0999,1.0856,1.0714,1.0571,1.0428,1.0285,1.0142,0.9999,0.9857,0.9714,0.9571,0.9428,0.9285,0.9142,0.8999,0.8857,0.8714,0.8571,0.8428,0.8285,0.8142,0.8000,0.7857,0.7714,0.7571,0.7428,0.7285,0.7142,0.7000,0.6857,0.6714,0.6571,0.6428,0.6285,0.6142,0.6000,0.5857,0.5714,0.5571,0.5428,0.5285,0.5143,0.5000,0.4857,0.4714,0.4571,0.4428,0.4285,0.4143,0.4000,0.3857,0.3714,0.3571,0.3428,0.3286,0.3143,0.3000,0.2857,0.2714,0.2571,0.2428,0.2286,0.2143,0.2000,0.1857,0.1714,0.1571,0.1428,0.1286,0.1143,0.1000,0.0857,0.0714,0.0571,0.0429,0.0286,0.0143,0.0000", "cost_area": "0.1000", "enable_chat": 1, "range_width": "1.4142", "scale_width": "1.4142", "cost_percent": "0.1000", "id_label_pst": "Area 1", "range_height": "1.4142", "revenue_area": "1.0000", "scale_height": "1.4142", "values_count": 100, "enable_contest": 1, "preserve_order": 1, "scale_height_ticks": 10, "enable_ready_button": 1, "enable_transfer_cents": 1}, "48": {"id": 48, "costs": "0.1273,0.1273,0.1273,0.1273", "values": "2.5455,2.5198,2.4941,2.4684,2.4427,2.4169,2.3912,2.3655,2.3398,2.3141,2.2884,2.2627,2.2370,2.2112,2.1855,2.1598,2.1341,2.1084,2.0827,2.0570,2.0313,2.0055,1.9798,1.9541,1.9284,1.9027,1.8770,1.8513,1.8256,1.7998,1.7741,1.7484,1.7227,1.6970,1.6713,1.6456,1.6199,1.5942,1.5684,1.5427,1.5170,1.4913,1.4656,1.4399,1.4142,1.3885,1.3627,1.3370,1.3113,1.2856,1.2599,1.2342,1.2085,1.1828,1.1570,1.1313,1.1056,1.0799,1.0542,1.0285,1.0028,0.9771,0.9513,0.9256,0.8999,0.8742,0.8485,0.8228,0.7971,0.7714,0.7457,0.7199,0.6942,0.6685,0.6428,0.6171,0.5914,0.5657,0.5400,0.5142,0.4885,0.4628,0.4371,0.4114,0.3857,0.3600,0.3343,0.3085,0.2828,0.2571,0.2314,0.2057,0.1800,0.1543,0.1286,0.1028,0.0771,0.0514,0.0257,0.0000", "cost_area": "0.9001", "enable_chat": 1, "range_width": "7.0710", "scale_width": "14.1420", "cost_percent": "0.1000", "id_label_pst": "Tall", "range_height": "2.5455", "revenue_area": "8.9996", "scale_height": "2.7500", "values_count": 100, "enable_contest": 1, "preserve_order": 0, "scale_height_ticks": 10, "enable_ready_button": 1, "enable_transfer_cents": 1}, "49": {"id": 49, "costs": "0.0636,0.0636,0.0636,0.0636", "values": "1.2729,1.2600,1.2472,1.2343,1.2215,1.2086,1.1958,1.1829,1.1700,1.1572,1.1443,1.1315,1.1186,1.1058,1.0929,1.0800,1.0672,1.0543,1.0415,1.0286,1.0157,1.0029,0.9900,0.9772,0.9643,0.9515,0.9386,0.9257,0.9129,0.9000,0.8872,0.8743,0.8615,0.8486,0.8357,0.8229,0.8100,0.7972,0.7843,0.7715,0.7586,0.7457,0.7329,0.7200,0.7072,0.6943,0.6815,0.6686,0.6557,0.6429,0.6300,0.6172,0.6043,0.5914,0.5786,0.5657,0.5529,0.5400,0.5272,0.5143,0.5014,0.4886,0.4757,0.4629,0.4500,0.4372,0.4243,0.4114,0.3986,0.3857,0.3729,0.3600,0.3472,0.3343,0.3214,0.3086,0.2957,0.2829,0.2700,0.2572,0.2443,0.2314,0.2186,0.2057,0.1929,0.1800,0.1671,0.1543,0.1414,0.1286,0.1157,0.1029,0.0900,0.0771,0.0643,0.0514,0.0386,0.0257,0.0129,-0.0000", "cost_area": "0.8994", "enable_chat": 1, "range_width": "14.1420", "scale_width": "14.1420", "cost_percent": "0.1000", "id_label_pst": "Wide", "range_height": "1.2729", "revenue_area": "9.0007", "scale_height": "2.7500", "values_count": 100, "enable_contest": 1, "preserve_order": 0, "scale_height_ticks": 10, "enable_ready_button": 1, "enable_transfer_cents": 1}}, "prolific_completion_link": "", "parameter_set_periodblocks": {"54": {"id": 54, "help_doc": null, "period_end": 10, "inheritance": "Preset", "period_start": 1, "help_doc_title": null, "parameter_set_treatment": 47}, "55": {"id": 55, "help_doc": null, "period_end": 20, "inheritance": "Copy", "period_start": 11, "help_doc_title": null, "parameter_set_treatment": 48}, "56": {"id": 56, "help_doc": null, "period_end": 30, "inheritance": "Midpoint", "period_start": 21, "help_doc_title": null, "parameter_set_treatment": 48}}, "parameter_set_players_order": [58], "parameter_set_treatments_order": [47, 48, 49], "parameter_set_periodblocks_order": [54, 55, 56]}, "timestamp": "2025-03-27T18:44:59.212Z", "updated": "2025-03-27T18:45:26.288Z"}}, {"model": "main.parametersetplayer", "pk": 17, "fields": {"parameter_set": 2, "instruction_set": 1, "id_label": "Red", "player_number": 1, "start_x": 50, "start_y": 50, "hex_color": "IndianRed", "timestamp": "2025-02-06T23:19:07.975Z", "updated": "2025-03-13T23:47:30.849Z"}}, {"model": "main.parametersetplayer", "pk": 18, "fields": {"parameter_set": 2, "instruction_set": 1, "id_label": "Purple", "player_number": 2, "start_x": 50, "start_y": 50, "hex_color": "MediumPurple", "timestamp": "2025-02-06T23:19:07.999Z", "updated": "2025-03-13T23:47:30.871Z"}}, {"model": "main.parametersetplayer", "pk": 19, "fields": {"parameter_set": 2, "instruction_set": 1, "id_label": "Blue", "player_number": 3, "start_x": 50, "start_y": 50, "hex_color": "CornflowerBlue", "timestamp": "2025-02-06T23:19:08.020Z", "updated": "2025-03-13T23:47:30.892Z"}}, {"model": "main.parametersetplayer", "pk": 20, "fields": {"parameter_set": 2, "instruction_set": 1, "id_label": "Orange", "player_number": 4, "start_x": 50, "start_y": 50, "hex_color": "Orange", "timestamp": "2025-02-06T23:19:08.044Z", "updated": "2025-03-13T23:47:30.915Z"}}, {"model": "main.parametersetplayer", "pk": 35, "fields": {"parameter_set": 2, "instruction_set": 1, "id_label": "Red", "player_number": 5, "start_x": 50, "start_y": 50, "hex_color": "IndianRed", "timestamp": "2025-03-13T23:47:32.762Z", "updated": "2025-03-13T23:47:32.769Z"}}, {"model": "main.parametersetplayer", "pk": 36, "fields": {"parameter_set": 2, "instruction_set": 1, "id_label": "Purple", "player_number": 6, "start_x": 50, "start_y": 50, "hex_color": "MediumPurple", "timestamp": "2025-03-13T23:47:38.137Z", "updated": "2025-03-13T23:47:38.144Z"}}, {"model": "main.parametersetplayer", "pk": 37, "fields": {"parameter_set": 2, "instruction_set": 1, "id_label": "Blue", "player_number": 7, "start_x": 50, "start_y": 50, "hex_color": "CornflowerBlue", "timestamp": "2025-03-13T23:47:40.341Z", "updated": "2025-03-13T23:47:40.347Z"}}, {"model": "main.parametersetplayer", "pk": 38, "fields": {"parameter_set": 2, "instruction_set": 1, "id_label": "Orange", "player_number": 8, "start_x": 50, "start_y": 50, "hex_color": "Orange", "timestamp": "2025-03-13T23:47:42.471Z", "updated": "2025-03-13T23:47:42.479Z"}}, {"model": "main.parametersetplayer", "pk": 50, "fields": {"parameter_set": 3, "instruction_set": 1, "id_label": "Red", "player_number": 1, "start_x": 50, "start_y": 50, "hex_color": "IndianRed", "timestamp": "2025-03-27T18:06:11.246Z", "updated": "2025-03-27T18:06:11.460Z"}}, {"model": "main.parametersetplayer", "pk": 51, "fields": {"parameter_set": 3, "instruction_set": 1, "id_label": "Purple", "player_number": 2, "start_x": 50, "start_y": 50, "hex_color": "MediumPurple", "timestamp": "2025-03-27T18:06:11.272Z", "updated": "2025-03-27T18:06:11.480Z"}}, {"model": "main.parametersetplayer", "pk": 52, "fields": {"parameter_set": 3, "instruction_set": 1, "id_label": "Blue", "player_number": 3, "start_x": 50, "start_y": 50, "hex_color": "CornflowerBlue", "timestamp": "2025-03-27T18:06:11.296Z", "updated": "2025-03-27T18:06:11.500Z"}}, {"model": "main.parametersetplayer", "pk": 53, "fields": {"parameter_set": 3, "instruction_set": 1, "id_label": "Orange", "player_number": 4, "start_x": 50, "start_y": 50, "hex_color": "Orange", "timestamp": "2025-03-27T18:06:11.322Z", "updated": "2025-03-27T18:06:11.519Z"}}, {"model": "main.parametersetplayer", "pk": 54, "fields": {"parameter_set": 3, "instruction_set": 1, "id_label": "Red", "player_number": 5, "start_x": 50, "start_y": 50, "hex_color": "IndianRed", "timestamp": "2025-03-27T18:06:11.345Z", "updated": "2025-03-27T18:06:11.539Z"}}, {"model": "main.parametersetplayer", "pk": 55, "fields": {"parameter_set": 3, "instruction_set": 1, "id_label": "Purple", "player_number": 6, "start_x": 50, "start_y": 50, "hex_color": "MediumPurple", "timestamp": "2025-03-27T18:06:11.369Z", "updated": "2025-03-27T18:06:11.558Z"}}, {"model": "main.parametersetplayer", "pk": 56, "fields": {"parameter_set": 3, "instruction_set": 1, "id_label": "Blue", "player_number": 7, "start_x": 50, "start_y": 50, "hex_color": "CornflowerBlue", "timestamp": "2025-03-27T18:06:11.392Z", "updated": "2025-03-27T18:06:11.578Z"}}, {"model": "main.parametersetplayer", "pk": 57, "fields": {"parameter_set": 3, "instruction_set": 1, "id_label": "Orange", "player_number": 8, "start_x": 50, "start_y": 50, "hex_color": "Orange", "timestamp": "2025-03-27T18:06:11.419Z", "updated": "2025-03-27T18:06:11.598Z"}}, {"model": "main.parametersetplayer", "pk": 58, "fields": {"parameter_set": 4, "instruction_set": 1, "id_label": "Red", "player_number": 1, "start_x": 50, "start_y": 50, "hex_color": "IndianRed", "timestamp": "2025-03-27T18:45:08.810Z", "updated": "2025-03-27T18:45:26.274Z"}}, {"model": "main.parametersettreatment", "pk": 26, "fields": {"parameter_set": 2, "id_label_pst": "Area 1", "range_width": "1.4142", "range_height": "1.4142", "scale_width": "1.4142", "scale_height": "1.4142", "values": "1.4142,1.3999,1.3856,1.3713,1.3571,1.3428,1.3285,1.3142,1.2999,1.2856,1.2714,1.2571,1.2428,1.2285,1.2142,1.1999,1.1856,1.1714,1.1571,1.1428,1.1285,1.1142,1.0999,1.0856,1.0714,1.0571,1.0428,1.0285,1.0142,0.9999,0.9857,0.9714,0.9571,0.9428,0.9285,0.9142,0.8999,0.8857,0.8714,0.8571,0.8428,0.8285,0.8142,0.8000,0.7857,0.7714,0.7571,0.7428,0.7285,0.7142,0.7000,0.6857,0.6714,0.6571,0.6428,0.6285,0.6142,0.6000,0.5857,0.5714,0.5571,0.5428,0.5285,0.5143,0.5000,0.4857,0.4714,0.4571,0.4428,0.4285,0.4143,0.4000,0.3857,0.3714,0.3571,0.3428,0.3286,0.3143,0.3000,0.2857,0.2714,0.2571,0.2428,0.2286,0.2143,0.2000,0.1857,0.1714,0.1571,0.1428,0.1286,0.1143,0.1000,0.0857,0.0714,0.0571,0.0429,0.0286,0.0143,0.0000", "values_count": 100, "scale_height_ticks": 10, "costs": "0.0707,0.0707,0.0707,0.0707", "cost_percent": "0.1000", "cost_area": "0.1000", "revenue_area": "1.0000", "preserve_order": true, "enable_chat": true, "enable_transfer_cents": true, "enable_contest": true, "enable_ready_button": true, "timestamp": "2025-02-06T23:19:07.919Z", "updated": "2025-03-27T18:35:46.020Z"}}, {"model": "main.parametersettreatment", "pk": 32, "fields": {"parameter_set": 2, "id_label_pst": "Tall", "range_width": "7.0710", "range_height": "2.5455", "scale_width": "14.1420", "scale_height": "2.7500", "values": "2.5455,2.5198,2.4941,2.4684,2.4427,2.4169,2.3912,2.3655,2.3398,2.3141,2.2884,2.2627,2.2370,2.2112,2.1855,2.1598,2.1341,2.1084,2.0827,2.0570,2.0313,2.0055,1.9798,1.9541,1.9284,1.9027,1.8770,1.8513,1.8256,1.7998,1.7741,1.7484,1.7227,1.6970,1.6713,1.6456,1.6199,1.5942,1.5684,1.5427,1.5170,1.4913,1.4656,1.4399,1.4142,1.3885,1.3627,1.3370,1.3113,1.2856,1.2599,1.2342,1.2085,1.1828,1.1570,1.1313,1.1056,1.0799,1.0542,1.0285,1.0028,0.9771,0.9513,0.9256,0.8999,0.8742,0.8485,0.8228,0.7971,0.7714,0.7457,0.7199,0.6942,0.6685,0.6428,0.6171,0.5914,0.5657,0.5400,0.5142,0.4885,0.4628,0.4371,0.4114,0.3857,0.3600,0.3343,0.3085,0.2828,0.2571,0.2314,0.2057,0.1800,0.1543,0.1286,0.1028,0.0771,0.0514,0.0257,0.0000", "values_count": 100, "scale_height_ticks": 10, "costs": "0.1273,0.1273,0.1273,0.1273", "cost_percent": "0.1000", "cost_area": "0.9001", "revenue_area": "8.9996", "preserve_order": false, "enable_chat": true, "enable_transfer_cents": true, "enable_contest": true, "enable_ready_button": true, "timestamp": "2025-03-13T15:49:18.690Z", "updated": "2025-03-27T18:35:48.094Z"}}, {"model": "main.parametersettreatment", "pk": 34, "fields": {"parameter_set": 2, "id_label_pst": "Wide", "range_width": "14.1420", "range_height": "1.2729", "scale_width": "14.1420", "scale_height": "2.7500", "values": "1.2729,1.2600,1.2472,1.2343,1.2215,1.2086,1.1958,1.1829,1.1700,1.1572,1.1443,1.1315,1.1186,1.1058,1.0929,1.0800,1.0672,1.0543,1.0415,1.0286,1.0157,1.0029,0.9900,0.9772,0.9643,0.9515,0.9386,0.9257,0.9129,0.9000,0.8872,0.8743,0.8615,0.8486,0.8357,0.8229,0.8100,0.7972,0.7843,0.7715,0.7586,0.7457,0.7329,0.7200,0.7072,0.6943,0.6815,0.6686,0.6557,0.6429,0.6300,0.6172,0.6043,0.5914,0.5786,0.5657,0.5529,0.5400,0.5272,0.5143,0.5014,0.4886,0.4757,0.4629,0.4500,0.4372,0.4243,0.4114,0.3986,0.3857,0.3729,0.3600,0.3472,0.3343,0.3214,0.3086,0.2957,0.2829,0.2700,0.2572,0.2443,0.2314,0.2186,0.2057,0.1929,0.1800,0.1671,0.1543,0.1414,0.1286,0.1157,0.1029,0.0900,0.0771,0.0643,0.0514,0.0386,0.0257,0.0129,-0.0000", "values_count": 100, "scale_height_ticks": 10, "costs": "0.0636,0.0636,0.0636,0.0636", "cost_percent": "0.1000", "cost_area": "0.8994", "revenue_area": "9.0007", "preserve_order": false, "enable_chat": true, "enable_transfer_cents": true, "enable_contest": true, "enable_ready_button": true, "timestamp": "2025-03-13T15:51:37.373Z", "updated": "2025-03-27T18:35:50.337Z"}}, {"model": "main.parametersettreatment", "pk": 44, "fields": {"parameter_set": 3, "id_label_pst": "Area 1", "range_width": "1.4142", "range_height": "1.4142", "scale_width": "1.4142", "scale_height": "1.4142", "values": "1.4142,1.3999,1.3856,1.3713,1.3571,1.3428,1.3285,1.3142,1.2999,1.2856,1.2714,1.2571,1.2428,1.2285,1.2142,1.1999,1.1856,1.1714,1.1571,1.1428,1.1285,1.1142,1.0999,1.0856,1.0714,1.0571,1.0428,1.0285,1.0142,0.9999,0.9857,0.9714,0.9571,0.9428,0.9285,0.9142,0.8999,0.8857,0.8714,0.8571,0.8428,0.8285,0.8142,0.8000,0.7857,0.7714,0.7571,0.7428,0.7285,0.7142,0.7000,0.6857,0.6714,0.6571,0.6428,0.6285,0.6142,0.6000,0.5857,0.5714,0.5571,0.5428,0.5285,0.5143,0.5000,0.4857,0.4714,0.4571,0.4428,0.4285,0.4143,0.4000,0.3857,0.3714,0.3571,0.3428,0.3286,0.3143,0.3000,0.2857,0.2714,0.2571,0.2428,0.2286,0.2143,0.2000,0.1857,0.1714,0.1571,0.1428,0.1286,0.1143,0.1000,0.0857,0.0714,0.0571,0.0429,0.0286,0.0143,0.0000", "values_count": 100, "scale_height_ticks": 10, "costs": "0.0707,0.0707,0.0707,0.0707", "cost_percent": "0.1000", "cost_area": "0.1000", "revenue_area": "1.0000", "preserve_order": true, "enable_chat": true, "enable_transfer_cents": true, "enable_contest": true, "enable_ready_button": true, "timestamp": "2025-03-27T18:06:11.161Z", "updated": "2025-03-27T18:35:25.949Z"}}, {"model": "main.parametersettreatment", "pk": 45, "fields": {"parameter_set": 3, "id_label_pst": "Tall", "range_width": "7.0710", "range_height": "2.5455", "scale_width": "14.1420", "scale_height": "2.7500", "values": "2.5455,2.5198,2.4941,2.4684,2.4427,2.4169,2.3912,2.3655,2.3398,2.3141,2.2884,2.2627,2.2370,2.2112,2.1855,2.1598,2.1341,2.1084,2.0827,2.0570,2.0313,2.0055,1.9798,1.9541,1.9284,1.9027,1.8770,1.8513,1.8256,1.7998,1.7741,1.7484,1.7227,1.6970,1.6713,1.6456,1.6199,1.5942,1.5684,1.5427,1.5170,1.4913,1.4656,1.4399,1.4142,1.3885,1.3627,1.3370,1.3113,1.2856,1.2599,1.2342,1.2085,1.1828,1.1570,1.1313,1.1056,1.0799,1.0542,1.0285,1.0028,0.9771,0.9513,0.9256,0.8999,0.8742,0.8485,0.8228,0.7971,0.7714,0.7457,0.7199,0.6942,0.6685,0.6428,0.6171,0.5914,0.5657,0.5400,0.5142,0.4885,0.4628,0.4371,0.4114,0.3857,0.3600,0.3343,0.3085,0.2828,0.2571,0.2314,0.2057,0.1800,0.1543,0.1286,0.1028,0.0771,0.0514,0.0257,0.0000", "values_count": 100, "scale_height_ticks": 10, "costs": "0.1273,0.1273,0.1273,0.1273", "cost_percent": "0.1000", "cost_area": "0.9001", "revenue_area": "8.9996", "preserve_order": false, "enable_chat": true, "enable_transfer_cents": true, "enable_contest": true, "enable_ready_button": true, "timestamp": "2025-03-27T18:06:11.172Z", "updated": "2025-03-27T18:35:28.330Z"}}, {"model": "main.parametersettreatment", "pk": 46, "fields": {"parameter_set": 3, "id_label_pst": "Wide", "range_width": "14.1420", "range_height": "1.2729", "scale_width": "14.1420", "scale_height": "2.7500", "values": "1.2729,1.2600,1.2472,1.2343,1.2215,1.2086,1.1958,1.1829,1.1700,1.1572,1.1443,1.1315,1.1186,1.1058,1.0929,1.0800,1.0672,1.0543,1.0415,1.0286,1.0157,1.0029,0.9900,0.9772,0.9643,0.9515,0.9386,0.9257,0.9129,0.9000,0.8872,0.8743,0.8615,0.8486,0.8357,0.8229,0.8100,0.7972,0.7843,0.7715,0.7586,0.7457,0.7329,0.7200,0.7072,0.6943,0.6815,0.6686,0.6557,0.6429,0.6300,0.6172,0.6043,0.5914,0.5786,0.5657,0.5529,0.5400,0.5272,0.5143,0.5014,0.4886,0.4757,0.4629,0.4500,0.4372,0.4243,0.4114,0.3986,0.3857,0.3729,0.3600,0.3472,0.3343,0.3214,0.3086,0.2957,0.2829,0.2700,0.2572,0.2443,0.2314,0.2186,0.2057,0.1929,0.1800,0.1671,0.1543,0.1414,0.1286,0.1157,0.1029,0.0900,0.0771,0.0643,0.0514,0.0386,0.0257,0.0129,-0.0000", "values_count": 100, "scale_height_ticks": 10, "costs": "0.0636,0.0636,0.0636,0.0636", "cost_percent": "0.1000", "cost_area": "0.8994", "revenue_area": "9.0007", "preserve_order": false, "enable_chat": true, "enable_transfer_cents": true, "enable_contest": true, "enable_ready_button": true, "timestamp": "2025-03-27T18:06:11.185Z", "updated": "2025-03-27T18:35:30.499Z"}}, {"model": "main.parametersettreatment", "pk": 47, "fields": {"parameter_set": 4, "id_label_pst": "Area 1", "range_width": "1.4142", "range_height": "1.4142", "scale_width": "1.4142", "scale_height": "1.4142", "values": "1.4142,1.3999,1.3856,1.3713,1.3571,1.3428,1.3285,1.3142,1.2999,1.2856,1.2714,1.2571,1.2428,1.2285,1.2142,1.1999,1.1856,1.1714,1.1571,1.1428,1.1285,1.1142,1.0999,1.0856,1.0714,1.0571,1.0428,1.0285,1.0142,0.9999,0.9857,0.9714,0.9571,0.9428,0.9285,0.9142,0.8999,0.8857,0.8714,0.8571,0.8428,0.8285,0.8142,0.8000,0.7857,0.7714,0.7571,0.7428,0.7285,0.7142,0.7000,0.6857,0.6714,0.6571,0.6428,0.6285,0.6142,0.6000,0.5857,0.5714,0.5571,0.5428,0.5285,0.5143,0.5000,0.4857,0.4714,0.4571,0.4428,0.4285,0.4143,0.4000,0.3857,0.3714,0.3571,0.3428,0.3286,0.3143,0.3000,0.2857,0.2714,0.2571,0.2428,0.2286,0.2143,0.2000,0.1857,0.1714,0.1571,0.1428,0.1286,0.1143,0.1000,0.0857,0.0714,0.0571,0.0429,0.0286,0.0143,0.0000", "values_count": 100, "scale_height_ticks": 10, "costs": "0.0707,0.0707,0.0707,0.0707", "cost_percent": "0.1000", "cost_area": "0.1000", "revenue_area": "1.0000", "preserve_order": true, "enable_chat": true, "enable_transfer_cents": true, "enable_contest": true, "enable_ready_button": true, "timestamp": "2025-03-27T18:45:08.731Z", "updated": "2025-03-27T18:45:08.743Z"}}, {"model": "main.parametersettreatment", "pk": 48, "fields": {"parameter_set": 4, "id_label_pst": "Tall", "range_width": "7.0710", "range_height": "2.5455", "scale_width": "14.1420", "scale_height": "2.7500", "values": "2.5455,2.5198,2.4941,2.4684,2.4427,2.4169,2.3912,2.3655,2.3398,2.3141,2.2884,2.2627,2.2370,2.2112,2.1855,2.1598,2.1341,2.1084,2.0827,2.0570,2.0313,2.0055,1.9798,1.9541,1.9284,1.9027,1.8770,1.8513,1.8256,1.7998,1.7741,1.7484,1.7227,1.6970,1.6713,1.6456,1.6199,1.5942,1.5684,1.5427,1.5170,1.4913,1.4656,1.4399,1.4142,1.3885,1.3627,1.3370,1.3113,1.2856,1.2599,1.2342,1.2085,1.1828,1.1570,1.1313,1.1056,1.0799,1.0542,1.0285,1.0028,0.9771,0.9513,0.9256,0.8999,0.8742,0.8485,0.8228,0.7971,0.7714,0.7457,0.7199,0.6942,0.6685,0.6428,0.6171,0.5914,0.5657,0.5400,0.5142,0.4885,0.4628,0.4371,0.4114,0.3857,0.3600,0.3343,0.3085,0.2828,0.2571,0.2314,0.2057,0.1800,0.1543,0.1286,0.1028,0.0771,0.0514,0.0257,0.0000", "values_count": 100, "scale_height_ticks": 10, "costs": "0.1273,0.1273,0.1273,0.1273", "cost_percent": "0.1000", "cost_area": "0.9001", "revenue_area": "8.9996", "preserve_order": false, "enable_chat": true, "enable_transfer_cents": true, "enable_contest": true, "enable_ready_button": true, "timestamp": "2025-03-27T18:45:08.748Z", "updated": "2025-03-27T18:45:08.752Z"}}, {"model": "main.parametersettreatment", "pk": 49, "fields": {"parameter_set": 4, "id_label_pst": "Wide", "range_width": "14.1420", "range_height": "1.2729", "scale_width": "14.1420", "scale_height": "2.7500", "values": "1.2729,1.2600,1.2472,1.2343,1.2215,1.2086,1.1958,1.1829,1.1700,1.1572,1.1443,1.1315,1.1186,1.1058,1.0929,1.0800,1.0672,1.0543,1.0415,1.0286,1.0157,1.0029,0.9900,0.9772,0.9643,0.9515,0.9386,0.9257,0.9129,0.9000,0.8872,0.8743,0.8615,0.8486,0.8357,0.8229,0.8100,0.7972,0.7843,0.7715,0.7586,0.7457,0.7329,0.7200,0.7072,0.6943,0.6815,0.6686,0.6557,0.6429,0.6300,0.6172,0.6043,0.5914,0.5786,0.5657,0.5529,0.5400,0.5272,0.5143,0.5014,0.4886,0.4757,0.4629,0.4500,0.4372,0.4243,0.4114,0.3986,0.3857,0.3729,0.3600,0.3472,0.3343,0.3214,0.3086,0.2957,0.2829,0.2700,0.2572,0.2443,0.2314,0.2186,0.2057,0.1929,0.1800,0.1671,0.1543,0.1414,0.1286,0.1157,0.1029,0.0900,0.0771,0.0643,0.0514,0.0386,0.0257,0.0129,-0.0000", "values_count": 100, "scale_height_ticks": 10, "costs": "0.0636,0.0636,0.0636,0.0636", "cost_percent": "0.1000", "cost_area": "0.8994", "revenue_area": "9.0007", "preserve_order": false, "enable_chat": true, "enable_transfer_cents": true, "enable_contest": true, "enable_ready_button": true, "timestamp": "2025-03-27T18:45:08.757Z", "updated": "2025-03-27T18:45:08.762Z"}}, {"model": "main.parametersetperiodblock", "pk": 35, "fields": {"parameter_set": 2, "parameter_set_treatment": 26, "help_doc": null, "period_start": 1, "period_end": 10, "inheritance": "Preset", "timestamp": "2025-02-06T23:19:07.942Z", "updated": "2025-03-26T21:17:23.940Z"}}, {"model": "main.parametersetperiodblock", "pk": 36, "fields": {"parameter_set": 2, "parameter_set_treatment": 32, "help_doc": null, "period_start": 11, "period_end": 20, "inheritance": "Copy", "timestamp": "2025-02-13T00:02:20.225Z", "updated": "2025-03-26T22:25:18.488Z"}}, {"model": "main.parametersetperiodblock", "pk": 51, "fields": {"parameter_set": 3, "parameter_set_treatment": 44, "help_doc": null, "period_start": 5, "period_end": 6, "inheritance": "Preset", "timestamp": "2025-03-27T18:06:11.206Z", "updated": "2025-03-27T18:34:36.428Z"}}, {"model": "main.parametersetperiodblock", "pk": 52, "fields": {"parameter_set": 3, "parameter_set_treatment": 45, "help_doc": null, "period_start": 11, "period_end": 20, "inheritance": "Copy", "timestamp": "2025-03-27T18:06:11.220Z", "updated": "2025-03-27T18:06:11.229Z"}}, {"model": "main.parametersetperiodblock", "pk": 53, "fields": {"parameter_set": 2, "parameter_set_treatment": 32, "help_doc": null, "period_start": 21, "period_end": 30, "inheritance": "Midpoint", "timestamp": "2025-03-27T18:39:50.035Z", "updated": "2025-03-27T18:40:22.648Z"}}, {"model": "main.parametersetperiodblock", "pk": 54, "fields": {"parameter_set": 4, "parameter_set_treatment": 47, "help_doc": null, "period_start": 1, "period_end": 10, "inheritance": "Preset", "timestamp": "2025-03-27T18:45:08.768Z", "updated": "2025-03-27T18:45:08.777Z"}}, {"model": "main.parametersetperiodblock", "pk": 55, "fields": {"parameter_set": 4, "parameter_set_treatment": 48, "help_doc": null, "period_start": 11, "period_end": 20, "inheritance": "Copy", "timestamp": "2025-03-27T18:45:08.782Z", "updated": "2025-03-27T18:45:08.790Z"}}, {"model": "main.parametersetperiodblock", "pk": 56, "fields": {"parameter_set": 4, "parameter_set_treatment": 48, "help_doc": null, "period_start": 21, "period_end": 30, "inheritance": "Midpoint", "timestamp": "2025-03-27T18:45:08.795Z", "updated": "2025-03-27T18:45:08.803Z"}}, {"model": "main.parametersetplayergroup", "pk": 28, "fields": {"parameter_set_player": 17, "parameter_set_period_block": 35, "group_number": 1, "position": 1, "start_box": 10, "timestamp": "2025-02-06T23:19:07.987Z", "updated": "2025-02-17T16:47:34.677Z"}}, {"model": "main.parametersetplayergroup", "pk": 29, "fields": {"parameter_set_player": 18, "parameter_set_period_block": 35, "group_number": 1, "position": 2, "start_box": 20, "timestamp": "2025-02-06T23:19:08.009Z", "updated": "2025-02-17T16:47:37.941Z"}}, {"model": "main.parametersetplayergroup", "pk": 30, "fields": {"parameter_set_player": 19, "parameter_set_period_block": 35, "group_number": 1, "position": 3, "start_box": 30, "timestamp": "2025-02-06T23:19:08.029Z", "updated": "2025-02-17T16:47:41.032Z"}}, {"model": "main.parametersetplayergroup", "pk": 31, "fields": {"parameter_set_player": 20, "parameter_set_period_block": 35, "group_number": 1, "position": 4, "start_box": 40, "timestamp": "2025-02-06T23:19:08.054Z", "updated": "2025-02-17T16:47:44.819Z"}}, {"model": "main.parametersetplayergroup", "pk": 32, "fields": {"parameter_set_player": 17, "parameter_set_period_block": 36, "group_number": 1, "position": 1, "start_box": 0, "timestamp": "2025-02-13T00:02:20.250Z", "updated": "2025-02-13T00:02:20.250Z"}}, {"model": "main.parametersetplayergroup", "pk": 33, "fields": {"parameter_set_player": 18, "parameter_set_period_block": 36, "group_number": 1, "position": 2, "start_box": 0, "timestamp": "2025-02-13T00:02:20.255Z", "updated": "2025-03-27T20:51:06.735Z"}}, {"model": "main.parametersetplayergroup", "pk": 34, "fields": {"parameter_set_player": 19, "parameter_set_period_block": 36, "group_number": 1, "position": 3, "start_box": 0, "timestamp": "2025-02-13T00:02:20.259Z", "updated": "2025-03-27T20:51:09.946Z"}}, {"model": "main.parametersetplayergroup", "pk": 35, "fields": {"parameter_set_player": 20, "parameter_set_period_block": 36, "group_number": 1, "position": 4, "start_box": 0, "timestamp": "2025-02-13T00:02:20.263Z", "updated": "2025-03-27T20:51:12.398Z"}}, {"model": "main.parametersetplayergroup", "pk": 85, "fields": {"parameter_set_player": 35, "parameter_set_period_block": 35, "group_number": 2, "position": 1, "start_box": 10, "timestamp": "2025-03-13T23:47:32.779Z", "updated": "2025-03-13T23:47:32.779Z"}}, {"model": "main.parametersetplayergroup", "pk": 86, "fields": {"parameter_set_player": 35, "parameter_set_period_block": 36, "group_number": 2, "position": 1, "start_box": 0, "timestamp": "2025-03-13T23:47:32.785Z", "updated": "2025-03-13T23:47:32.785Z"}}, {"model": "main.parametersetplayergroup", "pk": 87, "fields": {"parameter_set_player": 36, "parameter_set_period_block": 35, "group_number": 2, "position": 2, "start_box": 20, "timestamp": "2025-03-13T23:47:38.152Z", "updated": "2025-03-13T23:47:38.152Z"}}, {"model": "main.parametersetplayergroup", "pk": 88, "fields": {"parameter_set_player": 36, "parameter_set_period_block": 36, "group_number": 2, "position": 2, "start_box": 10, "timestamp": "2025-03-13T23:47:38.158Z", "updated": "2025-03-13T23:47:38.158Z"}}, {"model": "main.parametersetplayergroup", "pk": 89, "fields": {"parameter_set_player": 37, "parameter_set_period_block": 35, "group_number": 2, "position": 3, "start_box": 30, "timestamp": "2025-03-13T23:47:40.356Z", "updated": "2025-03-13T23:47:40.356Z"}}, {"model": "main.parametersetplayergroup", "pk": 90, "fields": {"parameter_set_player": 37, "parameter_set_period_block": 36, "group_number": 2, "position": 3, "start_box": 30, "timestamp": "2025-03-13T23:47:40.362Z", "updated": "2025-03-13T23:47:40.362Z"}}, {"model": "main.parametersetplayergroup", "pk": 91, "fields": {"parameter_set_player": 38, "parameter_set_period_block": 35, "group_number": 2, "position": 4, "start_box": 40, "timestamp": "2025-03-13T23:47:42.487Z", "updated": "2025-03-13T23:47:42.487Z"}}, {"model": "main.parametersetplayergroup", "pk": 92, "fields": {"parameter_set_player": 38, "parameter_set_period_block": 36, "group_number": 2, "position": 4, "start_box": 40, "timestamp": "2025-03-13T23:47:42.494Z", "updated": "2025-03-13T23:47:42.494Z"}}, {"model": "main.parametersetplayergroup", "pk": 118, "fields": {"parameter_set_player": 50, "parameter_set_period_block": 51, "group_number": 1, "position": 1, "start_box": 0, "timestamp": "2025-03-27T18:06:11.256Z", "updated": "2025-03-27T18:06:11.256Z"}}, {"model": "main.parametersetplayergroup", "pk": 119, "fields": {"parameter_set_player": 50, "parameter_set_period_block": 52, "group_number": 1, "position": 1, "start_box": 0, "timestamp": "2025-03-27T18:06:11.261Z", "updated": "2025-03-27T18:06:11.261Z"}}, {"model": "main.parametersetplayergroup", "pk": 120, "fields": {"parameter_set_player": 51, "parameter_set_period_block": 51, "group_number": 1, "position": 2, "start_box": 0, "timestamp": "2025-03-27T18:06:11.281Z", "updated": "2025-03-27T18:06:11.281Z"}}, {"model": "main.parametersetplayergroup", "pk": 121, "fields": {"parameter_set_player": 51, "parameter_set_period_block": 52, "group_number": 1, "position": 2, "start_box": 0, "timestamp": "2025-03-27T18:06:11.286Z", "updated": "2025-03-27T18:06:11.286Z"}}, {"model": "main.parametersetplayergroup", "pk": 122, "fields": {"parameter_set_player": 52, "parameter_set_period_block": 51, "group_number": 1, "position": 3, "start_box": 0, "timestamp": "2025-03-27T18:06:11.306Z", "updated": "2025-03-27T18:06:11.306Z"}}, {"model": "main.parametersetplayergroup", "pk": 123, "fields": {"parameter_set_player": 52, "parameter_set_period_block": 52, "group_number": 1, "position": 3, "start_box": 0, "timestamp": "2025-03-27T18:06:11.311Z", "updated": "2025-03-27T18:06:11.311Z"}}, {"model": "main.parametersetplayergroup", "pk": 124, "fields": {"parameter_set_player": 53, "parameter_set_period_block": 51, "group_number": 1, "position": 4, "start_box": 0, "timestamp": "2025-03-27T18:06:11.331Z", "updated": "2025-03-27T18:06:11.331Z"}}, {"model": "main.parametersetplayergroup", "pk": 125, "fields": {"parameter_set_player": 53, "parameter_set_period_block": 52, "group_number": 1, "position": 4, "start_box": 0, "timestamp": "2025-03-27T18:06:11.335Z", "updated": "2025-03-27T18:06:11.335Z"}}, {"model": "main.parametersetplayergroup", "pk": 126, "fields": {"parameter_set_player": 54, "parameter_set_period_block": 51, "group_number": 2, "position": 1, "start_box": 0, "timestamp": "2025-03-27T18:06:11.354Z", "updated": "2025-03-27T18:06:11.354Z"}}, {"model": "main.parametersetplayergroup", "pk": 127, "fields": {"parameter_set_player": 54, "parameter_set_period_block": 52, "group_number": 2, "position": 1, "start_box": 0, "timestamp": "2025-03-27T18:06:11.358Z", "updated": "2025-03-27T18:06:11.358Z"}}, {"model": "main.parametersetplayergroup", "pk": 128, "fields": {"parameter_set_player": 55, "parameter_set_period_block": 51, "group_number": 2, "position": 2, "start_box": 0, "timestamp": "2025-03-27T18:06:11.377Z", "updated": "2025-03-27T18:06:11.377Z"}}, {"model": "main.parametersetplayergroup", "pk": 129, "fields": {"parameter_set_player": 55, "parameter_set_period_block": 52, "group_number": 2, "position": 2, "start_box": 0, "timestamp": "2025-03-27T18:06:11.381Z", "updated": "2025-03-27T18:06:11.381Z"}}, {"model": "main.parametersetplayergroup", "pk": 130, "fields": {"parameter_set_player": 56, "parameter_set_period_block": 51, "group_number": 2, "position": 3, "start_box": 0, "timestamp": "2025-03-27T18:06:11.404Z", "updated": "2025-03-27T18:06:11.404Z"}}, {"model": "main.parametersetplayergroup", "pk": 131, "fields": {"parameter_set_player": 56, "parameter_set_period_block": 52, "group_number": 2, "position": 3, "start_box": 0, "timestamp": "2025-03-27T18:06:11.409Z", "updated": "2025-03-27T18:06:11.409Z"}}, {"model": "main.parametersetplayergroup", "pk": 132, "fields": {"parameter_set_player": 57, "parameter_set_period_block": 51, "group_number": 2, "position": 4, "start_box": 0, "timestamp": "2025-03-27T18:06:11.428Z", "updated": "2025-03-27T18:06:11.428Z"}}, {"model": "main.parametersetplayergroup", "pk": 133, "fields": {"parameter_set_player": 57, "parameter_set_period_block": 52, "group_number": 2, "position": 4, "start_box": 0, "timestamp": "2025-03-27T18:06:11.433Z", "updated": "2025-03-27T18:06:11.433Z"}}, {"model": "main.parametersetplayergroup", "pk": 134, "fields": {"parameter_set_player": 17, "parameter_set_period_block": 53, "group_number": 1, "position": 1, "start_box": 1, "timestamp": "2025-03-27T18:39:50.079Z", "updated": "2025-03-27T20:51:21.986Z"}}, {"model": "main.parametersetplayergroup", "pk": 135, "fields": {"parameter_set_player": 18, "parameter_set_period_block": 53, "group_number": 1, "position": 2, "start_box": 1, "timestamp": "2025-03-27T18:39:50.093Z", "updated": "2025-03-27T20:51:24.342Z"}}, {"model": "main.parametersetplayergroup", "pk": 136, "fields": {"parameter_set_player": 19, "parameter_set_period_block": 53, "group_number": 1, "position": 3, "start_box": 1, "timestamp": "2025-03-27T18:39:50.106Z", "updated": "2025-03-27T20:51:26.635Z"}}, {"model": "main.parametersetplayergroup", "pk": 137, "fields": {"parameter_set_player": 20, "parameter_set_period_block": 53, "group_number": 1, "position": 4, "start_box": 1, "timestamp": "2025-03-27T18:39:50.118Z", "updated": "2025-03-27T20:51:29.032Z"}}, {"model": "main.parametersetplayergroup", "pk": 138, "fields": {"parameter_set_player": 35, "parameter_set_period_block": 53, "group_number": 2, "position": 1, "start_box": 0, "timestamp": "2025-03-27T18:39:50.143Z", "updated": "2025-03-27T18:39:50.149Z"}}, {"model": "main.parametersetplayergroup", "pk": 139, "fields": {"parameter_set_player": 36, "parameter_set_period_block": 53, "group_number": 2, "position": 2, "start_box": 10, "timestamp": "2025-03-27T18:39:50.155Z", "updated": "2025-03-27T18:39:50.161Z"}}, {"model": "main.parametersetplayergroup", "pk": 140, "fields": {"parameter_set_player": 37, "parameter_set_period_block": 53, "group_number": 2, "position": 3, "start_box": 30, "timestamp": "2025-03-27T18:39:50.167Z", "updated": "2025-03-27T18:39:50.172Z"}}, {"model": "main.parametersetplayergroup", "pk": 141, "fields": {"parameter_set_player": 38, "parameter_set_period_block": 53, "group_number": 2, "position": 4, "start_box": 40, "timestamp": "2025-03-27T18:39:50.180Z", "updated": "2025-03-27T18:39:50.186Z"}}, {"model": "main.parametersetplayergroup", "pk": 142, "fields": {"parameter_set_player": 58, "parameter_set_period_block": 54, "group_number": 1, "position": 1, "start_box": 0, "timestamp": "2025-03-27T18:45:08.819Z", "updated": "2025-03-27T18:45:08.819Z"}}, {"model": "main.parametersetplayergroup", "pk": 143, "fields": {"parameter_set_player": 58, "parameter_set_period_block": 55, "group_number": 1, "position": 1, "start_box": 0, "timestamp": "2025-03-27T18:45:08.824Z", "updated": "2025-03-27T18:45:08.824Z"}}, {"model": "main.parametersetplayergroup", "pk": 144, "fields": {"parameter_set_player": 58, "parameter_set_period_block": 56, "group_number": 1, "position": 1, "start_box": 0, "timestamp": "2025-03-27T18:45:08.830Z", "updated": "2025-03-27T18:45:08.830Z"}}, {"model": "main.session", "pk": 2, "fields": {"parameter_set": 2, "creator": 1, "title": "T1", "start_date": "2025-03-25", "channel_key": "e82a171f-a549-4d32-b4aa-38023c5a52ad", "session_key": "302d4cc7-46e5-4068-8b8d-41489423f28c", "id_string": "fpmguk", "controlling_channel": "specific.9f475943f1414fa0b50af75d4a38d061!5765977dc0e94517bfa0d8cfb217254c", "started": false, "shared": false, "locked": false, "invitation_text": "", "invitation_subject": "", "world_state": {}, "replay_data": null, "period_block_data": {}, "website_instance_id": null, "soft_delete": false, "timestamp": "2025-01-29T23:52:15.926Z", "updated": "2025-03-27T18:36:26.887Z", "collaborators": []}}, {"model": "main.session", "pk": 3, "fields": {"parameter_set": 3, "creator": 1, "title": "T2", "start_date": "2025-03-27", "channel_key": "f4a02fb5-4bf1-416e-b15d-09d3eb366cfe", "session_key": "7b19be54-3e87-474a-8138-1cde7a7a8baf", "id_string": "ugkvgc", "controlling_channel": "specific.2d705f5bf8e94a3eac90d134bab410a9!ffb2063efa0242d0b7ee163a83305d3c", "started": false, "shared": false, "locked": false, "invitation_text": "", "invitation_subject": "", "world_state": {}, "replay_data": null, "period_block_data": {}, "website_instance_id": null, "soft_delete": false, "timestamp": "2025-01-31T18:10:56.191Z", "updated": "2025-03-27T18:36:11.155Z", "collaborators": []}}, {"model": "main.session", "pk": 4, "fields": {"parameter_set": 4, "creator": 1, "title": "*** New Session ***", "start_date": "2025-03-27", "channel_key": "935bf7eb-9f60-4067-b3c8-724b270dd12b", "session_key": "8da126a6-4f14-491d-aff7-39c5c2ac4750", "id_string": "zlwyzy", "controlling_channel": "specific.866b9b844e6142aeb4c6e45d0000febd!f95ee6709b204b02afb9690b7581c74c", "started": false, "shared": false, "locked": false, "invitation_text": "", "invitation_subject": "", "world_state": {}, "replay_data": null, "period_block_data": {}, "website_instance_id": null, "soft_delete": false, "timestamp": "2025-03-27T18:44:59.228Z", "updated": "2025-03-27T19:42:02.111Z", "collaborators": []}}, {"model": "main.sessionplayer", "pk": 141, "fields": {"session": 2, "parameter_set_player": 17, "player_number": 1, "player_key": "201d0a70-2333-4ba0-bb8f-5e1b72b3e70b", "connecting": false, "connected_count": 6, "name": "", "student_id": "", "email": null, "earnings": 0, "name_submitted": false, "current_instruction": 1, "current_instruction_complete": 0, "instructions_finished": false, "survey_complete": false, "chat_display_history": [], "timestamp": "2025-03-13T23:47:42.570Z", "updated": "2025-03-27T00:55:35.349Z"}}, {"model": "main.sessionplayer", "pk": 142, "fields": {"session": 2, "parameter_set_player": 18, "player_number": 2, "player_key": "7509d8af-38a9-48f3-8267-97d9a4775121", "connecting": false, "connected_count": 3, "name": "", "student_id": "", "email": null, "earnings": 0, "name_submitted": false, "current_instruction": 1, "current_instruction_complete": 0, "instructions_finished": false, "survey_complete": false, "chat_display_history": [], "timestamp": "2025-03-13T23:47:42.576Z", "updated": "2025-03-27T00:55:35.353Z"}}, {"model": "main.sessionplayer", "pk": 143, "fields": {"session": 2, "parameter_set_player": 19, "player_number": 3, "player_key": "abab56b5-c625-4aaf-bf01-4be295c9436b", "connecting": false, "connected_count": 1, "name": "", "student_id": "", "email": null, "earnings": 0, "name_submitted": false, "current_instruction": 1, "current_instruction_complete": 0, "instructions_finished": false, "survey_complete": false, "chat_display_history": [], "timestamp": "2025-03-13T23:47:42.581Z", "updated": "2025-03-27T00:55:35.358Z"}}, {"model": "main.sessionplayer", "pk": 144, "fields": {"session": 2, "parameter_set_player": 20, "player_number": 4, "player_key": "acd2960e-4c85-4006-b49b-ba6dae4aafab", "connecting": false, "connected_count": 1, "name": "", "student_id": "", "email": null, "earnings": 0, "name_submitted": false, "current_instruction": 1, "current_instruction_complete": 0, "instructions_finished": false, "survey_complete": false, "chat_display_history": [], "timestamp": "2025-03-13T23:47:42.587Z", "updated": "2025-03-27T00:55:35.362Z"}}, {"model": "main.sessionplayer", "pk": 145, "fields": {"session": 2, "parameter_set_player": 35, "player_number": 5, "player_key": "87a4a6bd-07e5-4770-8234-912c63752192", "connecting": false, "connected_count": 1, "name": "", "student_id": "", "email": null, "earnings": 0, "name_submitted": false, "current_instruction": 1, "current_instruction_complete": 0, "instructions_finished": false, "survey_complete": false, "chat_display_history": [], "timestamp": "2025-03-13T23:47:42.592Z", "updated": "2025-03-27T00:55:35.367Z"}}, {"model": "main.sessionplayer", "pk": 146, "fields": {"session": 2, "parameter_set_player": 36, "player_number": 6, "player_key": "aeb6b146-3a28-4af7-8c8b-9314b668df45", "connecting": false, "connected_count": 1, "name": "", "student_id": "", "email": null, "earnings": 0, "name_submitted": false, "current_instruction": 1, "current_instruction_complete": 0, "instructions_finished": false, "survey_complete": false, "chat_display_history": [], "timestamp": "2025-03-13T23:47:42.597Z", "updated": "2025-03-27T00:55:35.372Z"}}, {"model": "main.sessionplayer", "pk": 147, "fields": {"session": 2, "parameter_set_player": 37, "player_number": 7, "player_key": "b2ac59d9-7bd6-4bcc-9778-1884052ce2a3", "connecting": false, "connected_count": 1, "name": "", "student_id": "", "email": null, "earnings": 0, "name_submitted": false, "current_instruction": 1, "current_instruction_complete": 0, "instructions_finished": false, "survey_complete": false, "chat_display_history": [], "timestamp": "2025-03-13T23:47:42.602Z", "updated": "2025-03-27T00:55:35.377Z"}}, {"model": "main.sessionplayer", "pk": 148, "fields": {"session": 2, "parameter_set_player": 38, "player_number": 8, "player_key": "9416a3ae-5f19-4066-9f78-3790178890d7", "connecting": false, "connected_count": 1, "name": "", "student_id": "", "email": null, "earnings": 0, "name_submitted": false, "current_instruction": 1, "current_instruction_complete": 0, "instructions_finished": false, "survey_complete": false, "chat_display_history": [], "timestamp": "2025-03-13T23:47:42.608Z", "updated": "2025-03-27T00:55:35.381Z"}}, {"model": "main.sessionplayer", "pk": 197, "fields": {"session": 3, "parameter_set_player": 50, "player_number": 1, "player_key": "b06747bf-378d-4818-8c4a-1992c527865a", "connecting": false, "connected_count": 0, "name": "", "student_id": "", "email": null, "earnings": 0, "name_submitted": false, "current_instruction": 1, "current_instruction_complete": 0, "instructions_finished": false, "survey_complete": false, "chat_display_history": [], "timestamp": "2025-03-27T18:06:11.610Z", "updated": "2025-03-27T18:31:05.840Z"}}, {"model": "main.sessionplayer", "pk": 198, "fields": {"session": 3, "parameter_set_player": 51, "player_number": 2, "player_key": "c222ebeb-c507-4c52-88ea-88c74361cca4", "connecting": false, "connected_count": 0, "name": "", "student_id": "", "email": null, "earnings": 0, "name_submitted": false, "current_instruction": 1, "current_instruction_complete": 0, "instructions_finished": false, "survey_complete": false, "chat_display_history": [], "timestamp": "2025-03-27T18:06:11.614Z", "updated": "2025-03-27T18:31:05.845Z"}}, {"model": "main.sessionplayer", "pk": 199, "fields": {"session": 3, "parameter_set_player": 52, "player_number": 3, "player_key": "dd4bdcdb-1edb-4995-9451-36cd988436ba", "connecting": false, "connected_count": 0, "name": "", "student_id": "", "email": null, "earnings": 0, "name_submitted": false, "current_instruction": 1, "current_instruction_complete": 0, "instructions_finished": false, "survey_complete": false, "chat_display_history": [], "timestamp": "2025-03-27T18:06:11.619Z", "updated": "2025-03-27T18:31:05.852Z"}}, {"model": "main.sessionplayer", "pk": 200, "fields": {"session": 3, "parameter_set_player": 53, "player_number": 4, "player_key": "b33cf146-61a6-45ec-8de2-d995113b28c0", "connecting": false, "connected_count": 0, "name": "", "student_id": "", "email": null, "earnings": 0, "name_submitted": false, "current_instruction": 1, "current_instruction_complete": 0, "instructions_finished": false, "survey_complete": false, "chat_display_history": [], "timestamp": "2025-03-27T18:06:11.624Z", "updated": "2025-03-27T18:31:05.859Z"}}, {"model": "main.sessionplayer", "pk": 201, "fields": {"session": 3, "parameter_set_player": 54, "player_number": 5, "player_key": "7e5f4be2-1956-4828-8591-2b165c9023b4", "connecting": false, "connected_count": 0, "name": "", "student_id": "", "email": null, "earnings": 0, "name_submitted": false, "current_instruction": 1, "current_instruction_complete": 0, "instructions_finished": false, "survey_complete": false, "chat_display_history": [], "timestamp": "2025-03-27T18:06:11.629Z", "updated": "2025-03-27T18:31:05.867Z"}}, {"model": "main.sessionplayer", "pk": 202, "fields": {"session": 3, "parameter_set_player": 55, "player_number": 6, "player_key": "64de21b4-9c47-46e8-922c-53c2e9b95039", "connecting": false, "connected_count": 0, "name": "", "student_id": "", "email": null, "earnings": 0, "name_submitted": false, "current_instruction": 1, "current_instruction_complete": 0, "instructions_finished": false, "survey_complete": false, "chat_display_history": [], "timestamp": "2025-03-27T18:06:11.634Z", "updated": "2025-03-27T18:31:05.873Z"}}, {"model": "main.sessionplayer", "pk": 203, "fields": {"session": 3, "parameter_set_player": 56, "player_number": 7, "player_key": "983fabe0-6f9e-4a08-ab98-49b6659f8824", "connecting": false, "connected_count": 0, "name": "", "student_id": "", "email": null, "earnings": 0, "name_submitted": false, "current_instruction": 1, "current_instruction_complete": 0, "instructions_finished": false, "survey_complete": false, "chat_display_history": [], "timestamp": "2025-03-27T18:06:11.638Z", "updated": "2025-03-27T18:31:05.877Z"}}, {"model": "main.sessionplayer", "pk": 204, "fields": {"session": 3, "parameter_set_player": 57, "player_number": 8, "player_key": "b73711a8-3b3d-4db5-b136-27b7eb38b1e3", "connecting": false, "connected_count": 0, "name": "", "student_id": "", "email": null, "earnings": 0, "name_submitted": false, "current_instruction": 1, "current_instruction_complete": 0, "instructions_finished": false, "survey_complete": false, "chat_display_history": [], "timestamp": "2025-03-27T18:06:11.643Z", "updated": "2025-03-27T18:31:05.883Z"}}, {"model": "main.sessionplayer", "pk": 240, "fields": {"session": 4, "parameter_set_player": 58, "player_number": 1, "player_key": "148713ca-6f27-4c21-a422-a36463d32494", "connecting": false, "connected_count": 8, "name": "", "student_id": "", "email": null, "earnings": 0, "name_submitted": false, "current_instruction": 1, "current_instruction_complete": 0, "instructions_finished": false, "survey_complete": false, "chat_display_history": [], "timestamp": "2025-03-27T18:45:26.306Z", "updated": "2025-03-27T19:54:35.387Z"}}]