[{"model": "main.parameters", "pk": 1, "fields": {"contact_email": "JohnSmith@abc.edu", "experiment_time_zone": "US/Pacific", "site_url": "http://localhost:8000", "invitation_text": "", "invitation_subject": "", "default_parameter_set": null, "timestamp": "2025-02-05T18:52:16.798Z", "updated": "2025-02-05T18:52:16.798Z"}}, {"model": "main.profile", "pk": 1, "fields": {"can_edit_instructions": false, "mfa_hash": null, "mfa_required": false, "mfa_setup_complete": false, "timestamp": "2025-02-05T18:52:16.364Z", "updated": "2025-02-05T18:52:16.365Z"}}, {"model": "main.profileloginattempt", "pk": 1, "fields": {"profile": 1, "success": true, "note": null, "timestamp": "2025-02-05T18:52:37.981Z", "updated": "2025-02-05T18:52:37.981Z"}}, {"model": "main.profileloginattempt", "pk": 2, "fields": {"profile": 1, "success": true, "note": null, "timestamp": "2025-02-19T21:28:29.518Z", "updated": "2025-02-19T21:28:29.518Z"}}, {"model": "main.profileloginattempt", "pk": 3, "fields": {"profile": 1, "success": true, "note": null, "timestamp": "2025-03-05T21:47:22.952Z", "updated": "2025-03-05T21:47:22.952Z"}}, {"model": "main.profileloginattempt", "pk": 4, "fields": {"profile": 1, "success": true, "note": null, "timestamp": "2025-03-24T17:36:45.291Z", "updated": "2025-03-24T17:36:45.291Z"}}, {"model": "main.profileloginattempt", "pk": 5, "fields": {"profile": 1, "success": true, "note": null, "timestamp": "2025-04-07T18:25:29.751Z", "updated": "2025-04-07T18:25:29.751Z"}}, {"model": "main.instructionset", "pk": 1, "fields": {"label": "One", "action_page_1": 2, "action_page_2": 3, "action_page_3": 100, "action_page_4": 100, "action_page_5": 100, "action_page_6": 100, "p1_example_start_range": 0, "p1_example_end_range": 0, "p2_example_start_range": 11, "p2_example_end_range": 20, "p3_example_start_range": 21, "p3_example_end_range": 30, "p4_example_start_range": 31, "p4_example_end_range": 40, "timestamp": "2025-02-05T18:53:36.177Z", "updated": "2025-03-17T19:38:31.221Z"}}, {"model": "main.instruction", "pk": 15, "fields": {"instruction_set": 1, "text_html": "<p><strong><span style=\"font-size: 14pt;\">Welcome &nbsp;</span></strong></p>\n<p><span style=\"font-size: 14pt;\">This is an experiment in the economics of decision-making. The instructions are simple; if you follow them carefully and make good decisions, you can earn a considerable amount of money that will be paid to you privately at the end of the experiment.</span></p>\n<p><span style=\"font-size: 14pt;\">In this experiment, your color is&nbsp;<strong>#id_label#</strong>.</span></p>\n<p><span style=\"font-size: 14pt;\">You and the other #player_count-1# people in your group each set a range. The ranges you and your group members select determine your earnings each period.</span></p>\n<p><span style=\"font-size: 14pt;\">Continue to the next page of the instructions by pressing the<strong> </strong><span style=\"background-color: #0d6efd; color: #ffffff;\">Next <span class=\"far fa-arrow-alt-circle-right\">&nbsp;</span></span><strong>&nbsp;</strong>button.</span></p>", "page_number": 1, "timestamp": "2025-03-17T19:38:31.230Z", "updated": "2025-03-17T19:38:31.230Z"}}, {"model": "main.instruction", "pk": 16, "fields": {"instruction_set": 1, "text_html": "<p><span style=\"font-size: 14pt;\"><strong>Revenue Bars</strong></span></p>\n<p><span style=\"font-size: 14pt;\">Along the horizontal axis there is a set of revenue bars. The higher the bar, the more valuable the bar is. You and the other members in your group will each submit a range using the \"Start\" and \"End\" handles at the bottom of your screens.&nbsp;<span style=\"font-size: 18.6667px;\"><span style=\"font-size: 14pt;\"><span style=\"font-size: 18.6667px;\"><span style=\"font-size: 14pt;\">You can select any contiguous range, from&nbsp;one bar up to the entire range of bars. However, anywhere your range overlaps with another person in your group, you must split the revenue of that bar equally.&nbsp;</span></span></span></span></span></p>\n<p><span style=\"font-size: 14pt;\"><span style=\"font-size: 18.6667px;\"><span style=\"font-size: 14pt;\"><span style=\"font-size: 18.6667px;\"><span style=\"font-size: 14pt;\">You must also pay a cost for each bar in your range, which we represent on the graph with a light #id_label# color. You will lose money if the cost you pay exceeds the revenue you earn for any given bar. Any bar&nbsp;you lose money on will display a \"!\". The graph displays bars outside of all ranges in a white color. Bars within one or more ranges display a stacked graph of the current occupants.</span></span></span></span></span></p>\n<p><span style=\"font-size: 14pt;\"><span style=\"font-size: 18.6667px;\"><span style=\"font-size: 14pt;\"><span style=\"font-size: 18.6667px;\"><span style=\"font-size: 14pt;\">Try moving the range handles by&nbsp;<span style=\"font-size: 18.6667px;\"><span style=\"font-size: 14pt;\"><span style=\"font-size: 18.6667px;\"><span style=\"font-size: 14pt;\">left-clicking <img src=\"../../../../../static/left_click.png\" alt=\"\" width=\"25\" height=\"33\"></span></span></span></span> and dragging them to a new position. <span style=\"font-size: 18.6667px;\"><span style=\"font-size: 14pt;\"><span style=\"font-size: 18.6667px;\"><span style=\"font-size: 14pt;\"><span style=\"background-color: #bfedd2;\">Do this now</span>.</span></span></span></span></span></span></span></span></span></p>\n<p><span style=\"font-size: 14pt;\"><span style=\"font-size: 18.6667px;\"><span style=\"font-size: 14pt;\"><span style=\"font-size: 18.6667px;\"><span style=\"font-size: 14pt;\"><span style=\"font-size: 18.6667px;\"><span style=\"font-size: 14pt;\"><span style=\"font-size: 18.6667px;\"><span style=\"font-size: 14pt;\">On the next page, we will display the results.</span></span></span></span></span></span></span></span></span></p>\n<p><span style=\"font-size: 14pt;\"><span style=\"font-size: 18.6667px;\"><span style=\"font-size: 14pt;\"><span style=\"font-size: 18.6667px;\"><span style=\"font-size: 14pt;\"><span style=\"font-size: 18.6667px;\"><span style=\"font-size: 14pt;\"><span style=\"font-size: 18.6667px;\"><span style=\"font-size: 14pt;\">Continue to the next page of the instructions by pressing the<strong> </strong><span style=\"background-color: #0d6efd; color: #ffffff;\">Next <span class=\"far fa-arrow-alt-circle-right\">&nbsp;</span></span><strong>&nbsp;</strong>button.</span></span></span></span></span></span></span></span></span></p>", "page_number": 2, "timestamp": "2025-03-17T19:38:31.230Z", "updated": "2025-03-17T19:38:31.230Z"}}, {"model": "main.instruction", "pk": 17, "fields": {"instruction_set": 1, "text_html": "<p><span style=\"font-size: 14pt;\"><strong>Practice</strong></span></p>\n<p><span style=\"font-size: 14pt;\">Press the <span style=\"font-size: 18.6667px;\"><span style=\"font-size: 14pt;\"><span style=\"font-size: 18.6667px;\"><span style=\"font-size: 14pt;\"><span style=\"background-color: #0d6efd; color: #ffffff;\">Send Range <span class=\"fas fa-ruler-horizontal\">&nbsp;</span></span></span></span></span></span> button at the bottom of your screen. <span style=\"font-size: 18.6667px;\"><span style=\"font-size: 14pt;\"><span style=\"font-size: 18.6667px;\"><span style=\"font-size: 14pt;\"><span style=\"background-color: #bfedd2;\">Do this now</span>. Your total profit per period is shown as the dark <strong>#id_label#</strong> area in the graph and reported in the right side of the Group Summary box. Your total cost per period is the light <strong>#id_label#</strong> area in graph and reported in the left side of the Group Summary box.</span></span></span></span></span></p>\n<p><span style=\"font-size: 14pt;\"><span style=\"font-size: 18.6667px;\"><span style=\"font-size: 14pt;\"><span style=\"font-size: 18.6667px;\"><span style=\"font-size: 14pt;\">Try moving your range around and observing how the Group Summary box changes. </span></span></span></span></span><span style=\"font-size: 14pt;\"><span style=\"font-size: 18.6667px;\"><span style=\"font-size: 14pt;\"><span style=\"font-size: 18.6667px;\"><span style=\"font-size: 14pt;\">Everyone in your group has the same cost for occupying a bar. </span></span></span></span></span></p>\n<p><span style=\"font-size: 14pt;\"><span style=\"font-size: 18.6667px;\"><span style=\"font-size: 14pt;\"><span style=\"font-size: 18.6667px;\"><span style=\"font-size: 14pt;\">You and your group members can update your range anytime during the experiment. Each period lasts #period_length# second(s).</span></span></span></span></span></p>\n<p><span style=\"font-size: 14pt;\"><span style=\"font-size: 18.6667px;\"><span style=\"font-size: 14pt;\"><span style=\"font-size: 18.6667px;\"><span style=\"font-size: 14pt;\">Continue to the next page of the instructions by pressing the<strong> </strong><span style=\"background-color: #0d6efd; color: #ffffff;\">Next <span class=\"far fa-arrow-alt-circle-right\">&nbsp;</span></span><strong>&nbsp;</strong>button.</span></span></span></span></span></p>", "page_number": 3, "timestamp": "2025-03-17T19:38:31.230Z", "updated": "2025-03-17T19:38:31.230Z"}}, {"model": "main.instruction", "pk": 18, "fields": {"instruction_set": 1, "text_html": "<p><span style=\"font-size: 14pt;\"><strong>Conclusion</strong></span></p>\n<p><span style=\"font-size: 14pt;\"><span style=\"font-size: 14pt;\">You can use the help buttons <span style=\"color: #3598db;\"><span class=\"far fa-question-circle\">&nbsp;</span></span></span>to reference the instructions during the experiment.</span></p>\n<p><span style=\"font-size: 18.6667px;\">Once everyone completes the instructions, the ranges will reset. Everyone must press a <span style=\"font-size: 14pt;\"><span style=\"color: #ffffff;\"><span style=\"background-color: #198754;\">Ready to Start</span></span></span> button at the bottom of the screen before anyone can submit a range.</span></p>\n<p><span style=\"font-size: 14pt;\">This is the end of the instructions. If you have any questions, please raise your hand, and a monitor will come by to answer them. If you are finished with the instructions, please click the <span style=\"color: #ffffff;\"><span style=\"background-color: #198754;\">Start <span class=\"far fa-check-circle\">&nbsp;</span></span> </span>button located in the bottom right of this frame. The instructions will remain on your screen until the experiment begins. <em>We need everyone to click the</em> <span style=\"color: #ffffff;\"><span style=\"background-color: #198754;\">Start <span class=\"far fa-check-circle\">&nbsp;</span></span> </span><em>button before we can begin the experiment.</em></span></p>", "page_number": 4, "timestamp": "2025-03-17T19:38:31.230Z", "updated": "2025-03-17T19:38:31.230Z"}}, {"model": "main.helpdocssubject", "pk": 25, "fields": {"instruction_set": 1, "title": "Chat", "text": "<p><strong><span style=\"font-size: 14pt;\">Chat</span></strong></p>\n<p><span style=\"font-size: 14pt;\">You are free to discuss any aspects of the experiment, with the following exceptions: you may not reveal your name, discuss side payments outside the laboratory, or engage in inappropriate language (including such shorthand as &lsquo;WTF&rsquo;). If you do, you will be excused and forgo your experiment earnings.</span></p>\n<p><span style=\"font-size: 14pt;\">Chatting is disabled once the next set of periods begins.</span></p>", "timestamp": "2025-03-17T19:38:31.247Z", "updated": "2025-03-17T19:38:31.247Z"}}, {"model": "main.helpdocssubject", "pk": 26, "fields": {"instruction_set": 1, "title": "Graph - Free Range", "text": "<p><strong><span style=\"font-size: 14pt;\">Graph</span></strong></p>\n<p><span style=\"font-size: 14pt;\">Along the horizontal axis there is a set of revenue bars. The higher the bar, the more valuable the bar is. You and the other members in your group will each submit a range using the \"Start\" and \"End\" handles at the bottom of your screens.&nbsp;You can select any contiguous range, from&nbsp;one bar up to the entire range of bars. However, anywhere your range overlaps with another person in your group, you must split the revenue of that bar equally.&nbsp;</span></p>\n<p><span style=\"font-size: 14pt;\">You must also pay a cost for each bar in your range, which we represent on the graph with a light #id_label# color. You will lose money if the cost you pay exceeds the revenue you earn for any given bar. Any bar you lose money on will display a \"!\". The graph displays bars outside of all ranges in a white color. Bars within one or more ranges display a stacked graph of the current occupants.</span></p>", "timestamp": "2025-03-17T19:38:31.247Z", "updated": "2025-03-17T19:38:31.247Z"}}, {"model": "main.helpdocssubject", "pk": 27, "fields": {"instruction_set": 1, "title": "Graph - Preserve Order", "text": "<p><strong><span style=\"font-size: 14pt;\">Graph</span></strong></p>\n<p><span style=\"font-size: 14pt;\">Along the horizontal axis there is a set of revenue bars. The higher the bar, the more valuable the bar is. You and the other members in your group will each submit a range using the \"Start\" and \"End\" handles at the bottom of your screens.&nbsp;You can select any contiguous range, from&nbsp;one bar up to the entire range of bars. However, anywhere your range overlaps with another person in your group, you must split the revenue of that bar equally.&nbsp;</span></p>\n<p><span style=\"font-size: 14pt;\">You must also pay a cost for each bar in your range, which we represent on the graph with a light #id_label# color. You will lose money if the cost you pay exceeds the revenue you earn for any given bar. Any bar you lose money on will display a \"!\". The graph displays bars outside of all ranges in a white color. Bars within one or more ranges display a stacked graph of the current occupants.</span></p>\n<p><span style=\"font-size: 14pt;\">Two rules are in effect for allowable ranges. The first rule is that your range's midpoint, which we display as a circle in the middle of your range, cannot go past your immediate neighbors' midpoint. The second rule is that you cannot move your range into another group member's range unless they are your immediate neighbor.</span></p>", "timestamp": "2025-03-17T19:38:31.247Z", "updated": "2025-03-17T19:38:31.247Z"}}, {"model": "main.helpdocssubject", "pk": 28, "fields": {"instruction_set": 1, "title": "Period Block 2", "text": "<p><span style=\"font-size: 14pt;\"><strong>Update</strong></span></p>\n<p><span style=\"font-size: 14pt;\">Before the next set of periods begins, you can chat with the other people in your group using the form in the bottom right corner of your screen.&nbsp;</span><span style=\"font-size: 14pt;\">You are free to discuss any aspects of the experiment, with the following exceptions: you may not reveal your name, discuss side payments outside the laboratory, or engage in inappropriate language (including such shorthand as &lsquo;WTF&rsquo;). If you do, you will be excused and forgo your experiment earnings.</span></p>\n<p><span style=\"font-size: 14pt;\">You and your other group members can transfer profits to each other using the form in the bottom left corner of your screen. The amount of the transfer is in whole US Cents (&cent;).</span></p>\n<p><span style=\"font-size: 14pt;\">Once you have ready, press the<span style=\"font-size: 18.6667px;\">&nbsp;<span style=\"font-size: 14pt;\"><span style=\"color: #ffffff;\"><span style=\"background-color: #198754;\">Ready to Start</span></span></span></span> button. Once everyone has pressed<span style=\"font-size: 18.6667px;\">&nbsp;<span style=\"font-size: 14pt;\"><span style=\"color: #ffffff;\"><span style=\"background-color: #198754;\">Ready to Start</span></span></span></span>, you can update your ranges, but chatting and profit transfers are disabled.</span></p>", "timestamp": "2025-03-17T19:38:31.247Z", "updated": "2025-03-17T19:38:31.247Z"}}, {"model": "main.helpdocssubject", "pk": 29, "fields": {"instruction_set": 1, "title": "Period Block 3", "text": "<p><span style=\"font-size: 14pt;\"><strong>Update</strong></span></p>\n<p><span style=\"font-size: 14pt;\">Two new rules are now in effect for allowable ranges. The first rule is that your range's midpoint, which we display as a circle in the middle of your range, cannot go past your immediate neighbors' midpoint. The second rule is that you cannot move your range into another group member's range unless they are your immediate neighbor.</span></p>\n<p><span style=\"font-size: 14pt;\">These rules apply to all members of your group.</span></p>\n<p><span style=\"font-size: 14pt;\">Once you have ready, press the<span style=\"font-size: 18.6667px;\">&nbsp;<span style=\"font-size: 14pt;\"><span style=\"color: #ffffff;\"><span style=\"background-color: #198754;\">Ready to Start</span></span></span></span> button. Once everyone has pressed<span style=\"font-size: 18.6667px;\">&nbsp;<span style=\"font-size: 14pt;\"><span style=\"color: #ffffff;\"><span style=\"background-color: #198754;\">Ready to Start</span></span></span></span>, you can update your ranges, but chatting and profit transfers are disabled.</span></p>", "timestamp": "2025-03-17T19:38:31.247Z", "updated": "2025-03-17T19:38:31.247Z"}}, {"model": "main.helpdocssubject", "pk": 30, "fields": {"instruction_set": 1, "title": "Transfer Cents", "text": "<p><span style=\"font-size: 14pt;\"><strong>Transfer Profits</strong></span></p>\n<p><span style=\"font-size: 14pt;\">You and your other members of your group can transfer profits to each other using this form. The amount of the transfer is in whole US Cents (&cent;).</span></p>\n<p><span style=\"font-size: 14pt;\">Transfers are disabled once the next set of periods begins.</span></p>", "timestamp": "2025-03-17T19:38:31.247Z", "updated": "2025-03-17T19:38:31.247Z"}}, {"model": "main.parameterset", "pk": 1, "fields": {"period_length": 60, "show_instructions": true, "survey_required": false, "survey_link": "", "prolific_mode": false, "prolific_completion_link": "", "inheritance_window": 10, "reconnection_limit": 25, "test_mode": false, "json_for_session": {"id": 1, "test_mode": 0, "survey_link": "", "period_length": 60, "prolific_mode": 0, "survey_required": 0, "show_instructions": 1, "inheritance_window": 10, "reconnection_limit": 25, "parameter_set_players": {"31": {"id": 31, "id_label": "1", "hex_color": "crimson", "player_number": 1, "instruction_set": 1, "instruction_set_label": "One", "parameter_set_player_groups": {"30": {"id": 92, "position": 1, "start_box": 0, "group_number": 1, "parameter_set_period_block": 30}, "75": {"id": 211, "position": 1, "start_box": 0, "group_number": 1, "parameter_set_period_block": 75}, "76": {"id": 212, "position": 1, "start_box": 0, "group_number": 1, "parameter_set_period_block": 76}}}}, "parameter_set_treatments": {"47": {"id": 47, "costs": "0.1273,0.1273,0.1273,0.1273", "values": "2.5455,2.5198,2.4941,2.4684,2.4427,2.4169,2.3912,2.3655,2.3398,2.3141,2.2884,2.2627,2.2370,2.2112,2.1855,2.1598,2.1341,2.1084,2.0827,2.0570,2.0313,2.0055,1.9798,1.9541,1.9284,1.9027,1.8770,1.8513,1.8256,1.7998,1.7741,1.7484,1.7227,1.6970,1.6713,1.6456,1.6199,1.5942,1.5684,1.5427,1.5170,1.4913,1.4656,1.4399,1.4142,1.3885,1.3627,1.3370,1.3113,1.2856,1.2599,1.2342,1.2085,1.1828,1.1570,1.1313,1.1056,1.0799,1.0542,1.0285,1.0028,0.9771,0.9513,0.9256,0.8999,0.8742,0.8485,0.8228,0.7971,0.7714,0.7457,0.7199,0.6942,0.6685,0.6428,0.6171,0.5914,0.5657,0.5400,0.5142,0.4885,0.4628,0.4371,0.4114,0.3857,0.3600,0.3343,0.3085,0.2828,0.2571,0.2314,0.2057,0.1800,0.1543,0.1286,0.1028,0.0771,0.0514,0.0257,0.0000", "cost_area": "0.9001", "enable_chat": 0, "range_width": "7.0710", "scale_width": "14.1420", "cost_percent": "0.1000", "id_label_pst": "Start free-for-all", "range_height": "2.5455", "revenue_area": "8.9996", "scale_height": "2.7500", "values_count": 100, "values_order": ["2.5455", "2.5198", "2.4941", "2.4684", "2.4427", "2.4169", "2.3912", "2.3655", "2.3398", "2.3141", "2.2884", "2.2627", "2.2370", "2.2112", "2.1855", "2.1598", "2.1341", "2.1084", "2.0827", "2.0570", "2.0313", "2.0055", "1.9798", "1.9541", "1.9284", "1.9027", "1.8770", "1.8513", "1.8256", "1.7998", "1.7741", "1.7484", "1.7227", "1.6970", "1.6713", "1.6456", "1.6199", "1.5942", "1.5684", "1.5427", "1.5170", "1.4913", "1.4656", "1.4399", "1.4142", "1.3885", "1.3627", "1.3370", "1.3113", "1.2856", "1.2599", "1.2342", "1.2085", "1.1828", "1.1570", "1.1313", "1.1056", "1.0799", "1.0542", "1.0285", "1.0028", "0.9771", "0.9513", "0.9256", "0.8999", "0.8742", "0.8485", "0.8228", "0.7971", "0.7714", "0.7457", "0.7199", "0.6942", "0.6685", "0.6428", "0.6171", "0.5914", "0.5657", "0.5400", "0.5142", "0.4885", "0.4628", "0.4371", "0.4114", "0.3857", "0.3600", "0.3343", "0.3085", "0.2828", "0.2571", "0.2314", "0.2057", "0.1800", "0.1543", "0.1286", "0.1028", "0.0771", "0.0514", "0.0257", "0.0000"], "enable_contest": 1, "preserve_order": 0, "scale_height_ticks": 10, "enable_ready_button": 1, "enable_transfer_cents": 0}, "48": {"id": 48, "costs": "0.1273,0.1273,0.1273,0.1273", "values": "2.5455,2.5198,2.4941,2.4684,2.4427,2.4169,2.3912,2.3655,2.3398,2.3141,2.2884,2.2627,2.2370,2.2112,2.1855,2.1598,2.1341,2.1084,2.0827,2.0570,2.0313,2.0055,1.9798,1.9541,1.9284,1.9027,1.8770,1.8513,1.8256,1.7998,1.7741,1.7484,1.7227,1.6970,1.6713,1.6456,1.6199,1.5942,1.5684,1.5427,1.5170,1.4913,1.4656,1.4399,1.4142,1.3885,1.3627,1.3370,1.3113,1.2856,1.2599,1.2342,1.2085,1.1828,1.1570,1.1313,1.1056,1.0799,1.0542,1.0285,1.0028,0.9771,0.9513,0.9256,0.8999,0.8742,0.8485,0.8228,0.7971,0.7714,0.7457,0.7199,0.6942,0.6685,0.6428,0.6171,0.5914,0.5657,0.5400,0.5142,0.4885,0.4628,0.4371,0.4114,0.3857,0.3600,0.3343,0.3085,0.2828,0.2571,0.2314,0.2057,0.1800,0.1543,0.1286,0.1028,0.0771,0.0514,0.0257,0.0000", "cost_area": "0.9001", "enable_chat": 1, "range_width": "7.0710", "scale_width": "14.1420", "cost_percent": "0.1000", "id_label_pst": "Chat only - ready button", "range_height": "2.5455", "revenue_area": "8.9996", "scale_height": "2.7500", "values_count": 100, "values_order": ["2.5455", "2.5198", "2.4941", "2.4684", "2.4427", "2.4169", "2.3912", "2.3655", "2.3398", "2.3141", "2.2884", "2.2627", "2.2370", "2.2112", "2.1855", "2.1598", "2.1341", "2.1084", "2.0827", "2.0570", "2.0313", "2.0055", "1.9798", "1.9541", "1.9284", "1.9027", "1.8770", "1.8513", "1.8256", "1.7998", "1.7741", "1.7484", "1.7227", "1.6970", "1.6713", "1.6456", "1.6199", "1.5942", "1.5684", "1.5427", "1.5170", "1.4913", "1.4656", "1.4399", "1.4142", "1.3885", "1.3627", "1.3370", "1.3113", "1.2856", "1.2599", "1.2342", "1.2085", "1.1828", "1.1570", "1.1313", "1.1056", "1.0799", "1.0542", "1.0285", "1.0028", "0.9771", "0.9513", "0.9256", "0.8999", "0.8742", "0.8485", "0.8228", "0.7971", "0.7714", "0.7457", "0.7199", "0.6942", "0.6685", "0.6428", "0.6171", "0.5914", "0.5657", "0.5400", "0.5142", "0.4885", "0.4628", "0.4371", "0.4114", "0.3857", "0.3600", "0.3343", "0.3085", "0.2828", "0.2571", "0.2314", "0.2057", "0.1800", "0.1543", "0.1286", "0.1028", "0.0771", "0.0514", "0.0257", "0.0000"], "enable_contest": 0, "preserve_order": 0, "scale_height_ticks": 10, "enable_ready_button": 1, "enable_transfer_cents": 1}, "49": {"id": 49, "costs": "0.0071,0.0071,0.0071,0.0071", "values": "2.5455,2.5198,2.4941,2.4684,2.4427,2.4169,2.3912,2.3655,2.3398,2.3141,2.2884,2.2627,2.2370,2.2112,2.1855,2.1598,2.1341,2.1084,2.0827,2.0570,2.0313,2.0055,1.9798,1.9541,1.9284,1.9027,1.8770,1.8513,1.8256,1.7998,1.7741,1.7484,1.7227,1.6970,1.6713,1.6456,1.6199,1.5942,1.5684,1.5427,1.5170,1.4913,1.4656,1.4399,1.4142,1.3885,1.3627,1.3370,1.3113,1.2856,1.2599,1.2342,1.2085,1.1828,1.1570,1.1313,1.1056,1.0799,1.0542,1.0285,1.0028,0.9771,0.9513,0.9256,0.8999,0.8742,0.8485,0.8228,0.7971,0.7714,0.7457,0.7199,0.6942,0.6685,0.6428,0.6171,0.5914,0.5657,0.5400,0.5142,0.4885,0.4628,0.4371,0.4114,0.3857,0.3600,0.3343,0.3085,0.2828,0.2571,0.2314,0.2057,0.1800,0.1543,0.1286,0.1028,0.0771,0.0514,0.0257,0.0000", "cost_area": "0.7100", "enable_chat": 0, "range_width": "7.0710", "scale_width": "14.1420", "cost_percent": "0.1000", "id_label_pst": "Start free-for-all (copy)", "range_height": "2.5455", "revenue_area": "8.9996", "scale_height": "2.7500", "values_count": 100, "values_order": ["2.5455", "2.5198", "2.4941", "2.4684", "2.4427", "2.4169", "2.3912", "2.3655", "2.3398", "2.3141", "2.2884", "2.2627", "2.2370", "2.2112", "2.1855", "2.1598", "2.1341", "2.1084", "2.0827", "2.0570", "2.0313", "2.0055", "1.9798", "1.9541", "1.9284", "1.9027", "1.8770", "1.8513", "1.8256", "1.7998", "1.7741", "1.7484", "1.7227", "1.6970", "1.6713", "1.6456", "1.6199", "1.5942", "1.5684", "1.5427", "1.5170", "1.4913", "1.4656", "1.4399", "1.4142", "1.3885", "1.3627", "1.3370", "1.3113", "1.2856", "1.2599", "1.2342", "1.2085", "1.1828", "1.1570", "1.1313", "1.1056", "1.0799", "1.0542", "1.0285", "1.0028", "0.9771", "0.9513", "0.9256", "0.8999", "0.8742", "0.8485", "0.8228", "0.7971", "0.7714", "0.7457", "0.7199", "0.6942", "0.6685", "0.6428", "0.6171", "0.5914", "0.5657", "0.5400", "0.5142", "0.4885", "0.4628", "0.4371", "0.4114", "0.3857", "0.3600", "0.3343", "0.3085", "0.2828", "0.2571", "0.2314", "0.2057", "0.1800", "0.1543", "0.1286", "0.1028", "0.0771", "0.0514", "0.0257", "0.0000"], "enable_contest": 1, "preserve_order": 0, "scale_height_ticks": 10, "enable_ready_button": 1, "enable_transfer_cents": 0}, "73": {"id": 73, "costs": "0.0071,0.0071,0.0071,0.0071", "values": "2.5455,2.5198,2.4941,2.4684,2.4427,2.4169,2.3912,2.3655,2.3398,2.3141,2.2884,2.2627,2.2370,2.2112,2.1855,2.1598,2.1341,2.1084,2.0827,2.0570,2.0313,2.0055,1.9798,1.9541,1.9284,1.9027,1.8770,1.8513,1.8256,1.7998,1.7741,1.7484,1.7227,1.6970,1.6713,1.6456,1.6199,1.5942,1.5684,1.5427,1.5170,1.4913,1.4656,1.4399,1.4142,1.3885,1.3627,1.3370,1.3113,1.2856,1.2599,1.2342,1.2085,1.1828,1.1570,1.1313,1.1056,1.0799,1.0542,1.0285,1.0028,0.9771,0.9513,0.9256,0.8999,0.8742,0.8485,0.8228,0.7971,0.7714,0.7457,0.7199,0.6942,0.6685,0.6428,0.6171,0.5914,0.5657,0.5400,0.5142,0.4885,0.4628,0.4371,0.4114,0.3857,0.3600,0.3343,0.3085,0.2828,0.2571,0.2314,0.2057,0.1800,0.1543,0.1286,0.1028,0.0771,0.0514,0.0257,0.0000", "cost_area": "0.7100", "enable_chat": 1, "range_width": "7.0710", "scale_width": "14.1420", "cost_percent": "0.1000", "id_label_pst": "Chat only", "range_height": "2.5455", "revenue_area": "8.9996", "scale_height": "2.7500", "values_count": 100, "values_order": ["2.5455", "2.5198", "2.4941", "2.4684", "2.4427", "2.4169", "2.3912", "2.3655", "2.3398", "2.3141", "2.2884", "2.2627", "2.2370", "2.2112", "2.1855", "2.1598", "2.1341", "2.1084", "2.0827", "2.0570", "2.0313", "2.0055", "1.9798", "1.9541", "1.9284", "1.9027", "1.8770", "1.8513", "1.8256", "1.7998", "1.7741", "1.7484", "1.7227", "1.6970", "1.6713", "1.6456", "1.6199", "1.5942", "1.5684", "1.5427", "1.5170", "1.4913", "1.4656", "1.4399", "1.4142", "1.3885", "1.3627", "1.3370", "1.3113", "1.2856", "1.2599", "1.2342", "1.2085", "1.1828", "1.1570", "1.1313", "1.1056", "1.0799", "1.0542", "1.0285", "1.0028", "0.9771", "0.9513", "0.9256", "0.8999", "0.8742", "0.8485", "0.8228", "0.7971", "0.7714", "0.7457", "0.7199", "0.6942", "0.6685", "0.6428", "0.6171", "0.5914", "0.5657", "0.5400", "0.5142", "0.4885", "0.4628", "0.4371", "0.4114", "0.3857", "0.3600", "0.3343", "0.3085", "0.2828", "0.2571", "0.2314", "0.2057", "0.1800", "0.1543", "0.1286", "0.1028", "0.0771", "0.0514", "0.0257", "0.0000"], "enable_contest": 0, "preserve_order": 0, "scale_height_ticks": 10, "enable_ready_button": 0, "enable_transfer_cents": 1}}, "prolific_completion_link": "", "parameter_set_periodblocks": {"30": {"id": 30, "help_doc": null, "period_end": 54, "inheritance": "Preset", "period_start": 1, "help_doc_title": null, "parameter_set_treatment": 47}, "75": {"id": 75, "help_doc": null, "period_end": 57, "inheritance": "Midpoint", "period_start": 56, "help_doc_title": null, "parameter_set_treatment": 48}, "76": {"id": 76, "help_doc": null, "period_end": 59, "inheritance": "Copy", "period_start": 58, "help_doc_title": null, "parameter_set_treatment": 48}}, "parameter_set_players_order": [31], "parameter_set_treatments_order": [73, 48, 47, 49], "parameter_set_periodblocks_order": [30, 75, 76]}, "timestamp": "2025-02-05T18:52:39.315Z", "updated": "2025-04-03T18:30:28.132Z"}}, {"model": "main.parameterset", "pk": 5, "fields": {"period_length": 1, "show_instructions": false, "survey_required": false, "survey_link": "http://google.com", "prolific_mode": false, "prolific_completion_link": "", "inheritance_window": 10, "reconnection_limit": 25, "test_mode": false, "json_for_session": {"id": 5, "test_mode": 0, "survey_link": "http://google.com", "period_length": 1, "prolific_mode": 0, "survey_required": 0, "show_instructions": 0, "inheritance_window": 10, "reconnection_limit": 25, "parameter_set_players": {"11": {"id": 11, "id_label": "Red", "hex_color": "Crimson", "player_number": 1, "instruction_set": 1, "instruction_set_label": "One", "parameter_set_player_groups": {"4": {"id": 16, "position": 1, "start_box": 0, "group_number": 1, "parameter_set_period_block": 4}, "5": {"id": 17, "position": 1, "start_box": 10, "group_number": 1, "parameter_set_period_block": 5}, "8": {"id": 30, "position": 1, "start_box": 0, "group_number": 1, "parameter_set_period_block": 8}}}, "12": {"id": 12, "id_label": "Purple", "hex_color": "MediumPurple", "player_number": 2, "instruction_set": 1, "instruction_set_label": "One", "parameter_set_player_groups": {"4": {"id": 18, "position": 2, "start_box": 1, "group_number": 1, "parameter_set_period_block": 4}, "5": {"id": 19, "position": 2, "start_box": 20, "group_number": 1, "parameter_set_period_block": 5}, "8": {"id": 31, "position": 1, "start_box": 0, "group_number": 1, "parameter_set_period_block": 8}}}}, "parameter_set_treatments": {"4": {"id": 4, "costs": "1.75,1.75,1.75,1.75", "values": "10.0,9.9,9.8,9.7,9.6,9.5,9.4,9.3,9.2,9.1,9.0,8.9,8.8,8.7,8.6,8.5,8.4,8.3,8.2,8.1,8.0,7.9,7.8,7.7,7.6,7.5,7.4,7.3,7.2,7.1,7.0,6.9,6.8,6.7,6.6,6.5,6.4,6.3,6.2,6.1,6.0,5.9,5.8,5.7,5.6,5.5,5.4,5.3,5.2,5.1,5.0,4.9,4.8,4.7,4.6,4.5,4.4,4.3,4.2,4.1,4.0,3.9,3.8,3.7,3.6,3.5,3.4,3.3,3.2,3.1,3.0,2.9,2.8,2.7,2.6,2.5,2.4,2.3,2.2,2.1,2.0,1.9,1.8,1.7,1.6,1.5,1.4,1.3,1.2,1.1", "cost_area": "0.0000", "enable_chat": 0, "range_width": "5.0000", "scale_width": "5.0000", "cost_percent": "2.0000", "id_label_pst": "1", "range_height": "10.0000", "revenue_area": "0.0000", "scale_height": "2.0000", "values_count": 100, "enable_contest": 1, "preserve_order": 1, "scale_height_ticks": 10, "enable_ready_button": 1, "enable_transfer_cents": 0}, "5": {"id": 5, "costs": "1.75,1.75,1.75,1.75", "values": "5.50, 5.45, 5.40, 5.35, 5.30, 5.25, 5.20, 5.15, 5.10, 5.05, 5.00, 4.95, 4.90, 4.85, 4.80, 4.75, 4.70, 4.65, 4.60, 4.55, 4.50, 4.45, 4.40, 4.35, 4.30, 4.25, 4.20, 4.15, 4.10, 4.05, 4.00, 3.95, 3.90, 3.85, 3.80, 3.75, 3.70, 3.65, 3.60, 3.55, 3.50, 3.45, 3.40, 3.35, 3.30, 3.25, 3.20, 3.15, 3.10, 3.05, 3.00, 2.95, 2.90, 2.85, 2.80, 2.75, 2.70, 2.65, 2.60, 2.55, 2.50, 2.45, 2.40, 2.35, 2.30, 2.25, 2.20, 2.15, 2.10, 2.05, 2.00, 1.95, 1.90, 1.85, 1.80, 1.75, 1.70, 1.65, 1.60, 1.55, 1.50, 1.45, 1.40, 1.35, 1.30, 1.25, 1.20, 1.15, 1.10, 1.05, 1.00", "cost_area": "0.0000", "enable_chat": 1, "range_width": "5.0000", "scale_width": "5.0000", "cost_percent": "2.0000", "id_label_pst": "2", "range_height": "10.0000", "revenue_area": "0.0000", "scale_height": "2.0000", "values_count": 100, "enable_contest": 1, "preserve_order": 0, "scale_height_ticks": 10, "enable_ready_button": 1, "enable_transfer_cents": 1}}, "prolific_completion_link": "", "parameter_set_periodblocks": {"4": {"id": 4, "help_doc": null, "period_end": 5, "inheritance": "Preset", "period_start": 1, "help_doc_title": null, "parameter_set_treatment": 4}, "5": {"id": 5, "help_doc": null, "period_end": 200, "inheritance": "Preset", "period_start": 6, "help_doc_title": null, "parameter_set_treatment": 5}, "8": {"id": 8, "help_doc": null, "period_end": 300, "inheritance": "Preset", "period_start": 201, "help_doc_title": null, "parameter_set_treatment": 5}}, "parameter_set_players_order": [11, 12], "parameter_set_treatments_order": [4, 5], "parameter_set_periodblocks_order": [4, 5, 8]}, "timestamp": "2025-02-14T22:20:29.408Z", "updated": "2025-04-02T19:43:36.016Z"}}, {"model": "main.parameterset", "pk": 6, "fields": {"period_length": 1, "show_instructions": false, "survey_required": false, "survey_link": "http://google.com", "prolific_mode": false, "prolific_completion_link": "", "inheritance_window": 10, "reconnection_limit": 25, "test_mode": true, "json_for_session": {"id": 6, "test_mode": 1, "survey_link": "http://google.com", "period_length": 1, "prolific_mode": 0, "survey_required": 0, "show_instructions": 0, "inheritance_window": 10, "reconnection_limit": 25, "parameter_set_players": {"16": {"id": 16, "id_label": "Red", "hex_color": "Crimson", "player_number": 1, "instruction_set": 1, "instruction_set_label": "One", "parameter_set_player_groups": {"9": {"id": 32, "position": 1, "start_box": 0, "group_number": 1, "parameter_set_period_block": 9}, "11": {"id": 39, "position": 1, "start_box": 0, "group_number": 1, "parameter_set_period_block": 11}, "17": {"id": 54, "position": 1, "start_box": 0, "group_number": 1, "parameter_set_period_block": 17}}}, "17": {"id": 17, "id_label": "Purple", "hex_color": "MediumPurple", "player_number": 2, "instruction_set": 1, "instruction_set_label": "One", "parameter_set_player_groups": {"9": {"id": 33, "position": 2, "start_box": 1, "group_number": 1, "parameter_set_period_block": 9}, "11": {"id": 40, "position": 2, "start_box": 1, "group_number": 1, "parameter_set_period_block": 11}, "17": {"id": 55, "position": 2, "start_box": 1, "group_number": 1, "parameter_set_period_block": 17}}}}, "parameter_set_treatments": {"6": {"id": 6, "costs": "1.75,1.75,1.75,1.75", "values": "10.0,9.9,9.8,9.7,9.6,9.5,9.4,9.3,9.2,9.1,9.0,8.9,8.8,8.7,8.6,8.5,8.4,8.3,8.2,8.1,8.0,7.9,7.8,7.7,7.6,7.5,7.4,7.3,7.2,7.1,7.0,6.9,6.8,6.7,6.6,6.5,6.4,6.3,6.2,6.1,6.0,5.9,5.8,5.7,5.6,5.5,5.4,5.3,5.2,5.1,5.0,4.9,4.8,4.7,4.6,4.5,4.4,4.3,4.2,4.1,4.0,3.9,3.8,3.7,3.6,3.5,3.4,3.3,3.2,3.1,3.0,2.9,2.8,2.7,2.6,2.5,2.4,2.3,2.2,2.1,2.0,1.9,1.8,1.7,1.6,1.5,1.4,1.3,1.2,1.1", "cost_area": "0.0000", "enable_chat": 0, "range_width": "5.0000", "scale_width": "5.0000", "cost_percent": "2.0000", "id_label_pst": "1 with ready", "range_height": "10.0000", "revenue_area": "0.0000", "scale_height": "2.0000", "values_count": 100, "enable_contest": 1, "preserve_order": 0, "scale_height_ticks": 10, "enable_ready_button": 1, "enable_transfer_cents": 0}, "7": {"id": 7, "costs": "1.75,1.75,1.75,1.75", "values": "5.50, 5.45, 5.40, 5.35, 5.30, 5.25, 5.20, 5.15, 5.10, 5.05, 5.00, 4.95, 4.90, 4.85, 4.80, 4.75, 4.70, 4.65, 4.60, 4.55, 4.50, 4.45, 4.40, 4.35, 4.30, 4.25, 4.20, 4.15, 4.10, 4.05, 4.00, 3.95, 3.90, 3.85, 3.80, 3.75, 3.70, 3.65, 3.60, 3.55, 3.50, 3.45, 3.40, 3.35, 3.30, 3.25, 3.20, 3.15, 3.10, 3.05, 3.00, 2.95, 2.90, 2.85, 2.80, 2.75, 2.70, 2.65, 2.60, 2.55, 2.50, 2.45, 2.40, 2.35, 2.30, 2.25, 2.20, 2.15, 2.10, 2.05, 2.00, 1.95, 1.90, 1.85, 1.80, 1.75, 1.70, 1.65, 1.60, 1.55, 1.50, 1.45, 1.40, 1.35, 1.30, 1.25, 1.20, 1.15, 1.10, 1.05, 1.00", "cost_area": "0.0000", "enable_chat": 1, "range_width": "5.0000", "scale_width": "5.0000", "cost_percent": "2.0000", "id_label_pst": "2", "range_height": "10.0000", "revenue_area": "0.0000", "scale_height": "2.0000", "values_count": 100, "enable_contest": 1, "preserve_order": 0, "scale_height_ticks": 10, "enable_ready_button": 1, "enable_transfer_cents": 1}, "16": {"id": 16, "costs": "1.75,1.75,1.75,1.75", "values": "10.0,9.9,9.8,9.7,9.6,9.5,9.4,9.3,9.2,9.1,9.0,8.9,8.8,8.7,8.6,8.5,8.4,8.3,8.2,8.1,8.0,7.9,7.8,7.7,7.6,7.5,7.4,7.3,7.2,7.1,7.0,6.9,6.8,6.7,6.6,6.5,6.4,6.3,6.2,6.1,6.0,5.9,5.8,5.7,5.6,5.5,5.4,5.3,5.2,5.1,5.0,4.9,4.8,4.7,4.6,4.5,4.4,4.3,4.2,4.1,4.0,3.9,3.8,3.7,3.6,3.5,3.4,3.3,3.2,3.1,3.0,2.9,2.8,2.7,2.6,2.5,2.4,2.3,2.2,2.1,2.0,1.9,1.8,1.7,1.6,1.5,1.4,1.3,1.2,1.1", "cost_area": "0.0000", "enable_chat": 1, "range_width": "5.0000", "scale_width": "5.0000", "cost_percent": "2.0000", "id_label_pst": "1 chat only", "range_height": "10.0000", "revenue_area": "0.0000", "scale_height": "2.0000", "values_count": 100, "enable_contest": 0, "preserve_order": 0, "scale_height_ticks": 10, "enable_ready_button": 0, "enable_transfer_cents": 1}, "17": {"id": 17, "costs": "1.75,1.75,1.75,1.75", "values": "10.0,9.9,9.8,9.7,9.6,9.5,9.4,9.3,9.2,9.1,9.0,8.9,8.8,8.7,8.6,8.5,8.4,8.3,8.2,8.1,8.0,7.9,7.8,7.7,7.6,7.5,7.4,7.3,7.2,7.1,7.0,6.9,6.8,6.7,6.6,6.5,6.4,6.3,6.2,6.1,6.0,5.9,5.8,5.7,5.6,5.5,5.4,5.3,5.2,5.1,5.0,4.9,4.8,4.7,4.6,4.5,4.4,4.3,4.2,4.1,4.0,3.9,3.8,3.7,3.6,3.5,3.4,3.3,3.2,3.1,3.0,2.9,2.8,2.7,2.6,2.5,2.4,2.3,2.2,2.1,2.0,1.9,1.8,1.7,1.6,1.5,1.4,1.3,1.2,1.1", "cost_area": "0.0000", "enable_chat": 1, "range_width": "5.0000", "scale_width": "5.0000", "cost_percent": "2.0000", "id_label_pst": "1 with chat", "range_height": "10.0000", "revenue_area": "0.0000", "scale_height": "2.0000", "values_count": 100, "enable_contest": 1, "preserve_order": 0, "scale_height_ticks": 10, "enable_ready_button": 1, "enable_transfer_cents": 1}}, "prolific_completion_link": "", "parameter_set_periodblocks": {"9": {"id": 9, "help_doc": null, "period_end": 10, "inheritance": "Preset", "period_start": 1, "help_doc_title": null, "parameter_set_treatment": 6}, "11": {"id": 11, "help_doc": null, "period_end": 20, "inheritance": "Preset", "period_start": 11, "help_doc_title": null, "parameter_set_treatment": 16}, "17": {"id": 17, "help_doc": null, "period_end": 30, "inheritance": "Preset", "period_start": 21, "help_doc_title": null, "parameter_set_treatment": 17}}, "parameter_set_players_order": [16, 17], "parameter_set_treatments_order": [16, 17, 6, 7], "parameter_set_periodblocks_order": [9, 11, 17]}, "timestamp": "2025-03-04T22:06:15.286Z", "updated": "2025-04-02T19:43:35.998Z"}}, {"model": "main.parameterset", "pk": 7, "fields": {"period_length": 1, "show_instructions": true, "survey_required": false, "survey_link": "", "prolific_mode": false, "prolific_completion_link": "", "inheritance_window": 10, "reconnection_limit": 25, "test_mode": false, "json_for_session": {"id": 7, "test_mode": 0, "survey_link": "", "period_length": 1, "prolific_mode": 0, "survey_required": 0, "show_instructions": 1, "inheritance_window": 10, "reconnection_limit": 25, "parameter_set_players": {"23": {"id": 23, "id_label": "Red", "hex_color": "IndianRed", "player_number": 1, "instruction_set": 1, "instruction_set_label": "One", "parameter_set_player_groups": {"31": {"id": 68, "position": 1, "start_box": 10, "group_number": 1, "parameter_set_period_block": 31}, "32": {"id": 69, "position": 1, "start_box": 0, "group_number": 1, "parameter_set_period_block": 32}, "33": {"id": 70, "position": 1, "start_box": 0, "group_number": 1, "parameter_set_period_block": 33}}}, "24": {"id": 24, "id_label": "Purple", "hex_color": "MediumPurple", "player_number": 2, "instruction_set": 1, "instruction_set_label": "One", "parameter_set_player_groups": {"31": {"id": 71, "position": 2, "start_box": 20, "group_number": 1, "parameter_set_period_block": 31}, "32": {"id": 72, "position": 2, "start_box": 0, "group_number": 1, "parameter_set_period_block": 32}, "33": {"id": 73, "position": 2, "start_box": 0, "group_number": 1, "parameter_set_period_block": 33}}}, "25": {"id": 25, "id_label": "Blue", "hex_color": "CornflowerBlue", "player_number": 3, "instruction_set": 1, "instruction_set_label": "One", "parameter_set_player_groups": {"31": {"id": 74, "position": 3, "start_box": 30, "group_number": 1, "parameter_set_period_block": 31}, "32": {"id": 75, "position": 3, "start_box": 0, "group_number": 1, "parameter_set_period_block": 32}, "33": {"id": 76, "position": 3, "start_box": 0, "group_number": 1, "parameter_set_period_block": 33}}}, "26": {"id": 26, "id_label": "Orange", "hex_color": "Orange", "player_number": 4, "instruction_set": 1, "instruction_set_label": "One", "parameter_set_player_groups": {"31": {"id": 77, "position": 4, "start_box": 40, "group_number": 1, "parameter_set_period_block": 31}, "32": {"id": 78, "position": 4, "start_box": 0, "group_number": 1, "parameter_set_period_block": 32}, "33": {"id": 79, "position": 4, "start_box": 0, "group_number": 1, "parameter_set_period_block": 33}}}, "27": {"id": 27, "id_label": "Red", "hex_color": "IndianRed", "player_number": 5, "instruction_set": 1, "instruction_set_label": "One", "parameter_set_player_groups": {"31": {"id": 80, "position": 1, "start_box": 0, "group_number": 2, "parameter_set_period_block": 31}, "32": {"id": 81, "position": 1, "start_box": 0, "group_number": 2, "parameter_set_period_block": 32}, "33": {"id": 82, "position": 1, "start_box": 0, "group_number": 2, "parameter_set_period_block": 33}}}, "28": {"id": 28, "id_label": "Purple", "hex_color": "MediumPurple", "player_number": 6, "instruction_set": 1, "instruction_set_label": "One", "parameter_set_player_groups": {"31": {"id": 83, "position": 2, "start_box": 1, "group_number": 2, "parameter_set_period_block": 31}, "32": {"id": 84, "position": 2, "start_box": 0, "group_number": 2, "parameter_set_period_block": 32}, "33": {"id": 85, "position": 2, "start_box": 0, "group_number": 2, "parameter_set_period_block": 33}}}, "29": {"id": 29, "id_label": "Blue", "hex_color": "CornflowerBlue", "player_number": 7, "instruction_set": 1, "instruction_set_label": "One", "parameter_set_player_groups": {"31": {"id": 86, "position": 3, "start_box": 2, "group_number": 2, "parameter_set_period_block": 31}, "32": {"id": 87, "position": 3, "start_box": 0, "group_number": 2, "parameter_set_period_block": 32}, "33": {"id": 88, "position": 3, "start_box": 0, "group_number": 2, "parameter_set_period_block": 33}}}, "30": {"id": 30, "id_label": "Orange", "hex_color": "Orange", "player_number": 8, "instruction_set": 1, "instruction_set_label": "One", "parameter_set_player_groups": {"31": {"id": 89, "position": 4, "start_box": 3, "group_number": 2, "parameter_set_period_block": 31}, "32": {"id": 90, "position": 4, "start_box": 0, "group_number": 2, "parameter_set_period_block": 32}, "33": {"id": 91, "position": 4, "start_box": 0, "group_number": 2, "parameter_set_period_block": 33}}}}, "parameter_set_treatments": {"51": {"id": 51, "costs": "0.0707,0.0707,0.0707,0.0707", "values": "1.4142,1.3999,1.3856,1.3713,1.3571,1.3428,1.3285,1.3142,1.2999,1.2856,1.2714,1.2571,1.2428,1.2285,1.2142,1.1999,1.1856,1.1714,1.1571,1.1428,1.1285,1.1142,1.0999,1.0856,1.0714,1.0571,1.0428,1.0285,1.0142,0.9999,0.9857,0.9714,0.9571,0.9428,0.9285,0.9142,0.8999,0.8857,0.8714,0.8571,0.8428,0.8285,0.8142,0.8000,0.7857,0.7714,0.7571,0.7428,0.7285,0.7142,0.7000,0.6857,0.6714,0.6571,0.6428,0.6285,0.6142,0.6000,0.5857,0.5714,0.5571,0.5428,0.5285,0.5143,0.5000,0.4857,0.4714,0.4571,0.4428,0.4285,0.4143,0.4000,0.3857,0.3714,0.3571,0.3428,0.3286,0.3143,0.3000,0.2857,0.2714,0.2571,0.2428,0.2286,0.2143,0.2000,0.1857,0.1714,0.1571,0.1428,0.1286,0.1143,0.1000,0.0857,0.0714,0.0571,0.0429,0.0286,0.0143,0.0000", "cost_area": "0.1000", "enable_chat": 1, "range_width": "1.4142", "scale_width": "1.4142", "cost_percent": "0.1000", "id_label_pst": "Area 1", "range_height": "1.4142", "revenue_area": "1.0000", "scale_height": "1.4142", "values_count": 100, "enable_contest": 1, "preserve_order": 1, "scale_height_ticks": 10, "enable_ready_button": 1, "enable_transfer_cents": 1}, "52": {"id": 52, "costs": "0.1273,0.1273,0.1273,0.1273", "values": "2.5455,2.5198,2.4941,2.4684,2.4427,2.4169,2.3912,2.3655,2.3398,2.3141,2.2884,2.2627,2.2370,2.2112,2.1855,2.1598,2.1341,2.1084,2.0827,2.0570,2.0313,2.0055,1.9798,1.9541,1.9284,1.9027,1.8770,1.8513,1.8256,1.7998,1.7741,1.7484,1.7227,1.6970,1.6713,1.6456,1.6199,1.5942,1.5684,1.5427,1.5170,1.4913,1.4656,1.4399,1.4142,1.3885,1.3627,1.3370,1.3113,1.2856,1.2599,1.2342,1.2085,1.1828,1.1570,1.1313,1.1056,1.0799,1.0542,1.0285,1.0028,0.9771,0.9513,0.9256,0.8999,0.8742,0.8485,0.8228,0.7971,0.7714,0.7457,0.7199,0.6942,0.6685,0.6428,0.6171,0.5914,0.5657,0.5400,0.5142,0.4885,0.4628,0.4371,0.4114,0.3857,0.3600,0.3343,0.3085,0.2828,0.2571,0.2314,0.2057,0.1800,0.1543,0.1286,0.1028,0.0771,0.0514,0.0257,0.0000", "cost_area": "0.9001", "enable_chat": 1, "range_width": "7.0710", "scale_width": "14.1420", "cost_percent": "0.1000", "id_label_pst": "Tall", "range_height": "2.5455", "revenue_area": "8.9996", "scale_height": "2.7500", "values_count": 100, "enable_contest": 1, "preserve_order": 0, "scale_height_ticks": 10, "enable_ready_button": 1, "enable_transfer_cents": 1}, "53": {"id": 53, "costs": "0.0636,0.0636,0.0636,0.0636", "values": "1.2729,1.2600,1.2472,1.2343,1.2215,1.2086,1.1958,1.1829,1.1700,1.1572,1.1443,1.1315,1.1186,1.1058,1.0929,1.0800,1.0672,1.0543,1.0415,1.0286,1.0157,1.0029,0.9900,0.9772,0.9643,0.9515,0.9386,0.9257,0.9129,0.9000,0.8872,0.8743,0.8615,0.8486,0.8357,0.8229,0.8100,0.7972,0.7843,0.7715,0.7586,0.7457,0.7329,0.7200,0.7072,0.6943,0.6815,0.6686,0.6557,0.6429,0.6300,0.6172,0.6043,0.5914,0.5786,0.5657,0.5529,0.5400,0.5272,0.5143,0.5014,0.4886,0.4757,0.4629,0.4500,0.4372,0.4243,0.4114,0.3986,0.3857,0.3729,0.3600,0.3472,0.3343,0.3214,0.3086,0.2957,0.2829,0.2700,0.2572,0.2443,0.2314,0.2186,0.2057,0.1929,0.1800,0.1671,0.1543,0.1414,0.1286,0.1157,0.1029,0.0900,0.0771,0.0643,0.0514,0.0386,0.0257,0.0129,-0.0000", "cost_area": "0.8994", "enable_chat": 1, "range_width": "14.1420", "scale_width": "14.1420", "cost_percent": "0.1000", "id_label_pst": "Wide", "range_height": "1.2729", "revenue_area": "9.0007", "scale_height": "2.7500", "values_count": 100, "enable_contest": 1, "preserve_order": 0, "scale_height_ticks": 10, "enable_ready_button": 1, "enable_transfer_cents": 1}}, "prolific_completion_link": "", "parameter_set_periodblocks": {"31": {"id": 31, "help_doc": null, "period_end": 10, "inheritance": "Preset", "period_start": 1, "help_doc_title": null, "parameter_set_treatment": 51}, "32": {"id": 32, "help_doc": null, "period_end": 20, "inheritance": "Copy", "period_start": 11, "help_doc_title": null, "parameter_set_treatment": 52}, "33": {"id": 33, "help_doc": null, "period_end": 30, "inheritance": "Midpoint", "period_start": 21, "help_doc_title": null, "parameter_set_treatment": 52}}, "parameter_set_players_order": [23, 24, 25, 26, 27, 28, 29, 30], "parameter_set_treatments_order": [51, 52, 53], "parameter_set_periodblocks_order": [31, 32, 33]}, "timestamp": "2025-03-31T20:06:28.566Z", "updated": "2025-04-07T19:21:03.418Z"}}, {"model": "main.parameterset", "pk": 9, "fields": {"period_length": 1, "show_instructions": true, "survey_required": false, "survey_link": "", "prolific_mode": false, "prolific_completion_link": "", "inheritance_window": 10, "reconnection_limit": 25, "test_mode": true, "json_for_session": {"id": 9, "test_mode": 1, "survey_link": "", "period_length": 1, "prolific_mode": 0, "survey_required": 0, "show_instructions": 1, "inheritance_window": 10, "reconnection_limit": 25, "parameter_set_players": {"62": {"id": 62, "id_label": "Red", "hex_color": "IndianRed", "player_number": 1, "instruction_set": 1, "instruction_set_label": "One", "parameter_set_player_groups": {"117": {"id": 378, "position": 1, "start_box": 10, "group_number": 1, "parameter_set_period_block": 117}, "118": {"id": 379, "position": 1, "start_box": 0, "group_number": 1, "parameter_set_period_block": 118}, "119": {"id": 380, "position": 1, "start_box": 0, "group_number": 1, "parameter_set_period_block": 119}}}, "63": {"id": 63, "id_label": "Purple", "hex_color": "MediumPurple", "player_number": 2, "instruction_set": 1, "instruction_set_label": "One", "parameter_set_player_groups": {"117": {"id": 381, "position": 2, "start_box": 20, "group_number": 1, "parameter_set_period_block": 117}, "118": {"id": 382, "position": 2, "start_box": 0, "group_number": 1, "parameter_set_period_block": 118}, "119": {"id": 383, "position": 2, "start_box": 0, "group_number": 1, "parameter_set_period_block": 119}}}}, "parameter_set_treatments": {"86": {"id": 86, "costs": "0.0707,0.0707,0.0707,0.0707", "values": "1.4142,1.3999,1.3856,1.3713,1.3571,1.3428,1.3285,1.3142,1.2999,1.2856,1.2714,1.2571,1.2428,1.2285,1.2142,1.1999,1.1856,1.1714,1.1571,1.1428,1.1285,1.1142,1.0999,1.0856,1.0714,1.0571,1.0428,1.0285,1.0142,0.9999,0.9857,0.9714,0.9571,0.9428,0.9285,0.9142,0.8999,0.8857,0.8714,0.8571,0.8428,0.8285,0.8142,0.8000,0.7857,0.7714,0.7571,0.7428,0.7285,0.7142,0.7000,0.6857,0.6714,0.6571,0.6428,0.6285,0.6142,0.6000,0.5857,0.5714,0.5571,0.5428,0.5285,0.5143,0.5000,0.4857,0.4714,0.4571,0.4428,0.4285,0.4143,0.4000,0.3857,0.3714,0.3571,0.3428,0.3286,0.3143,0.3000,0.2857,0.2714,0.2571,0.2428,0.2286,0.2143,0.2000,0.1857,0.1714,0.1571,0.1428,0.1286,0.1143,0.1000,0.0857,0.0714,0.0571,0.0429,0.0286,0.0143,0.0000", "cost_area": "0.1000", "enable_chat": 1, "range_width": "1.4142", "scale_width": "1.4142", "cost_percent": "0.1000", "id_label_pst": "Area 1", "range_height": "1.4142", "revenue_area": "1.0000", "scale_height": "1.4142", "values_count": 100, "enable_contest": 1, "preserve_order": 1, "scale_height_ticks": 10, "enable_ready_button": 1, "enable_transfer_cents": 1}, "87": {"id": 87, "costs": "0.1273,0.1273,0.1273,0.1273", "values": "2.5455,2.5198,2.4941,2.4684,2.4427,2.4169,2.3912,2.3655,2.3398,2.3141,2.2884,2.2627,2.2370,2.2112,2.1855,2.1598,2.1341,2.1084,2.0827,2.0570,2.0313,2.0055,1.9798,1.9541,1.9284,1.9027,1.8770,1.8513,1.8256,1.7998,1.7741,1.7484,1.7227,1.6970,1.6713,1.6456,1.6199,1.5942,1.5684,1.5427,1.5170,1.4913,1.4656,1.4399,1.4142,1.3885,1.3627,1.3370,1.3113,1.2856,1.2599,1.2342,1.2085,1.1828,1.1570,1.1313,1.1056,1.0799,1.0542,1.0285,1.0028,0.9771,0.9513,0.9256,0.8999,0.8742,0.8485,0.8228,0.7971,0.7714,0.7457,0.7199,0.6942,0.6685,0.6428,0.6171,0.5914,0.5657,0.5400,0.5142,0.4885,0.4628,0.4371,0.4114,0.3857,0.3600,0.3343,0.3085,0.2828,0.2571,0.2314,0.2057,0.1800,0.1543,0.1286,0.1028,0.0771,0.0514,0.0257,0.0000", "cost_area": "0.9001", "enable_chat": 1, "range_width": "7.0710", "scale_width": "14.1420", "cost_percent": "0.1000", "id_label_pst": "Tall", "range_height": "2.5455", "revenue_area": "8.9996", "scale_height": "2.7500", "values_count": 100, "enable_contest": 1, "preserve_order": 0, "scale_height_ticks": 10, "enable_ready_button": 1, "enable_transfer_cents": 1}, "88": {"id": 88, "costs": "0.0636,0.0636,0.0636,0.0636", "values": "1.2729,1.2600,1.2472,1.2343,1.2215,1.2086,1.1958,1.1829,1.1700,1.1572,1.1443,1.1315,1.1186,1.1058,1.0929,1.0800,1.0672,1.0543,1.0415,1.0286,1.0157,1.0029,0.9900,0.9772,0.9643,0.9515,0.9386,0.9257,0.9129,0.9000,0.8872,0.8743,0.8615,0.8486,0.8357,0.8229,0.8100,0.7972,0.7843,0.7715,0.7586,0.7457,0.7329,0.7200,0.7072,0.6943,0.6815,0.6686,0.6557,0.6429,0.6300,0.6172,0.6043,0.5914,0.5786,0.5657,0.5529,0.5400,0.5272,0.5143,0.5014,0.4886,0.4757,0.4629,0.4500,0.4372,0.4243,0.4114,0.3986,0.3857,0.3729,0.3600,0.3472,0.3343,0.3214,0.3086,0.2957,0.2829,0.2700,0.2572,0.2443,0.2314,0.2186,0.2057,0.1929,0.1800,0.1671,0.1543,0.1414,0.1286,0.1157,0.1029,0.0900,0.0771,0.0643,0.0514,0.0386,0.0257,0.0129,-0.0000", "cost_area": "0.8994", "enable_chat": 1, "range_width": "14.1420", "scale_width": "14.1420", "cost_percent": "0.1000", "id_label_pst": "Wide", "range_height": "1.2729", "revenue_area": "9.0007", "scale_height": "2.7500", "values_count": 100, "enable_contest": 1, "preserve_order": 0, "scale_height_ticks": 10, "enable_ready_button": 1, "enable_transfer_cents": 1}}, "prolific_completion_link": "", "parameter_set_periodblocks": {"117": {"id": 117, "help_doc": null, "period_end": 10, "inheritance": "Preset", "period_start": 1, "help_doc_title": null, "parameter_set_treatment": 86}, "118": {"id": 118, "help_doc": null, "period_end": 20, "inheritance": "Copy", "period_start": 11, "help_doc_title": null, "parameter_set_treatment": 87}, "119": {"id": 119, "help_doc": null, "period_end": 30, "inheritance": "Midpoint", "period_start": 21, "help_doc_title": null, "parameter_set_treatment": 87}}, "parameter_set_players_order": [62, 63], "parameter_set_treatments_order": [86, 87, 88], "parameter_set_periodblocks_order": [117, 118, 119]}, "timestamp": "2025-04-02T19:32:47.461Z", "updated": "2025-04-07T18:33:27.071Z"}}, {"model": "main.parametersetplayer", "pk": 11, "fields": {"parameter_set": 5, "instruction_set": 1, "id_label": "Red", "player_number": 1, "hex_color": "Crimson", "timestamp": "2025-02-26T19:00:51.248Z", "updated": "2025-03-12T18:35:48.420Z"}}, {"model": "main.parametersetplayer", "pk": 12, "fields": {"parameter_set": 5, "instruction_set": 1, "id_label": "Purple", "player_number": 2, "hex_color": "MediumPurple", "timestamp": "2025-02-26T19:00:51.262Z", "updated": "2025-03-12T18:35:48.428Z"}}, {"model": "main.parametersetplayer", "pk": 16, "fields": {"parameter_set": 6, "instruction_set": 1, "id_label": "Red", "player_number": 1, "hex_color": "Crimson", "timestamp": "2025-03-04T22:06:26.155Z", "updated": "2025-03-13T18:15:04.623Z"}}, {"model": "main.parametersetplayer", "pk": 17, "fields": {"parameter_set": 6, "instruction_set": 1, "id_label": "Purple", "player_number": 2, "hex_color": "MediumPurple", "timestamp": "2025-03-04T22:06:26.170Z", "updated": "2025-03-13T18:15:04.635Z"}}, {"model": "main.parametersetplayer", "pk": 23, "fields": {"parameter_set": 7, "instruction_set": 1, "id_label": "Red", "player_number": 1, "hex_color": "IndianRed", "timestamp": "2025-03-31T20:06:59.096Z", "updated": "2025-03-31T20:52:32.119Z"}}, {"model": "main.parametersetplayer", "pk": 24, "fields": {"parameter_set": 7, "instruction_set": 1, "id_label": "Purple", "player_number": 2, "hex_color": "MediumPurple", "timestamp": "2025-03-31T20:06:59.114Z", "updated": "2025-04-07T18:32:17.286Z"}}, {"model": "main.parametersetplayer", "pk": 25, "fields": {"parameter_set": 7, "instruction_set": 1, "id_label": "Blue", "player_number": 3, "hex_color": "CornflowerBlue", "timestamp": "2025-03-31T20:06:59.130Z", "updated": "2025-04-07T18:32:19.625Z"}}, {"model": "main.parametersetplayer", "pk": 26, "fields": {"parameter_set": 7, "instruction_set": 1, "id_label": "Orange", "player_number": 4, "hex_color": "Orange", "timestamp": "2025-03-31T20:06:59.145Z", "updated": "2025-04-07T18:32:22.733Z"}}, {"model": "main.parametersetplayer", "pk": 27, "fields": {"parameter_set": 7, "instruction_set": 1, "id_label": "Red", "player_number": 5, "hex_color": "IndianRed", "timestamp": "2025-03-31T20:06:59.159Z", "updated": "2025-04-07T18:32:25.526Z"}}, {"model": "main.parametersetplayer", "pk": 28, "fields": {"parameter_set": 7, "instruction_set": 1, "id_label": "Purple", "player_number": 6, "hex_color": "MediumPurple", "timestamp": "2025-03-31T20:06:59.173Z", "updated": "2025-04-07T18:32:28.413Z"}}, {"model": "main.parametersetplayer", "pk": 29, "fields": {"parameter_set": 7, "instruction_set": 1, "id_label": "Blue", "player_number": 7, "hex_color": "CornflowerBlue", "timestamp": "2025-03-31T20:06:59.187Z", "updated": "2025-04-07T18:32:30.798Z"}}, {"model": "main.parametersetplayer", "pk": 30, "fields": {"parameter_set": 7, "instruction_set": 1, "id_label": "Orange", "player_number": 8, "hex_color": "Orange", "timestamp": "2025-03-31T20:06:59.202Z", "updated": "2025-04-07T18:32:33.000Z"}}, {"model": "main.parametersetplayer", "pk": 31, "fields": {"parameter_set": 1, "instruction_set": 1, "id_label": "1", "player_number": 1, "hex_color": "crimson", "timestamp": "2025-03-31T20:54:54.143Z", "updated": "2025-04-03T17:46:23.459Z"}}, {"model": "main.parametersetplayer", "pk": 62, "fields": {"parameter_set": 9, "instruction_set": 1, "id_label": "Red", "player_number": 1, "hex_color": "IndianRed", "timestamp": "2025-04-07T18:33:13.133Z", "updated": "2025-04-07T18:33:27.053Z"}}, {"model": "main.parametersetplayer", "pk": 63, "fields": {"parameter_set": 9, "instruction_set": 1, "id_label": "Purple", "player_number": 2, "hex_color": "MediumPurple", "timestamp": "2025-04-07T18:33:13.150Z", "updated": "2025-04-07T18:33:27.063Z"}}, {"model": "main.parametersettreatment", "pk": 4, "fields": {"parameter_set": 5, "id_label_pst": "1", "range_width": "5.0000", "range_height": "10.0000", "scale_width": "5.0000", "scale_height": "2.0000", "values": "10.0,9.9,9.8,9.7,9.6,9.5,9.4,9.3,9.2,9.1,9.0,8.9,8.8,8.7,8.6,8.5,8.4,8.3,8.2,8.1,8.0,7.9,7.8,7.7,7.6,7.5,7.4,7.3,7.2,7.1,7.0,6.9,6.8,6.7,6.6,6.5,6.4,6.3,6.2,6.1,6.0,5.9,5.8,5.7,5.6,5.5,5.4,5.3,5.2,5.1,5.0,4.9,4.8,4.7,4.6,4.5,4.4,4.3,4.2,4.1,4.0,3.9,3.8,3.7,3.6,3.5,3.4,3.3,3.2,3.1,3.0,2.9,2.8,2.7,2.6,2.5,2.4,2.3,2.2,2.1,2.0,1.9,1.8,1.7,1.6,1.5,1.4,1.3,1.2,1.1", "values_count": 100, "scale_height_ticks": 10, "costs": "1.75,1.75,1.75,1.75", "cost_percent": "2.0000", "cost_area": "0.0000", "revenue_area": "0.0000", "preserve_order": true, "enable_chat": false, "enable_transfer_cents": false, "enable_contest": true, "enable_ready_button": true, "timestamp": "2025-02-26T19:00:51.205Z", "updated": "2025-03-06T16:45:04.934Z"}}, {"model": "main.parametersettreatment", "pk": 5, "fields": {"parameter_set": 5, "id_label_pst": "2", "range_width": "5.0000", "range_height": "10.0000", "scale_width": "5.0000", "scale_height": "2.0000", "values": "5.50, 5.45, 5.40, 5.35, 5.30, 5.25, 5.20, 5.15, 5.10, 5.05, 5.00, 4.95, 4.90, 4.85, 4.80, 4.75, 4.70, 4.65, 4.60, 4.55, 4.50, 4.45, 4.40, 4.35, 4.30, 4.25, 4.20, 4.15, 4.10, 4.05, 4.00, 3.95, 3.90, 3.85, 3.80, 3.75, 3.70, 3.65, 3.60, 3.55, 3.50, 3.45, 3.40, 3.35, 3.30, 3.25, 3.20, 3.15, 3.10, 3.05, 3.00, 2.95, 2.90, 2.85, 2.80, 2.75, 2.70, 2.65, 2.60, 2.55, 2.50, 2.45, 2.40, 2.35, 2.30, 2.25, 2.20, 2.15, 2.10, 2.05, 2.00, 1.95, 1.90, 1.85, 1.80, 1.75, 1.70, 1.65, 1.60, 1.55, 1.50, 1.45, 1.40, 1.35, 1.30, 1.25, 1.20, 1.15, 1.10, 1.05, 1.00", "values_count": 100, "scale_height_ticks": 10, "costs": "1.75,1.75,1.75,1.75", "cost_percent": "2.0000", "cost_area": "0.0000", "revenue_area": "0.0000", "preserve_order": false, "enable_chat": true, "enable_transfer_cents": true, "enable_contest": true, "enable_ready_button": true, "timestamp": "2025-02-26T19:00:51.210Z", "updated": "2025-03-03T17:42:52.799Z"}}, {"model": "main.parametersettreatment", "pk": 6, "fields": {"parameter_set": 6, "id_label_pst": "1 with ready", "range_width": "5.0000", "range_height": "10.0000", "scale_width": "5.0000", "scale_height": "2.0000", "values": "10.0,9.9,9.8,9.7,9.6,9.5,9.4,9.3,9.2,9.1,9.0,8.9,8.8,8.7,8.6,8.5,8.4,8.3,8.2,8.1,8.0,7.9,7.8,7.7,7.6,7.5,7.4,7.3,7.2,7.1,7.0,6.9,6.8,6.7,6.6,6.5,6.4,6.3,6.2,6.1,6.0,5.9,5.8,5.7,5.6,5.5,5.4,5.3,5.2,5.1,5.0,4.9,4.8,4.7,4.6,4.5,4.4,4.3,4.2,4.1,4.0,3.9,3.8,3.7,3.6,3.5,3.4,3.3,3.2,3.1,3.0,2.9,2.8,2.7,2.6,2.5,2.4,2.3,2.2,2.1,2.0,1.9,1.8,1.7,1.6,1.5,1.4,1.3,1.2,1.1", "values_count": 100, "scale_height_ticks": 10, "costs": "1.75,1.75,1.75,1.75", "cost_percent": "2.0000", "cost_area": "0.0000", "revenue_area": "0.0000", "preserve_order": false, "enable_chat": false, "enable_transfer_cents": false, "enable_contest": true, "enable_ready_button": true, "timestamp": "2025-03-04T22:06:26.123Z", "updated": "2025-03-24T20:31:41.274Z"}}, {"model": "main.parametersettreatment", "pk": 7, "fields": {"parameter_set": 6, "id_label_pst": "2", "range_width": "5.0000", "range_height": "10.0000", "scale_width": "5.0000", "scale_height": "2.0000", "values": "5.50, 5.45, 5.40, 5.35, 5.30, 5.25, 5.20, 5.15, 5.10, 5.05, 5.00, 4.95, 4.90, 4.85, 4.80, 4.75, 4.70, 4.65, 4.60, 4.55, 4.50, 4.45, 4.40, 4.35, 4.30, 4.25, 4.20, 4.15, 4.10, 4.05, 4.00, 3.95, 3.90, 3.85, 3.80, 3.75, 3.70, 3.65, 3.60, 3.55, 3.50, 3.45, 3.40, 3.35, 3.30, 3.25, 3.20, 3.15, 3.10, 3.05, 3.00, 2.95, 2.90, 2.85, 2.80, 2.75, 2.70, 2.65, 2.60, 2.55, 2.50, 2.45, 2.40, 2.35, 2.30, 2.25, 2.20, 2.15, 2.10, 2.05, 2.00, 1.95, 1.90, 1.85, 1.80, 1.75, 1.70, 1.65, 1.60, 1.55, 1.50, 1.45, 1.40, 1.35, 1.30, 1.25, 1.20, 1.15, 1.10, 1.05, 1.00", "values_count": 100, "scale_height_ticks": 10, "costs": "1.75,1.75,1.75,1.75", "cost_percent": "2.0000", "cost_area": "0.0000", "revenue_area": "0.0000", "preserve_order": false, "enable_chat": true, "enable_transfer_cents": true, "enable_contest": true, "enable_ready_button": true, "timestamp": "2025-03-04T22:06:26.130Z", "updated": "2025-03-04T22:06:26.133Z"}}, {"model": "main.parametersettreatment", "pk": 16, "fields": {"parameter_set": 6, "id_label_pst": "1 chat only", "range_width": "5.0000", "range_height": "10.0000", "scale_width": "5.0000", "scale_height": "2.0000", "values": "10.0,9.9,9.8,9.7,9.6,9.5,9.4,9.3,9.2,9.1,9.0,8.9,8.8,8.7,8.6,8.5,8.4,8.3,8.2,8.1,8.0,7.9,7.8,7.7,7.6,7.5,7.4,7.3,7.2,7.1,7.0,6.9,6.8,6.7,6.6,6.5,6.4,6.3,6.2,6.1,6.0,5.9,5.8,5.7,5.6,5.5,5.4,5.3,5.2,5.1,5.0,4.9,4.8,4.7,4.6,4.5,4.4,4.3,4.2,4.1,4.0,3.9,3.8,3.7,3.6,3.5,3.4,3.3,3.2,3.1,3.0,2.9,2.8,2.7,2.6,2.5,2.4,2.3,2.2,2.1,2.0,1.9,1.8,1.7,1.6,1.5,1.4,1.3,1.2,1.1", "values_count": 100, "scale_height_ticks": 10, "costs": "1.75,1.75,1.75,1.75", "cost_percent": "2.0000", "cost_area": "0.0000", "revenue_area": "0.0000", "preserve_order": false, "enable_chat": true, "enable_transfer_cents": true, "enable_contest": false, "enable_ready_button": false, "timestamp": "2025-03-24T20:27:56.974Z", "updated": "2025-03-24T20:32:38.885Z"}}, {"model": "main.parametersettreatment", "pk": 17, "fields": {"parameter_set": 6, "id_label_pst": "1 with chat", "range_width": "5.0000", "range_height": "10.0000", "scale_width": "5.0000", "scale_height": "2.0000", "values": "10.0,9.9,9.8,9.7,9.6,9.5,9.4,9.3,9.2,9.1,9.0,8.9,8.8,8.7,8.6,8.5,8.4,8.3,8.2,8.1,8.0,7.9,7.8,7.7,7.6,7.5,7.4,7.3,7.2,7.1,7.0,6.9,6.8,6.7,6.6,6.5,6.4,6.3,6.2,6.1,6.0,5.9,5.8,5.7,5.6,5.5,5.4,5.3,5.2,5.1,5.0,4.9,4.8,4.7,4.6,4.5,4.4,4.3,4.2,4.1,4.0,3.9,3.8,3.7,3.6,3.5,3.4,3.3,3.2,3.1,3.0,2.9,2.8,2.7,2.6,2.5,2.4,2.3,2.2,2.1,2.0,1.9,1.8,1.7,1.6,1.5,1.4,1.3,1.2,1.1", "values_count": 100, "scale_height_ticks": 10, "costs": "1.75,1.75,1.75,1.75", "cost_percent": "2.0000", "cost_area": "0.0000", "revenue_area": "0.0000", "preserve_order": false, "enable_chat": true, "enable_transfer_cents": true, "enable_contest": true, "enable_ready_button": true, "timestamp": "2025-03-24T20:28:51.878Z", "updated": "2025-03-24T20:30:00.687Z"}}, {"model": "main.parametersettreatment", "pk": 47, "fields": {"parameter_set": 1, "id_label_pst": "Start free-for-all", "range_width": "7.0710", "range_height": "2.5455", "scale_width": "14.1420", "scale_height": "2.7500", "values": "2.5455,2.5198,2.4941,2.4684,2.4427,2.4169,2.3912,2.3655,2.3398,2.3141,2.2884,2.2627,2.2370,2.2112,2.1855,2.1598,2.1341,2.1084,2.0827,2.0570,2.0313,2.0055,1.9798,1.9541,1.9284,1.9027,1.8770,1.8513,1.8256,1.7998,1.7741,1.7484,1.7227,1.6970,1.6713,1.6456,1.6199,1.5942,1.5684,1.5427,1.5170,1.4913,1.4656,1.4399,1.4142,1.3885,1.3627,1.3370,1.3113,1.2856,1.2599,1.2342,1.2085,1.1828,1.1570,1.1313,1.1056,1.0799,1.0542,1.0285,1.0028,0.9771,0.9513,0.9256,0.8999,0.8742,0.8485,0.8228,0.7971,0.7714,0.7457,0.7199,0.6942,0.6685,0.6428,0.6171,0.5914,0.5657,0.5400,0.5142,0.4885,0.4628,0.4371,0.4114,0.3857,0.3600,0.3343,0.3085,0.2828,0.2571,0.2314,0.2057,0.1800,0.1543,0.1286,0.1028,0.0771,0.0514,0.0257,0.0000", "values_count": 100, "scale_height_ticks": 10, "costs": "0.1273,0.1273,0.1273,0.1273", "cost_percent": "0.1000", "cost_area": "0.9001", "revenue_area": "8.9996", "preserve_order": false, "enable_chat": false, "enable_transfer_cents": false, "enable_contest": true, "enable_ready_button": true, "timestamp": "2025-03-31T19:33:52.836Z", "updated": "2025-03-31T19:33:52.839Z"}}, {"model": "main.parametersettreatment", "pk": 48, "fields": {"parameter_set": 1, "id_label_pst": "Chat only - ready button", "range_width": "7.0710", "range_height": "2.5455", "scale_width": "14.1420", "scale_height": "2.7500", "values": "2.5455,2.5198,2.4941,2.4684,2.4427,2.4169,2.3912,2.3655,2.3398,2.3141,2.2884,2.2627,2.2370,2.2112,2.1855,2.1598,2.1341,2.1084,2.0827,2.0570,2.0313,2.0055,1.9798,1.9541,1.9284,1.9027,1.8770,1.8513,1.8256,1.7998,1.7741,1.7484,1.7227,1.6970,1.6713,1.6456,1.6199,1.5942,1.5684,1.5427,1.5170,1.4913,1.4656,1.4399,1.4142,1.3885,1.3627,1.3370,1.3113,1.2856,1.2599,1.2342,1.2085,1.1828,1.1570,1.1313,1.1056,1.0799,1.0542,1.0285,1.0028,0.9771,0.9513,0.9256,0.8999,0.8742,0.8485,0.8228,0.7971,0.7714,0.7457,0.7199,0.6942,0.6685,0.6428,0.6171,0.5914,0.5657,0.5400,0.5142,0.4885,0.4628,0.4371,0.4114,0.3857,0.3600,0.3343,0.3085,0.2828,0.2571,0.2314,0.2057,0.1800,0.1543,0.1286,0.1028,0.0771,0.0514,0.0257,0.0000", "values_count": 100, "scale_height_ticks": 10, "costs": "0.1273,0.1273,0.1273,0.1273", "cost_percent": "0.1000", "cost_area": "0.9001", "revenue_area": "8.9996", "preserve_order": false, "enable_chat": true, "enable_transfer_cents": true, "enable_contest": false, "enable_ready_button": true, "timestamp": "2025-03-31T19:33:52.841Z", "updated": "2025-03-31T19:33:52.844Z"}}, {"model": "main.parametersettreatment", "pk": 49, "fields": {"parameter_set": 1, "id_label_pst": "Start free-for-all (copy)", "range_width": "7.0710", "range_height": "2.5455", "scale_width": "14.1420", "scale_height": "2.7500", "values": "2.5455,2.5198,2.4941,2.4684,2.4427,2.4169,2.3912,2.3655,2.3398,2.3141,2.2884,2.2627,2.2370,2.2112,2.1855,2.1598,2.1341,2.1084,2.0827,2.0570,2.0313,2.0055,1.9798,1.9541,1.9284,1.9027,1.8770,1.8513,1.8256,1.7998,1.7741,1.7484,1.7227,1.6970,1.6713,1.6456,1.6199,1.5942,1.5684,1.5427,1.5170,1.4913,1.4656,1.4399,1.4142,1.3885,1.3627,1.3370,1.3113,1.2856,1.2599,1.2342,1.2085,1.1828,1.1570,1.1313,1.1056,1.0799,1.0542,1.0285,1.0028,0.9771,0.9513,0.9256,0.8999,0.8742,0.8485,0.8228,0.7971,0.7714,0.7457,0.7199,0.6942,0.6685,0.6428,0.6171,0.5914,0.5657,0.5400,0.5142,0.4885,0.4628,0.4371,0.4114,0.3857,0.3600,0.3343,0.3085,0.2828,0.2571,0.2314,0.2057,0.1800,0.1543,0.1286,0.1028,0.0771,0.0514,0.0257,0.0000", "values_count": 100, "scale_height_ticks": 10, "costs": "0.0071,0.0071,0.0071,0.0071", "cost_percent": "0.1000", "cost_area": "0.7100", "revenue_area": "8.9996", "preserve_order": false, "enable_chat": false, "enable_transfer_cents": false, "enable_contest": true, "enable_ready_button": true, "timestamp": "2025-03-31T19:33:52.847Z", "updated": "2025-04-02T17:56:18.371Z"}}, {"model": "main.parametersettreatment", "pk": 51, "fields": {"parameter_set": 7, "id_label_pst": "Area 1", "range_width": "1.4142", "range_height": "1.4142", "scale_width": "1.4142", "scale_height": "1.4142", "values": "1.4142,1.3999,1.3856,1.3713,1.3571,1.3428,1.3285,1.3142,1.2999,1.2856,1.2714,1.2571,1.2428,1.2285,1.2142,1.1999,1.1856,1.1714,1.1571,1.1428,1.1285,1.1142,1.0999,1.0856,1.0714,1.0571,1.0428,1.0285,1.0142,0.9999,0.9857,0.9714,0.9571,0.9428,0.9285,0.9142,0.8999,0.8857,0.8714,0.8571,0.8428,0.8285,0.8142,0.8000,0.7857,0.7714,0.7571,0.7428,0.7285,0.7142,0.7000,0.6857,0.6714,0.6571,0.6428,0.6285,0.6142,0.6000,0.5857,0.5714,0.5571,0.5428,0.5285,0.5143,0.5000,0.4857,0.4714,0.4571,0.4428,0.4285,0.4143,0.4000,0.3857,0.3714,0.3571,0.3428,0.3286,0.3143,0.3000,0.2857,0.2714,0.2571,0.2428,0.2286,0.2143,0.2000,0.1857,0.1714,0.1571,0.1428,0.1286,0.1143,0.1000,0.0857,0.0714,0.0571,0.0429,0.0286,0.0143,0.0000", "values_count": 100, "scale_height_ticks": 10, "costs": "0.0707,0.0707,0.0707,0.0707", "cost_percent": "0.1000", "cost_area": "0.1000", "revenue_area": "1.0000", "preserve_order": true, "enable_chat": true, "enable_transfer_cents": true, "enable_contest": true, "enable_ready_button": true, "timestamp": "2025-03-31T20:06:59.055Z", "updated": "2025-03-31T20:06:59.059Z"}}, {"model": "main.parametersettreatment", "pk": 52, "fields": {"parameter_set": 7, "id_label_pst": "Tall", "range_width": "7.0710", "range_height": "2.5455", "scale_width": "14.1420", "scale_height": "2.7500", "values": "2.5455,2.5198,2.4941,2.4684,2.4427,2.4169,2.3912,2.3655,2.3398,2.3141,2.2884,2.2627,2.2370,2.2112,2.1855,2.1598,2.1341,2.1084,2.0827,2.0570,2.0313,2.0055,1.9798,1.9541,1.9284,1.9027,1.8770,1.8513,1.8256,1.7998,1.7741,1.7484,1.7227,1.6970,1.6713,1.6456,1.6199,1.5942,1.5684,1.5427,1.5170,1.4913,1.4656,1.4399,1.4142,1.3885,1.3627,1.3370,1.3113,1.2856,1.2599,1.2342,1.2085,1.1828,1.1570,1.1313,1.1056,1.0799,1.0542,1.0285,1.0028,0.9771,0.9513,0.9256,0.8999,0.8742,0.8485,0.8228,0.7971,0.7714,0.7457,0.7199,0.6942,0.6685,0.6428,0.6171,0.5914,0.5657,0.5400,0.5142,0.4885,0.4628,0.4371,0.4114,0.3857,0.3600,0.3343,0.3085,0.2828,0.2571,0.2314,0.2057,0.1800,0.1543,0.1286,0.1028,0.0771,0.0514,0.0257,0.0000", "values_count": 100, "scale_height_ticks": 10, "costs": "0.1273,0.1273,0.1273,0.1273", "cost_percent": "0.1000", "cost_area": "0.9001", "revenue_area": "8.9996", "preserve_order": false, "enable_chat": true, "enable_transfer_cents": true, "enable_contest": true, "enable_ready_button": true, "timestamp": "2025-03-31T20:06:59.061Z", "updated": "2025-03-31T20:06:59.064Z"}}, {"model": "main.parametersettreatment", "pk": 53, "fields": {"parameter_set": 7, "id_label_pst": "Wide", "range_width": "14.1420", "range_height": "1.2729", "scale_width": "14.1420", "scale_height": "2.7500", "values": "1.2729,1.2600,1.2472,1.2343,1.2215,1.2086,1.1958,1.1829,1.1700,1.1572,1.1443,1.1315,1.1186,1.1058,1.0929,1.0800,1.0672,1.0543,1.0415,1.0286,1.0157,1.0029,0.9900,0.9772,0.9643,0.9515,0.9386,0.9257,0.9129,0.9000,0.8872,0.8743,0.8615,0.8486,0.8357,0.8229,0.8100,0.7972,0.7843,0.7715,0.7586,0.7457,0.7329,0.7200,0.7072,0.6943,0.6815,0.6686,0.6557,0.6429,0.6300,0.6172,0.6043,0.5914,0.5786,0.5657,0.5529,0.5400,0.5272,0.5143,0.5014,0.4886,0.4757,0.4629,0.4500,0.4372,0.4243,0.4114,0.3986,0.3857,0.3729,0.3600,0.3472,0.3343,0.3214,0.3086,0.2957,0.2829,0.2700,0.2572,0.2443,0.2314,0.2186,0.2057,0.1929,0.1800,0.1671,0.1543,0.1414,0.1286,0.1157,0.1029,0.0900,0.0771,0.0643,0.0514,0.0386,0.0257,0.0129,-0.0000", "values_count": 100, "scale_height_ticks": 10, "costs": "0.0636,0.0636,0.0636,0.0636", "cost_percent": "0.1000", "cost_area": "0.8994", "revenue_area": "9.0007", "preserve_order": false, "enable_chat": true, "enable_transfer_cents": true, "enable_contest": true, "enable_ready_button": true, "timestamp": "2025-03-31T20:06:59.066Z", "updated": "2025-03-31T20:06:59.068Z"}}, {"model": "main.parametersettreatment", "pk": 73, "fields": {"parameter_set": 1, "id_label_pst": "Chat only", "range_width": "7.0710", "range_height": "2.5455", "scale_width": "14.1420", "scale_height": "2.7500", "values": "2.5455,2.5198,2.4941,2.4684,2.4427,2.4169,2.3912,2.3655,2.3398,2.3141,2.2884,2.2627,2.2370,2.2112,2.1855,2.1598,2.1341,2.1084,2.0827,2.0570,2.0313,2.0055,1.9798,1.9541,1.9284,1.9027,1.8770,1.8513,1.8256,1.7998,1.7741,1.7484,1.7227,1.6970,1.6713,1.6456,1.6199,1.5942,1.5684,1.5427,1.5170,1.4913,1.4656,1.4399,1.4142,1.3885,1.3627,1.3370,1.3113,1.2856,1.2599,1.2342,1.2085,1.1828,1.1570,1.1313,1.1056,1.0799,1.0542,1.0285,1.0028,0.9771,0.9513,0.9256,0.8999,0.8742,0.8485,0.8228,0.7971,0.7714,0.7457,0.7199,0.6942,0.6685,0.6428,0.6171,0.5914,0.5657,0.5400,0.5142,0.4885,0.4628,0.4371,0.4114,0.3857,0.3600,0.3343,0.3085,0.2828,0.2571,0.2314,0.2057,0.1800,0.1543,0.1286,0.1028,0.0771,0.0514,0.0257,0.0000", "values_count": 100, "scale_height_ticks": 10, "costs": "0.0071,0.0071,0.0071,0.0071", "cost_percent": "0.1000", "cost_area": "0.7100", "revenue_area": "8.9996", "preserve_order": false, "enable_chat": true, "enable_transfer_cents": true, "enable_contest": false, "enable_ready_button": false, "timestamp": "2025-04-02T17:59:41.651Z", "updated": "2025-04-02T17:59:58.099Z"}}, {"model": "main.parametersettreatment", "pk": 86, "fields": {"parameter_set": 9, "id_label_pst": "Area 1", "range_width": "1.4142", "range_height": "1.4142", "scale_width": "1.4142", "scale_height": "1.4142", "values": "1.4142,1.3999,1.3856,1.3713,1.3571,1.3428,1.3285,1.3142,1.2999,1.2856,1.2714,1.2571,1.2428,1.2285,1.2142,1.1999,1.1856,1.1714,1.1571,1.1428,1.1285,1.1142,1.0999,1.0856,1.0714,1.0571,1.0428,1.0285,1.0142,0.9999,0.9857,0.9714,0.9571,0.9428,0.9285,0.9142,0.8999,0.8857,0.8714,0.8571,0.8428,0.8285,0.8142,0.8000,0.7857,0.7714,0.7571,0.7428,0.7285,0.7142,0.7000,0.6857,0.6714,0.6571,0.6428,0.6285,0.6142,0.6000,0.5857,0.5714,0.5571,0.5428,0.5285,0.5143,0.5000,0.4857,0.4714,0.4571,0.4428,0.4285,0.4143,0.4000,0.3857,0.3714,0.3571,0.3428,0.3286,0.3143,0.3000,0.2857,0.2714,0.2571,0.2428,0.2286,0.2143,0.2000,0.1857,0.1714,0.1571,0.1428,0.1286,0.1143,0.1000,0.0857,0.0714,0.0571,0.0429,0.0286,0.0143,0.0000", "values_count": 100, "scale_height_ticks": 10, "costs": "0.0707,0.0707,0.0707,0.0707", "cost_percent": "0.1000", "cost_area": "0.1000", "revenue_area": "1.0000", "preserve_order": true, "enable_chat": true, "enable_transfer_cents": true, "enable_contest": true, "enable_ready_button": true, "timestamp": "2025-04-07T18:33:13.075Z", "updated": "2025-04-07T18:33:13.079Z"}}, {"model": "main.parametersettreatment", "pk": 87, "fields": {"parameter_set": 9, "id_label_pst": "Tall", "range_width": "7.0710", "range_height": "2.5455", "scale_width": "14.1420", "scale_height": "2.7500", "values": "2.5455,2.5198,2.4941,2.4684,2.4427,2.4169,2.3912,2.3655,2.3398,2.3141,2.2884,2.2627,2.2370,2.2112,2.1855,2.1598,2.1341,2.1084,2.0827,2.0570,2.0313,2.0055,1.9798,1.9541,1.9284,1.9027,1.8770,1.8513,1.8256,1.7998,1.7741,1.7484,1.7227,1.6970,1.6713,1.6456,1.6199,1.5942,1.5684,1.5427,1.5170,1.4913,1.4656,1.4399,1.4142,1.3885,1.3627,1.3370,1.3113,1.2856,1.2599,1.2342,1.2085,1.1828,1.1570,1.1313,1.1056,1.0799,1.0542,1.0285,1.0028,0.9771,0.9513,0.9256,0.8999,0.8742,0.8485,0.8228,0.7971,0.7714,0.7457,0.7199,0.6942,0.6685,0.6428,0.6171,0.5914,0.5657,0.5400,0.5142,0.4885,0.4628,0.4371,0.4114,0.3857,0.3600,0.3343,0.3085,0.2828,0.2571,0.2314,0.2057,0.1800,0.1543,0.1286,0.1028,0.0771,0.0514,0.0257,0.0000", "values_count": 100, "scale_height_ticks": 10, "costs": "0.1273,0.1273,0.1273,0.1273", "cost_percent": "0.1000", "cost_area": "0.9001", "revenue_area": "8.9996", "preserve_order": false, "enable_chat": true, "enable_transfer_cents": true, "enable_contest": true, "enable_ready_button": true, "timestamp": "2025-04-07T18:33:13.081Z", "updated": "2025-04-07T18:33:13.084Z"}}, {"model": "main.parametersettreatment", "pk": 88, "fields": {"parameter_set": 9, "id_label_pst": "Wide", "range_width": "14.1420", "range_height": "1.2729", "scale_width": "14.1420", "scale_height": "2.7500", "values": "1.2729,1.2600,1.2472,1.2343,1.2215,1.2086,1.1958,1.1829,1.1700,1.1572,1.1443,1.1315,1.1186,1.1058,1.0929,1.0800,1.0672,1.0543,1.0415,1.0286,1.0157,1.0029,0.9900,0.9772,0.9643,0.9515,0.9386,0.9257,0.9129,0.9000,0.8872,0.8743,0.8615,0.8486,0.8357,0.8229,0.8100,0.7972,0.7843,0.7715,0.7586,0.7457,0.7329,0.7200,0.7072,0.6943,0.6815,0.6686,0.6557,0.6429,0.6300,0.6172,0.6043,0.5914,0.5786,0.5657,0.5529,0.5400,0.5272,0.5143,0.5014,0.4886,0.4757,0.4629,0.4500,0.4372,0.4243,0.4114,0.3986,0.3857,0.3729,0.3600,0.3472,0.3343,0.3214,0.3086,0.2957,0.2829,0.2700,0.2572,0.2443,0.2314,0.2186,0.2057,0.1929,0.1800,0.1671,0.1543,0.1414,0.1286,0.1157,0.1029,0.0900,0.0771,0.0643,0.0514,0.0386,0.0257,0.0129,-0.0000", "values_count": 100, "scale_height_ticks": 10, "costs": "0.0636,0.0636,0.0636,0.0636", "cost_percent": "0.1000", "cost_area": "0.8994", "revenue_area": "9.0007", "preserve_order": false, "enable_chat": true, "enable_transfer_cents": true, "enable_contest": true, "enable_ready_button": true, "timestamp": "2025-04-07T18:33:13.087Z", "updated": "2025-04-07T18:33:13.089Z"}}, {"model": "main.parametersetperiodblock", "pk": 4, "fields": {"parameter_set": 5, "parameter_set_treatment": 4, "help_doc": null, "period_start": 1, "period_end": 5, "inheritance": "Preset", "timestamp": "2025-02-26T19:00:51.223Z", "updated": "2025-02-26T19:00:51.229Z"}}, {"model": "main.parametersetperiodblock", "pk": 5, "fields": {"parameter_set": 5, "parameter_set_treatment": 5, "help_doc": null, "period_start": 6, "period_end": 200, "inheritance": "Preset", "timestamp": "2025-02-26T19:00:51.232Z", "updated": "2025-03-17T21:19:17.278Z"}}, {"model": "main.parametersetperiodblock", "pk": 8, "fields": {"parameter_set": 5, "parameter_set_treatment": 5, "help_doc": null, "period_start": 201, "period_end": 300, "inheritance": "Preset", "timestamp": "2025-03-06T18:03:08.686Z", "updated": "2025-03-17T21:19:23.803Z"}}, {"model": "main.parametersetperiodblock", "pk": 9, "fields": {"parameter_set": 6, "parameter_set_treatment": 6, "help_doc": null, "period_start": 1, "period_end": 10, "inheritance": "Preset", "timestamp": "2025-03-11T19:03:43.788Z", "updated": "2025-03-24T20:30:40.578Z"}}, {"model": "main.parametersetperiodblock", "pk": 11, "fields": {"parameter_set": 6, "parameter_set_treatment": 16, "help_doc": null, "period_start": 11, "period_end": 20, "inheritance": "Preset", "timestamp": "2025-03-13T17:11:28.642Z", "updated": "2025-03-24T20:30:44.760Z"}}, {"model": "main.parametersetperiodblock", "pk": 17, "fields": {"parameter_set": 6, "parameter_set_treatment": 17, "help_doc": null, "period_start": 21, "period_end": 30, "inheritance": "Preset", "timestamp": "2025-03-14T17:10:56.274Z", "updated": "2025-03-24T20:30:50.031Z"}}, {"model": "main.parametersetperiodblock", "pk": 30, "fields": {"parameter_set": 1, "parameter_set_treatment": 47, "help_doc": null, "period_start": 1, "period_end": 54, "inheritance": "Preset", "timestamp": "2025-03-31T19:40:09.718Z", "updated": "2025-04-03T17:45:30.311Z"}}, {"model": "main.parametersetperiodblock", "pk": 31, "fields": {"parameter_set": 7, "parameter_set_treatment": 51, "help_doc": null, "period_start": 1, "period_end": 10, "inheritance": "Preset", "timestamp": "2025-03-31T20:06:59.074Z", "updated": "2025-03-31T20:55:28.321Z"}}, {"model": "main.parametersetperiodblock", "pk": 32, "fields": {"parameter_set": 7, "parameter_set_treatment": 52, "help_doc": null, "period_start": 11, "period_end": 20, "inheritance": "Copy", "timestamp": "2025-03-31T20:06:59.080Z", "updated": "2025-03-31T20:55:30.275Z"}}, {"model": "main.parametersetperiodblock", "pk": 33, "fields": {"parameter_set": 7, "parameter_set_treatment": 52, "help_doc": null, "period_start": 21, "period_end": 30, "inheritance": "Midpoint", "timestamp": "2025-03-31T20:06:59.089Z", "updated": "2025-03-31T20:55:33.198Z"}}, {"model": "main.parametersetperiodblock", "pk": 75, "fields": {"parameter_set": 1, "parameter_set_treatment": 48, "help_doc": null, "period_start": 56, "period_end": 57, "inheritance": "Midpoint", "timestamp": "2025-04-02T17:58:26.463Z", "updated": "2025-04-03T17:45:18.897Z"}}, {"model": "main.parametersetperiodblock", "pk": 76, "fields": {"parameter_set": 1, "parameter_set_treatment": 48, "help_doc": null, "period_start": 58, "period_end": 59, "inheritance": "Copy", "timestamp": "2025-04-02T17:58:36.343Z", "updated": "2025-04-03T17:45:24.886Z"}}, {"model": "main.parametersetperiodblock", "pk": 117, "fields": {"parameter_set": 9, "parameter_set_treatment": 86, "help_doc": null, "period_start": 1, "period_end": 10, "inheritance": "Preset", "timestamp": "2025-04-07T18:33:13.100Z", "updated": "2025-04-07T18:33:13.105Z"}}, {"model": "main.parametersetperiodblock", "pk": 118, "fields": {"parameter_set": 9, "parameter_set_treatment": 87, "help_doc": null, "period_start": 11, "period_end": 20, "inheritance": "Copy", "timestamp": "2025-04-07T18:33:13.107Z", "updated": "2025-04-07T18:33:13.113Z"}}, {"model": "main.parametersetperiodblock", "pk": 119, "fields": {"parameter_set": 9, "parameter_set_treatment": 87, "help_doc": null, "period_start": 21, "period_end": 30, "inheritance": "Midpoint", "timestamp": "2025-04-07T18:33:13.115Z", "updated": "2025-04-07T18:33:13.120Z"}}, {"model": "main.parametersetplayergroup", "pk": 16, "fields": {"parameter_set_player": 11, "parameter_set_period_block": 4, "group_number": 1, "position": 1, "start_box": 0, "timestamp": "2025-02-26T19:00:51.254Z", "updated": "2025-02-26T19:00:51.254Z"}}, {"model": "main.parametersetplayergroup", "pk": 17, "fields": {"parameter_set_player": 11, "parameter_set_period_block": 5, "group_number": 1, "position": 1, "start_box": 10, "timestamp": "2025-02-26T19:00:51.256Z", "updated": "2025-02-27T18:19:23.769Z"}}, {"model": "main.parametersetplayergroup", "pk": 18, "fields": {"parameter_set_player": 12, "parameter_set_period_block": 4, "group_number": 1, "position": 2, "start_box": 1, "timestamp": "2025-02-26T19:00:51.268Z", "updated": "2025-03-31T21:00:35.867Z"}}, {"model": "main.parametersetplayergroup", "pk": 19, "fields": {"parameter_set_player": 12, "parameter_set_period_block": 5, "group_number": 1, "position": 2, "start_box": 20, "timestamp": "2025-02-26T19:00:51.270Z", "updated": "2025-02-27T18:19:29.676Z"}}, {"model": "main.parametersetplayergroup", "pk": 30, "fields": {"parameter_set_player": 11, "parameter_set_period_block": 8, "group_number": 1, "position": 1, "start_box": 0, "timestamp": "2025-03-06T18:03:08.692Z", "updated": "2025-03-06T18:03:08.692Z"}}, {"model": "main.parametersetplayergroup", "pk": 31, "fields": {"parameter_set_player": 12, "parameter_set_period_block": 8, "group_number": 1, "position": 1, "start_box": 0, "timestamp": "2025-03-06T18:03:08.695Z", "updated": "2025-03-06T18:03:08.695Z"}}, {"model": "main.parametersetplayergroup", "pk": 32, "fields": {"parameter_set_player": 16, "parameter_set_period_block": 9, "group_number": 1, "position": 1, "start_box": 0, "timestamp": "2025-03-11T19:03:43.794Z", "updated": "2025-03-11T19:03:43.794Z"}}, {"model": "main.parametersetplayergroup", "pk": 33, "fields": {"parameter_set_player": 17, "parameter_set_period_block": 9, "group_number": 1, "position": 2, "start_box": 1, "timestamp": "2025-03-11T19:03:43.797Z", "updated": "2025-03-13T17:26:04.009Z"}}, {"model": "main.parametersetplayergroup", "pk": 39, "fields": {"parameter_set_player": 16, "parameter_set_period_block": 11, "group_number": 1, "position": 1, "start_box": 0, "timestamp": "2025-03-13T17:11:28.650Z", "updated": "2025-03-13T17:25:59.269Z"}}, {"model": "main.parametersetplayergroup", "pk": 40, "fields": {"parameter_set_player": 17, "parameter_set_period_block": 11, "group_number": 1, "position": 2, "start_box": 1, "timestamp": "2025-03-13T17:11:28.653Z", "updated": "2025-03-13T17:26:08.635Z"}}, {"model": "main.parametersetplayergroup", "pk": 54, "fields": {"parameter_set_player": 16, "parameter_set_period_block": 17, "group_number": 1, "position": 1, "start_box": 0, "timestamp": "2025-03-14T17:10:56.284Z", "updated": "2025-03-14T17:10:56.288Z"}}, {"model": "main.parametersetplayergroup", "pk": 55, "fields": {"parameter_set_player": 17, "parameter_set_period_block": 17, "group_number": 1, "position": 2, "start_box": 1, "timestamp": "2025-03-14T17:10:56.294Z", "updated": "2025-03-14T17:10:56.297Z"}}, {"model": "main.parametersetplayergroup", "pk": 68, "fields": {"parameter_set_player": 23, "parameter_set_period_block": 31, "group_number": 1, "position": 1, "start_box": 10, "timestamp": "2025-03-31T20:06:59.104Z", "updated": "2025-03-31T21:07:31.149Z"}}, {"model": "main.parametersetplayergroup", "pk": 69, "fields": {"parameter_set_player": 23, "parameter_set_period_block": 32, "group_number": 1, "position": 1, "start_box": 0, "timestamp": "2025-03-31T20:06:59.108Z", "updated": "2025-03-31T20:06:59.108Z"}}, {"model": "main.parametersetplayergroup", "pk": 70, "fields": {"parameter_set_player": 23, "parameter_set_period_block": 33, "group_number": 1, "position": 1, "start_box": 0, "timestamp": "2025-03-31T20:06:59.110Z", "updated": "2025-03-31T20:06:59.110Z"}}, {"model": "main.parametersetplayergroup", "pk": 71, "fields": {"parameter_set_player": 24, "parameter_set_period_block": 31, "group_number": 1, "position": 2, "start_box": 20, "timestamp": "2025-03-31T20:06:59.120Z", "updated": "2025-03-31T21:07:33.681Z"}}, {"model": "main.parametersetplayergroup", "pk": 72, "fields": {"parameter_set_player": 24, "parameter_set_period_block": 32, "group_number": 1, "position": 2, "start_box": 0, "timestamp": "2025-03-31T20:06:59.123Z", "updated": "2025-03-31T20:06:59.123Z"}}, {"model": "main.parametersetplayergroup", "pk": 73, "fields": {"parameter_set_player": 24, "parameter_set_period_block": 33, "group_number": 1, "position": 2, "start_box": 0, "timestamp": "2025-03-31T20:06:59.125Z", "updated": "2025-03-31T20:06:59.125Z"}}, {"model": "main.parametersetplayergroup", "pk": 74, "fields": {"parameter_set_player": 25, "parameter_set_period_block": 31, "group_number": 1, "position": 3, "start_box": 30, "timestamp": "2025-03-31T20:06:59.134Z", "updated": "2025-03-31T21:07:36.281Z"}}, {"model": "main.parametersetplayergroup", "pk": 75, "fields": {"parameter_set_player": 25, "parameter_set_period_block": 32, "group_number": 1, "position": 3, "start_box": 0, "timestamp": "2025-03-31T20:06:59.137Z", "updated": "2025-03-31T20:06:59.137Z"}}, {"model": "main.parametersetplayergroup", "pk": 76, "fields": {"parameter_set_player": 25, "parameter_set_period_block": 33, "group_number": 1, "position": 3, "start_box": 0, "timestamp": "2025-03-31T20:06:59.141Z", "updated": "2025-03-31T20:06:59.141Z"}}, {"model": "main.parametersetplayergroup", "pk": 77, "fields": {"parameter_set_player": 26, "parameter_set_period_block": 31, "group_number": 1, "position": 4, "start_box": 40, "timestamp": "2025-03-31T20:06:59.149Z", "updated": "2025-03-31T21:07:39.005Z"}}, {"model": "main.parametersetplayergroup", "pk": 78, "fields": {"parameter_set_player": 26, "parameter_set_period_block": 32, "group_number": 1, "position": 4, "start_box": 0, "timestamp": "2025-03-31T20:06:59.152Z", "updated": "2025-03-31T20:06:59.152Z"}}, {"model": "main.parametersetplayergroup", "pk": 79, "fields": {"parameter_set_player": 26, "parameter_set_period_block": 33, "group_number": 1, "position": 4, "start_box": 0, "timestamp": "2025-03-31T20:06:59.154Z", "updated": "2025-03-31T20:06:59.154Z"}}, {"model": "main.parametersetplayergroup", "pk": 80, "fields": {"parameter_set_player": 27, "parameter_set_period_block": 31, "group_number": 2, "position": 1, "start_box": 0, "timestamp": "2025-03-31T20:06:59.163Z", "updated": "2025-04-07T19:20:55.120Z"}}, {"model": "main.parametersetplayergroup", "pk": 81, "fields": {"parameter_set_player": 27, "parameter_set_period_block": 32, "group_number": 2, "position": 1, "start_box": 0, "timestamp": "2025-03-31T20:06:59.165Z", "updated": "2025-03-31T20:06:59.165Z"}}, {"model": "main.parametersetplayergroup", "pk": 82, "fields": {"parameter_set_player": 27, "parameter_set_period_block": 33, "group_number": 2, "position": 1, "start_box": 0, "timestamp": "2025-03-31T20:06:59.168Z", "updated": "2025-03-31T20:06:59.168Z"}}, {"model": "main.parametersetplayergroup", "pk": 83, "fields": {"parameter_set_player": 28, "parameter_set_period_block": 31, "group_number": 2, "position": 2, "start_box": 1, "timestamp": "2025-03-31T20:06:59.177Z", "updated": "2025-04-07T19:20:58.397Z"}}, {"model": "main.parametersetplayergroup", "pk": 84, "fields": {"parameter_set_player": 28, "parameter_set_period_block": 32, "group_number": 2, "position": 2, "start_box": 0, "timestamp": "2025-03-31T20:06:59.179Z", "updated": "2025-03-31T20:06:59.179Z"}}, {"model": "main.parametersetplayergroup", "pk": 85, "fields": {"parameter_set_player": 28, "parameter_set_period_block": 33, "group_number": 2, "position": 2, "start_box": 0, "timestamp": "2025-03-31T20:06:59.181Z", "updated": "2025-03-31T20:06:59.181Z"}}, {"model": "main.parametersetplayergroup", "pk": 86, "fields": {"parameter_set_player": 29, "parameter_set_period_block": 31, "group_number": 2, "position": 3, "start_box": 2, "timestamp": "2025-03-31T20:06:59.193Z", "updated": "2025-04-07T19:21:00.581Z"}}, {"model": "main.parametersetplayergroup", "pk": 87, "fields": {"parameter_set_player": 29, "parameter_set_period_block": 32, "group_number": 2, "position": 3, "start_box": 0, "timestamp": "2025-03-31T20:06:59.195Z", "updated": "2025-03-31T20:06:59.195Z"}}, {"model": "main.parametersetplayergroup", "pk": 88, "fields": {"parameter_set_player": 29, "parameter_set_period_block": 33, "group_number": 2, "position": 3, "start_box": 0, "timestamp": "2025-03-31T20:06:59.197Z", "updated": "2025-03-31T20:06:59.197Z"}}, {"model": "main.parametersetplayergroup", "pk": 89, "fields": {"parameter_set_player": 30, "parameter_set_period_block": 31, "group_number": 2, "position": 4, "start_box": 3, "timestamp": "2025-03-31T20:06:59.207Z", "updated": "2025-04-07T19:21:03.377Z"}}, {"model": "main.parametersetplayergroup", "pk": 90, "fields": {"parameter_set_player": 30, "parameter_set_period_block": 32, "group_number": 2, "position": 4, "start_box": 0, "timestamp": "2025-03-31T20:06:59.209Z", "updated": "2025-03-31T20:06:59.209Z"}}, {"model": "main.parametersetplayergroup", "pk": 91, "fields": {"parameter_set_player": 30, "parameter_set_period_block": 33, "group_number": 2, "position": 4, "start_box": 0, "timestamp": "2025-03-31T20:06:59.211Z", "updated": "2025-03-31T20:06:59.211Z"}}, {"model": "main.parametersetplayergroup", "pk": 92, "fields": {"parameter_set_player": 31, "parameter_set_period_block": 30, "group_number": 1, "position": 1, "start_box": 0, "timestamp": "2025-03-31T20:54:54.148Z", "updated": "2025-03-31T20:54:54.148Z"}}, {"model": "main.parametersetplayergroup", "pk": 211, "fields": {"parameter_set_player": 31, "parameter_set_period_block": 75, "group_number": 1, "position": 1, "start_box": 0, "timestamp": "2025-04-02T17:58:26.475Z", "updated": "2025-04-02T17:58:26.479Z"}}, {"model": "main.parametersetplayergroup", "pk": 212, "fields": {"parameter_set_player": 31, "parameter_set_period_block": 76, "group_number": 1, "position": 1, "start_box": 0, "timestamp": "2025-04-02T17:58:36.351Z", "updated": "2025-04-02T17:58:36.355Z"}}, {"model": "main.parametersetplayergroup", "pk": 378, "fields": {"parameter_set_player": 62, "parameter_set_period_block": 117, "group_number": 1, "position": 1, "start_box": 10, "timestamp": "2025-04-07T18:33:13.138Z", "updated": "2025-04-07T18:33:13.138Z"}}, {"model": "main.parametersetplayergroup", "pk": 379, "fields": {"parameter_set_player": 62, "parameter_set_period_block": 118, "group_number": 1, "position": 1, "start_box": 0, "timestamp": "2025-04-07T18:33:13.141Z", "updated": "2025-04-07T18:33:13.141Z"}}, {"model": "main.parametersetplayergroup", "pk": 380, "fields": {"parameter_set_player": 62, "parameter_set_period_block": 119, "group_number": 1, "position": 1, "start_box": 0, "timestamp": "2025-04-07T18:33:13.144Z", "updated": "2025-04-07T18:33:13.144Z"}}, {"model": "main.parametersetplayergroup", "pk": 381, "fields": {"parameter_set_player": 63, "parameter_set_period_block": 117, "group_number": 1, "position": 2, "start_box": 20, "timestamp": "2025-04-07T18:33:13.155Z", "updated": "2025-04-07T18:33:13.155Z"}}, {"model": "main.parametersetplayergroup", "pk": 382, "fields": {"parameter_set_player": 63, "parameter_set_period_block": 118, "group_number": 1, "position": 2, "start_box": 0, "timestamp": "2025-04-07T18:33:13.157Z", "updated": "2025-04-07T18:33:13.157Z"}}, {"model": "main.parametersetplayergroup", "pk": 383, "fields": {"parameter_set_player": 63, "parameter_set_period_block": 119, "group_number": 1, "position": 2, "start_box": 0, "timestamp": "2025-04-07T18:33:13.159Z", "updated": "2025-04-07T18:33:13.159Z"}}, {"model": "main.session", "pk": 1, "fields": {"parameter_set": 1, "creator": 1, "title": "1", "start_date": "2025-04-03", "channel_key": "91f40c3b-35ca-425d-aeeb-e243fb606c8a", "session_key": "750de0f0-7951-40aa-8cc5-634d4e3343bc", "id_string": "fgalli", "controlling_channel": "specific.0a709ca07f274d7e8b049ed4166b0a83!c444567bb3da4dc0b800851764f0e8dc", "started": false, "shared": false, "locked": false, "invitation_text": "", "invitation_subject": "", "world_state": {}, "replay_data": null, "period_block_data": {}, "website_instance_id": null, "soft_delete": false, "timestamp": "2025-02-05T18:52:39.324Z", "updated": "2025-04-03T18:39:01.106Z", "collaborators": []}}, {"model": "main.session", "pk": 5, "fields": {"parameter_set": 5, "creator": 1, "title": "2", "start_date": "2025-03-25", "channel_key": "d20f5f62-cec7-436d-9a50-9484c0d2692d", "session_key": "ed7d587e-df56-447c-830d-32e7d3250d94", "id_string": "uzhjcu", "controlling_channel": "specific.45d48c9831734d1ba5dd71f8dd36879d!d4cf0854e0ae4417beeec69547080e1b", "started": false, "shared": false, "locked": false, "invitation_text": "", "invitation_subject": "", "world_state": {}, "replay_data": null, "period_block_data": {}, "website_instance_id": null, "soft_delete": false, "timestamp": "2025-02-14T22:20:29.419Z", "updated": "2025-04-02T19:43:32.000Z", "collaborators": []}}, {"model": "main.session", "pk": 6, "fields": {"parameter_set": 6, "creator": 1, "title": "3", "start_date": "2025-03-25", "channel_key": "115666bf-2e7b-47b2-953b-a9526ad6ec2b", "session_key": "cd84b8a7-ad9e-4aae-9244-4fe008b1d60f", "id_string": "hbpvhr", "controlling_channel": "specific.45d48c9831734d1ba5dd71f8dd36879d!850b875d5cf94716b0fac2f872e7b0c5", "started": false, "shared": false, "locked": false, "invitation_text": "", "invitation_subject": "", "world_state": {}, "replay_data": null, "period_block_data": {}, "website_instance_id": null, "soft_delete": false, "timestamp": "2025-03-04T22:06:15.296Z", "updated": "2025-04-02T19:43:31.987Z", "collaborators": []}}, {"model": "main.session", "pk": 7, "fields": {"parameter_set": 7, "creator": 1, "title": "T1", "start_date": "2025-04-07", "channel_key": "d4f27ba8-6e85-48db-83b3-f619186ed86e", "session_key": "93c322c7-9e51-4c76-9818-e8806c21df7b", "id_string": "qofsfv", "controlling_channel": "specific.c508cda625bb4591b52eb9af6fb8ce40!1a640cbd12fb47edbde1c84fb16eff09", "started": false, "shared": false, "locked": false, "invitation_text": "", "invitation_subject": "", "world_state": {"groups": {"1": [51, 52, 53, 54], "2": [55, 56, 57, 58]}, "started": true, "finished": false, "group_map": {"1-1": "51", "1-2": "52", "1-3": "53", "1-4": "54", "2-1": "55", "2-2": "56", "2-3": "57", "2-4": "58"}, "last_store": "2025-04-07T19:20:19.174", "last_update": "2025-04-07 18:32:44.838287", "current_round": 1, "period_blocks": {"31": {"id": "31", "phase": "start", "session_players": {"51": {"ready": true}, "52": {"ready": true}, "53": {"ready": false}, "54": {"ready": false}, "55": {"ready": false}, "56": {"ready": false}, "57": {"ready": false}, "58": {"ready": false}}}, "32": {"id": "32", "phase": "start", "session_players": {"51": {"ready": false}, "52": {"ready": false}, "53": {"ready": false}, "54": {"ready": false}, "55": {"ready": false}, "56": {"ready": false}, "57": {"ready": false}, "58": {"ready": false}}}, "33": {"id": "33", "phase": "start", "session_players": {"51": {"ready": false}, "52": {"ready": false}, "53": {"ready": false}, "54": {"ready": false}, "55": {"ready": false}, "56": {"ready": false}, "57": {"ready": false}, "58": {"ready": false}}}}, "timer_history": [], "timer_running": false, "current_period": 1, "time_remaining": 1, "session_periods": {"60274": {"id": 60274, "round_number": 1, "payments_made": false, "period_number": 1, "parameter_set_periodblock_id": 31}, "60275": {"id": 60275, "round_number": 2, "payments_made": false, "period_number": 2, "parameter_set_periodblock_id": 31}, "60276": {"id": 60276, "round_number": 3, "payments_made": false, "period_number": 3, "parameter_set_periodblock_id": 31}, "60277": {"id": 60277, "round_number": 4, "payments_made": false, "period_number": 4, "parameter_set_periodblock_id": 31}, "60278": {"id": 60278, "round_number": 5, "payments_made": false, "period_number": 5, "parameter_set_periodblock_id": 31}, "60279": {"id": 60279, "round_number": 6, "payments_made": false, "period_number": 6, "parameter_set_periodblock_id": 31}, "60280": {"id": 60280, "round_number": 7, "payments_made": false, "period_number": 7, "parameter_set_periodblock_id": 31}, "60281": {"id": 60281, "round_number": 8, "payments_made": false, "period_number": 8, "parameter_set_periodblock_id": 31}, "60282": {"id": 60282, "round_number": 9, "payments_made": false, "period_number": 9, "parameter_set_periodblock_id": 31}, "60283": {"id": 60283, "round_number": 10, "payments_made": false, "period_number": 10, "parameter_set_periodblock_id": 31}, "60284": {"id": 60284, "round_number": 1, "payments_made": false, "period_number": 11, "parameter_set_periodblock_id": 32}, "60285": {"id": 60285, "round_number": 2, "payments_made": false, "period_number": 12, "parameter_set_periodblock_id": 32}, "60286": {"id": 60286, "round_number": 3, "payments_made": false, "period_number": 13, "parameter_set_periodblock_id": 32}, "60287": {"id": 60287, "round_number": 4, "payments_made": false, "period_number": 14, "parameter_set_periodblock_id": 32}, "60288": {"id": 60288, "round_number": 5, "payments_made": false, "period_number": 15, "parameter_set_periodblock_id": 32}, "60289": {"id": 60289, "round_number": 6, "payments_made": false, "period_number": 16, "parameter_set_periodblock_id": 32}, "60290": {"id": 60290, "round_number": 7, "payments_made": false, "period_number": 17, "parameter_set_periodblock_id": 32}, "60291": {"id": 60291, "round_number": 8, "payments_made": false, "period_number": 18, "parameter_set_periodblock_id": 32}, "60292": {"id": 60292, "round_number": 9, "payments_made": false, "period_number": 19, "parameter_set_periodblock_id": 32}, "60293": {"id": 60293, "round_number": 10, "payments_made": false, "period_number": 20, "parameter_set_periodblock_id": 32}, "60294": {"id": 60294, "round_number": 1, "payments_made": false, "period_number": 21, "parameter_set_periodblock_id": 33}, "60295": {"id": 60295, "round_number": 2, "payments_made": false, "period_number": 22, "parameter_set_periodblock_id": 33}, "60296": {"id": 60296, "round_number": 3, "payments_made": false, "period_number": 23, "parameter_set_periodblock_id": 33}, "60297": {"id": 60297, "round_number": 4, "payments_made": false, "period_number": 24, "parameter_set_periodblock_id": 33}, "60298": {"id": 60298, "round_number": 5, "payments_made": false, "period_number": 25, "parameter_set_periodblock_id": 33}, "60299": {"id": 60299, "round_number": 6, "payments_made": false, "period_number": 26, "parameter_set_periodblock_id": 33}, "60300": {"id": 60300, "round_number": 7, "payments_made": false, "period_number": 27, "parameter_set_periodblock_id": 33}, "60301": {"id": 60301, "round_number": 8, "payments_made": false, "period_number": 28, "parameter_set_periodblock_id": 33}, "60302": {"id": 60302, "round_number": 9, "payments_made": false, "period_number": 29, "parameter_set_periodblock_id": 33}, "60303": {"id": 60303, "round_number": 10, "payments_made": false, "period_number": 30, "parameter_set_periodblock_id": 33}}, "session_players": {"51": {"cost": "0.0707", "earnings": 0, "overlaps": {}, "position": 1, "revenues": {"0.0000": 0, "0.0143": 0, "0.0286": 0, "0.0429": 0, "0.0571": 0, "0.0714": 0, "0.0857": 0, "0.1000": 0, "0.1143": 0, "0.1286": 0, "0.1428": 0, "0.1571": 0, "0.1714": 0, "0.1857": 0, "0.2000": 0, "0.2143": 0, "0.2286": 0, "0.2428": 0, "0.2571": 0, "0.2714": 0, "0.2857": 0, "0.3000": 0, "0.3143": 0, "0.3286": 0, "0.3428": 0, "0.3571": 0, "0.3714": 0, "0.3857": 0, "0.4000": 0, "0.4143": 0, "0.4285": 0, "0.4428": 0, "0.4571": 0, "0.4714": 0, "0.4857": 0, "0.5000": 0, "0.5143": 0, "0.5285": 0, "0.5428": 0, "0.5571": 0, "0.5714": 0, "0.5857": 0, "0.6000": 0, "0.6142": 0, "0.6285": 0, "0.6428": 0, "0.6571": 0, "0.6714": 0, "0.6857": 0, "0.7000": 0, "0.7142": 0, "0.7285": 0, "0.7428": 0, "0.7571": 0, "0.7714": 0, "0.7857": 0, "0.8000": 0, "0.8142": 0, "0.8285": 0, "0.8428": 0, "0.8571": 0, "0.8714": 0, "0.8857": 0, "0.8999": 0, "0.9142": 0, "0.9285": 0, "0.9428": 0, "0.9571": 0, "0.9714": 0, "0.9857": 0, "0.9999": 0, "1.0142": 0, "1.0285": 0, "1.0428": 0, "1.0571": 0, "1.0714": 0, "1.0856": 0, "1.0999": 0, "1.1142": 0, "1.1285": 0, "1.1428": 0, "1.1571": 0, "1.1714": 0, "1.1856": 0, "1.1999": 0, "1.2142": 0, "1.2285": 0, "1.2428": 0, "1.2571": 0, "1.2714": "0.018", "1.2856": 0, "1.2999": 0, "1.3142": 0, "1.3285": 0, "1.3428": 0, "1.3571": 0, "1.3713": 0, "1.3856": 0, "1.3999": 0, "1.4142": 0}, "range_end": 10, "total_cost": "0.001", "total_loss": "0.000", "range_start": 10, "group_number": 1, "range_middle": "10.5", "total_profit": "0.017", "total_revenue": "0.018", "parameter_set_player_id": 23}, "52": {"cost": "0.0707", "earnings": 0, "overlaps": {}, "position": 2, "revenues": {"0.0000": 0, "0.0143": 0, "0.0286": 0, "0.0429": 0, "0.0571": 0, "0.0714": 0, "0.0857": 0, "0.1000": 0, "0.1143": 0, "0.1286": 0, "0.1428": 0, "0.1571": 0, "0.1714": 0, "0.1857": 0, "0.2000": 0, "0.2143": 0, "0.2286": 0, "0.2428": 0, "0.2571": 0, "0.2714": 0, "0.2857": 0, "0.3000": 0, "0.3143": 0, "0.3286": 0, "0.3428": 0, "0.3571": 0, "0.3714": 0, "0.3857": 0, "0.4000": 0, "0.4143": 0, "0.4285": 0, "0.4428": 0, "0.4571": 0, "0.4714": 0, "0.4857": 0, "0.5000": 0, "0.5143": 0, "0.5285": 0, "0.5428": 0, "0.5571": 0, "0.5714": 0, "0.5857": 0, "0.6000": 0, "0.6142": 0, "0.6285": 0, "0.6428": 0, "0.6571": 0, "0.6714": 0, "0.6857": 0, "0.7000": 0, "0.7142": 0, "0.7285": 0, "0.7428": 0, "0.7571": 0, "0.7714": 0, "0.7857": 0, "0.8000": 0, "0.8142": 0, "0.8285": 0, "0.8428": 0, "0.8571": 0, "0.8714": 0, "0.8857": 0, "0.8999": 0, "0.9142": 0, "0.9285": 0, "0.9428": 0, "0.9571": 0, "0.9714": 0, "0.9857": 0, "0.9999": 0, "1.0142": 0, "1.0285": 0, "1.0428": 0, "1.0571": 0, "1.0714": 0, "1.0856": 0, "1.0999": 0, "1.1142": 0, "1.1285": "0.016", "1.1428": 0, "1.1571": 0, "1.1714": 0, "1.1856": 0, "1.1999": 0, "1.2142": 0, "1.2285": 0, "1.2428": 0, "1.2571": 0, "1.2714": 0, "1.2856": 0, "1.2999": 0, "1.3142": 0, "1.3285": 0, "1.3428": 0, "1.3571": 0, "1.3713": 0, "1.3856": 0, "1.3999": 0, "1.4142": 0}, "range_end": 20, "total_cost": "0.001", "total_loss": "0.000", "range_start": 20, "group_number": 1, "range_middle": "20.5", "total_profit": "0.015", "total_revenue": "0.016", "parameter_set_player_id": 24}, "53": {"cost": "0.0707", "earnings": 0, "overlaps": {}, "position": 3, "revenues": {"0.0000": 0, "0.0143": 0, "0.0286": 0, "0.0429": 0, "0.0571": 0, "0.0714": 0, "0.0857": 0, "0.1000": 0, "0.1143": 0, "0.1286": 0, "0.1428": 0, "0.1571": 0, "0.1714": 0, "0.1857": 0, "0.2000": 0, "0.2143": 0, "0.2286": 0, "0.2428": 0, "0.2571": 0, "0.2714": 0, "0.2857": 0, "0.3000": 0, "0.3143": 0, "0.3286": 0, "0.3428": 0, "0.3571": 0, "0.3714": 0, "0.3857": 0, "0.4000": 0, "0.4143": 0, "0.4285": 0, "0.4428": 0, "0.4571": 0, "0.4714": 0, "0.4857": 0, "0.5000": 0, "0.5143": 0, "0.5285": 0, "0.5428": 0, "0.5571": 0, "0.5714": 0, "0.5857": 0, "0.6000": 0, "0.6142": 0, "0.6285": 0, "0.6428": 0, "0.6571": 0, "0.6714": 0, "0.6857": 0, "0.7000": 0, "0.7142": 0, "0.7285": 0, "0.7428": 0, "0.7571": 0, "0.7714": 0, "0.7857": 0, "0.8000": 0, "0.8142": 0, "0.8285": 0, "0.8428": 0, "0.8571": 0, "0.8714": 0, "0.8857": 0, "0.8999": 0, "0.9142": 0, "0.9285": 0, "0.9428": 0, "0.9571": 0, "0.9714": 0, "0.9857": "0.014", "0.9999": 0, "1.0142": 0, "1.0285": 0, "1.0428": 0, "1.0571": 0, "1.0714": 0, "1.0856": 0, "1.0999": 0, "1.1142": 0, "1.1285": 0, "1.1428": 0, "1.1571": 0, "1.1714": 0, "1.1856": 0, "1.1999": 0, "1.2142": 0, "1.2285": 0, "1.2428": 0, "1.2571": 0, "1.2714": 0, "1.2856": 0, "1.2999": 0, "1.3142": 0, "1.3285": 0, "1.3428": 0, "1.3571": 0, "1.3713": 0, "1.3856": 0, "1.3999": 0, "1.4142": 0}, "range_end": 30, "total_cost": "0.001", "total_loss": "0.000", "range_start": 30, "group_number": 1, "range_middle": "30.5", "total_profit": "0.013", "total_revenue": "0.014", "parameter_set_player_id": 25}, "54": {"cost": "0.0707", "earnings": 0, "overlaps": {}, "position": 4, "revenues": {"0.0000": 0, "0.0143": 0, "0.0286": 0, "0.0429": 0, "0.0571": 0, "0.0714": 0, "0.0857": 0, "0.1000": 0, "0.1143": 0, "0.1286": 0, "0.1428": 0, "0.1571": 0, "0.1714": 0, "0.1857": 0, "0.2000": 0, "0.2143": 0, "0.2286": 0, "0.2428": 0, "0.2571": 0, "0.2714": 0, "0.2857": 0, "0.3000": 0, "0.3143": 0, "0.3286": 0, "0.3428": 0, "0.3571": 0, "0.3714": 0, "0.3857": 0, "0.4000": 0, "0.4143": 0, "0.4285": 0, "0.4428": 0, "0.4571": 0, "0.4714": 0, "0.4857": 0, "0.5000": 0, "0.5143": 0, "0.5285": 0, "0.5428": 0, "0.5571": 0, "0.5714": 0, "0.5857": 0, "0.6000": 0, "0.6142": 0, "0.6285": 0, "0.6428": 0, "0.6571": 0, "0.6714": 0, "0.6857": 0, "0.7000": 0, "0.7142": 0, "0.7285": 0, "0.7428": 0, "0.7571": 0, "0.7714": 0, "0.7857": 0, "0.8000": 0, "0.8142": 0, "0.8285": 0, "0.8428": "0.012", "0.8571": 0, "0.8714": 0, "0.8857": 0, "0.8999": 0, "0.9142": 0, "0.9285": 0, "0.9428": 0, "0.9571": 0, "0.9714": 0, "0.9857": 0, "0.9999": 0, "1.0142": 0, "1.0285": 0, "1.0428": 0, "1.0571": 0, "1.0714": 0, "1.0856": 0, "1.0999": 0, "1.1142": 0, "1.1285": 0, "1.1428": 0, "1.1571": 0, "1.1714": 0, "1.1856": 0, "1.1999": 0, "1.2142": 0, "1.2285": 0, "1.2428": 0, "1.2571": 0, "1.2714": 0, "1.2856": 0, "1.2999": 0, "1.3142": 0, "1.3285": 0, "1.3428": 0, "1.3571": 0, "1.3713": 0, "1.3856": 0, "1.3999": 0, "1.4142": 0}, "range_end": 40, "total_cost": "0.001", "total_loss": "0.000", "range_start": 40, "group_number": 1, "range_middle": "40.5", "total_profit": "0.011", "total_revenue": "0.012", "parameter_set_player_id": 26}, "55": {"cost": "0.0707", "earnings": 0, "overlaps": {"56": 1, "57": 1, "58": 1}, "position": 1, "revenues": {"0.0000": 0, "0.0143": 0, "0.0286": 0, "0.0429": 0, "0.0571": 0, "0.0714": 0, "0.0857": 0, "0.1000": 0, "0.1143": 0, "0.1286": 0, "0.1428": 0, "0.1571": 0, "0.1714": 0, "0.1857": 0, "0.2000": 0, "0.2143": 0, "0.2286": 0, "0.2428": 0, "0.2571": 0, "0.2714": 0, "0.2857": 0, "0.3000": 0, "0.3143": 0, "0.3286": 0, "0.3428": 0, "0.3571": 0, "0.3714": 0, "0.3857": 0, "0.4000": 0, "0.4143": 0, "0.4285": 0, "0.4428": 0, "0.4571": 0, "0.4714": 0, "0.4857": 0, "0.5000": 0, "0.5143": 0, "0.5285": 0, "0.5428": 0, "0.5571": 0, "0.5714": 0, "0.5857": 0, "0.6000": 0, "0.6142": 0, "0.6285": 0, "0.6428": 0, "0.6571": 0, "0.6714": 0, "0.6857": 0, "0.7000": 0, "0.7142": 0, "0.7285": 0, "0.7428": 0, "0.7571": 0, "0.7714": 0, "0.7857": 0, "0.8000": 0, "0.8142": 0, "0.8285": 0, "0.8428": 0, "0.8571": 0, "0.8714": 0, "0.8857": 0, "0.8999": 0, "0.9142": 0, "0.9285": 0, "0.9428": 0, "0.9571": 0, "0.9714": 0, "0.9857": 0, "0.9999": 0, "1.0142": 0, "1.0285": 0, "1.0428": 0, "1.0571": 0, "1.0714": 0, "1.0856": 0, "1.0999": 0, "1.1142": 0, "1.1285": 0, "1.1428": 0, "1.1571": 0, "1.1714": 0, "1.1856": 0, "1.1999": 0, "1.2142": 0, "1.2285": 0, "1.2428": 0, "1.2571": 0, "1.2714": 0, "1.2856": 0, "1.2999": 0, "1.3142": 0, "1.3285": 0, "1.3428": 0, "1.3571": 0, "1.3713": 0, "1.3856": 0, "1.3999": 0, "1.4142": "0.005"}, "range_end": 0, "total_cost": "0.001", "total_loss": "0.000", "range_start": 0, "group_number": 2, "range_middle": "0.5", "total_profit": "0.004", "total_revenue": "0.005", "parameter_set_player_id": 27}, "56": {"cost": "0.0707", "earnings": 0, "overlaps": {"55": 1, "57": 1, "58": 1}, "position": 2, "revenues": {"0.0000": 0, "0.0143": 0, "0.0286": 0, "0.0429": 0, "0.0571": 0, "0.0714": 0, "0.0857": 0, "0.1000": 0, "0.1143": 0, "0.1286": 0, "0.1428": 0, "0.1571": 0, "0.1714": 0, "0.1857": 0, "0.2000": 0, "0.2143": 0, "0.2286": 0, "0.2428": 0, "0.2571": 0, "0.2714": 0, "0.2857": 0, "0.3000": 0, "0.3143": 0, "0.3286": 0, "0.3428": 0, "0.3571": 0, "0.3714": 0, "0.3857": 0, "0.4000": 0, "0.4143": 0, "0.4285": 0, "0.4428": 0, "0.4571": 0, "0.4714": 0, "0.4857": 0, "0.5000": 0, "0.5143": 0, "0.5285": 0, "0.5428": 0, "0.5571": 0, "0.5714": 0, "0.5857": 0, "0.6000": 0, "0.6142": 0, "0.6285": 0, "0.6428": 0, "0.6571": 0, "0.6714": 0, "0.6857": 0, "0.7000": 0, "0.7142": 0, "0.7285": 0, "0.7428": 0, "0.7571": 0, "0.7714": 0, "0.7857": 0, "0.8000": 0, "0.8142": 0, "0.8285": 0, "0.8428": 0, "0.8571": 0, "0.8714": 0, "0.8857": 0, "0.8999": 0, "0.9142": 0, "0.9285": 0, "0.9428": 0, "0.9571": 0, "0.9714": 0, "0.9857": 0, "0.9999": 0, "1.0142": 0, "1.0285": 0, "1.0428": 0, "1.0571": 0, "1.0714": 0, "1.0856": 0, "1.0999": 0, "1.1142": 0, "1.1285": 0, "1.1428": 0, "1.1571": 0, "1.1714": 0, "1.1856": 0, "1.1999": 0, "1.2142": 0, "1.2285": 0, "1.2428": 0, "1.2571": 0, "1.2714": 0, "1.2856": 0, "1.2999": 0, "1.3142": 0, "1.3285": 0, "1.3428": 0, "1.3571": 0, "1.3713": 0, "1.3856": 0, "1.3999": 0, "1.4142": "0.005"}, "range_end": 0, "total_cost": "0.001", "total_loss": "0.000", "range_start": 0, "group_number": 2, "range_middle": "0.5", "total_profit": "0.004", "total_revenue": "0.005", "parameter_set_player_id": 28}, "57": {"cost": "0.0707", "earnings": 0, "overlaps": {"55": 1, "56": 1, "58": 1}, "position": 3, "revenues": {"0.0000": 0, "0.0143": 0, "0.0286": 0, "0.0429": 0, "0.0571": 0, "0.0714": 0, "0.0857": 0, "0.1000": 0, "0.1143": 0, "0.1286": 0, "0.1428": 0, "0.1571": 0, "0.1714": 0, "0.1857": 0, "0.2000": 0, "0.2143": 0, "0.2286": 0, "0.2428": 0, "0.2571": 0, "0.2714": 0, "0.2857": 0, "0.3000": 0, "0.3143": 0, "0.3286": 0, "0.3428": 0, "0.3571": 0, "0.3714": 0, "0.3857": 0, "0.4000": 0, "0.4143": 0, "0.4285": 0, "0.4428": 0, "0.4571": 0, "0.4714": 0, "0.4857": 0, "0.5000": 0, "0.5143": 0, "0.5285": 0, "0.5428": 0, "0.5571": 0, "0.5714": 0, "0.5857": 0, "0.6000": 0, "0.6142": 0, "0.6285": 0, "0.6428": 0, "0.6571": 0, "0.6714": 0, "0.6857": 0, "0.7000": 0, "0.7142": 0, "0.7285": 0, "0.7428": 0, "0.7571": 0, "0.7714": 0, "0.7857": 0, "0.8000": 0, "0.8142": 0, "0.8285": 0, "0.8428": 0, "0.8571": 0, "0.8714": 0, "0.8857": 0, "0.8999": 0, "0.9142": 0, "0.9285": 0, "0.9428": 0, "0.9571": 0, "0.9714": 0, "0.9857": 0, "0.9999": 0, "1.0142": 0, "1.0285": 0, "1.0428": 0, "1.0571": 0, "1.0714": 0, "1.0856": 0, "1.0999": 0, "1.1142": 0, "1.1285": 0, "1.1428": 0, "1.1571": 0, "1.1714": 0, "1.1856": 0, "1.1999": 0, "1.2142": 0, "1.2285": 0, "1.2428": 0, "1.2571": 0, "1.2714": 0, "1.2856": 0, "1.2999": 0, "1.3142": 0, "1.3285": 0, "1.3428": 0, "1.3571": 0, "1.3713": 0, "1.3856": 0, "1.3999": 0, "1.4142": "0.005"}, "range_end": 0, "total_cost": "0.001", "total_loss": "0.000", "range_start": 0, "group_number": 2, "range_middle": "0.5", "total_profit": "0.004", "total_revenue": "0.005", "parameter_set_player_id": 29}, "58": {"cost": "0.0707", "earnings": 0, "overlaps": {"55": 1, "56": 1, "57": 1}, "position": 4, "revenues": {"0.0000": 0, "0.0143": 0, "0.0286": 0, "0.0429": 0, "0.0571": 0, "0.0714": 0, "0.0857": 0, "0.1000": 0, "0.1143": 0, "0.1286": 0, "0.1428": 0, "0.1571": 0, "0.1714": 0, "0.1857": 0, "0.2000": 0, "0.2143": 0, "0.2286": 0, "0.2428": 0, "0.2571": 0, "0.2714": 0, "0.2857": 0, "0.3000": 0, "0.3143": 0, "0.3286": 0, "0.3428": 0, "0.3571": 0, "0.3714": 0, "0.3857": 0, "0.4000": 0, "0.4143": 0, "0.4285": 0, "0.4428": 0, "0.4571": 0, "0.4714": 0, "0.4857": 0, "0.5000": 0, "0.5143": 0, "0.5285": 0, "0.5428": 0, "0.5571": 0, "0.5714": 0, "0.5857": 0, "0.6000": 0, "0.6142": 0, "0.6285": 0, "0.6428": 0, "0.6571": 0, "0.6714": 0, "0.6857": 0, "0.7000": 0, "0.7142": 0, "0.7285": 0, "0.7428": 0, "0.7571": 0, "0.7714": 0, "0.7857": 0, "0.8000": 0, "0.8142": 0, "0.8285": 0, "0.8428": 0, "0.8571": 0, "0.8714": 0, "0.8857": 0, "0.8999": 0, "0.9142": 0, "0.9285": 0, "0.9428": 0, "0.9571": 0, "0.9714": 0, "0.9857": 0, "0.9999": 0, "1.0142": 0, "1.0285": 0, "1.0428": 0, "1.0571": 0, "1.0714": 0, "1.0856": 0, "1.0999": 0, "1.1142": 0, "1.1285": 0, "1.1428": 0, "1.1571": 0, "1.1714": 0, "1.1856": 0, "1.1999": 0, "1.2142": 0, "1.2285": 0, "1.2428": 0, "1.2571": 0, "1.2714": 0, "1.2856": 0, "1.2999": 0, "1.3142": 0, "1.3285": 0, "1.3428": 0, "1.3571": 0, "1.3713": 0, "1.3856": 0, "1.3999": 0, "1.4142": "0.005"}, "range_end": 0, "total_cost": "0.001", "total_loss": "0.000", "range_start": 0, "group_number": 2, "range_middle": "0.5", "total_profit": "0.004", "total_revenue": "0.005", "parameter_set_player_id": 30}}, "number_of_periods": 30, "current_period_block": 31, "session_periods_order": [60274, 60275, 60276, 60277, 60278, 60279, 60280, 60281, 60282, 60283, 60284, 60285, 60286, 60287, 60288, 60289, 60290, 60291, 60292, 60293, 60294, 60295, 60296, 60297, 60298, 60299, 60300, 60301, 60302, 60303], "session_players_order": [51, 52, 53, 54, 55, 56, 57, 58], "current_experiment_phase": "Run"}, "replay_data": null, "period_block_data": {}, "website_instance_id": null, "soft_delete": false, "timestamp": "2025-03-31T20:06:28.578Z", "updated": "2025-04-07T18:32:59.633Z", "collaborators": []}}, {"model": "main.session", "pk": 9, "fields": {"parameter_set": 9, "creator": 1, "title": "*** New Session ***", "start_date": "2025-04-07", "channel_key": "ec6f92b2-d693-4534-ab7f-0acb67b09436", "session_key": "b3f3fd6e-e201-428d-b6d6-a3eb8a8be91b", "id_string": "czdozg", "controlling_channel": "specific.c508cda625bb4591b52eb9af6fb8ce40!8dec0fd253dd43fc876f78e2ed072df5", "started": true, "shared": false, "locked": false, "invitation_text": "", "invitation_subject": "", "world_state": {"groups": {"1": [140, 141]}, "started": true, "finished": false, "group_map": {"1-1": "140", "1-2": "141"}, "last_store": "2025-04-07T19:03:55.102", "last_update": "2025-04-07 18:33:30.427605", "current_round": 4, "period_blocks": {"117": {"id": "117", "phase": "play", "session_players": {"140": {"ready": true}, "141": {"ready": true}}}, "118": {"id": "118", "phase": "start", "session_players": {"140": {"ready": false}, "141": {"ready": false}}}, "119": {"id": "119", "phase": "start", "session_players": {"140": {"ready": false}, "141": {"ready": false}}}}, "timer_history": [{"time": "2025-04-07T18:33:33.141678", "count": 8}, {"time": "2025-04-07T18:37:46.684419", "count": 1}], "timer_running": false, "current_period": 4, "time_remaining": 1, "session_periods": {"60304": {"id": 60304, "round_number": 1, "payments_made": true, "period_number": 1, "parameter_set_periodblock_id": 117}, "60305": {"id": 60305, "round_number": 2, "payments_made": true, "period_number": 2, "parameter_set_periodblock_id": 117}, "60306": {"id": 60306, "round_number": 3, "payments_made": true, "period_number": 3, "parameter_set_periodblock_id": 117}, "60307": {"id": 60307, "round_number": 4, "payments_made": true, "period_number": 4, "parameter_set_periodblock_id": 117}, "60308": {"id": 60308, "round_number": 5, "payments_made": false, "period_number": 5, "parameter_set_periodblock_id": 117}, "60309": {"id": 60309, "round_number": 6, "payments_made": false, "period_number": 6, "parameter_set_periodblock_id": 117}, "60310": {"id": 60310, "round_number": 7, "payments_made": false, "period_number": 7, "parameter_set_periodblock_id": 117}, "60311": {"id": 60311, "round_number": 8, "payments_made": false, "period_number": 8, "parameter_set_periodblock_id": 117}, "60312": {"id": 60312, "round_number": 9, "payments_made": false, "period_number": 9, "parameter_set_periodblock_id": 117}, "60313": {"id": 60313, "round_number": 10, "payments_made": false, "period_number": 10, "parameter_set_periodblock_id": 117}, "60314": {"id": 60314, "round_number": 1, "payments_made": false, "period_number": 11, "parameter_set_periodblock_id": 118}, "60315": {"id": 60315, "round_number": 2, "payments_made": false, "period_number": 12, "parameter_set_periodblock_id": 118}, "60316": {"id": 60316, "round_number": 3, "payments_made": false, "period_number": 13, "parameter_set_periodblock_id": 118}, "60317": {"id": 60317, "round_number": 4, "payments_made": false, "period_number": 14, "parameter_set_periodblock_id": 118}, "60318": {"id": 60318, "round_number": 5, "payments_made": false, "period_number": 15, "parameter_set_periodblock_id": 118}, "60319": {"id": 60319, "round_number": 6, "payments_made": false, "period_number": 16, "parameter_set_periodblock_id": 118}, "60320": {"id": 60320, "round_number": 7, "payments_made": false, "period_number": 17, "parameter_set_periodblock_id": 118}, "60321": {"id": 60321, "round_number": 8, "payments_made": false, "period_number": 18, "parameter_set_periodblock_id": 118}, "60322": {"id": 60322, "round_number": 9, "payments_made": false, "period_number": 19, "parameter_set_periodblock_id": 118}, "60323": {"id": 60323, "round_number": 10, "payments_made": false, "period_number": 20, "parameter_set_periodblock_id": 118}, "60324": {"id": 60324, "round_number": 1, "payments_made": false, "period_number": 21, "parameter_set_periodblock_id": 119}, "60325": {"id": 60325, "round_number": 2, "payments_made": false, "period_number": 22, "parameter_set_periodblock_id": 119}, "60326": {"id": 60326, "round_number": 3, "payments_made": false, "period_number": 23, "parameter_set_periodblock_id": 119}, "60327": {"id": 60327, "round_number": 4, "payments_made": false, "period_number": 24, "parameter_set_periodblock_id": 119}, "60328": {"id": 60328, "round_number": 5, "payments_made": false, "period_number": 25, "parameter_set_periodblock_id": 119}, "60329": {"id": 60329, "round_number": 6, "payments_made": false, "period_number": 26, "parameter_set_periodblock_id": 119}, "60330": {"id": 60330, "round_number": 7, "payments_made": false, "period_number": 27, "parameter_set_periodblock_id": 119}, "60331": {"id": 60331, "round_number": 8, "payments_made": false, "period_number": 28, "parameter_set_periodblock_id": 119}, "60332": {"id": 60332, "round_number": 9, "payments_made": false, "period_number": 29, "parameter_set_periodblock_id": 119}, "60333": {"id": 60333, "round_number": 10, "payments_made": false, "period_number": 30, "parameter_set_periodblock_id": 119}}, "session_players": {"140": {"cost": "0.0707", "earnings": "0.059", "overlaps": {"141": 1}, "position": 1, "revenues": {"0.0000": 0, "0.0143": 0, "0.0286": 0, "0.0429": 0, "0.0571": 0, "0.0714": 0, "0.0857": 0, "0.1000": 0, "0.1143": 0, "0.1286": 0, "0.1428": 0, "0.1571": 0, "0.1714": 0, "0.1857": 0, "0.2000": 0, "0.2143": 0, "0.2286": 0, "0.2428": 0, "0.2571": 0, "0.2714": 0, "0.2857": 0, "0.3000": 0, "0.3143": 0, "0.3286": 0, "0.3428": 0, "0.3571": 0, "0.3714": 0, "0.3857": 0, "0.4000": 0, "0.4143": 0, "0.4285": 0, "0.4428": 0, "0.4571": 0, "0.4714": 0, "0.4857": 0, "0.5000": 0, "0.5143": 0, "0.5285": 0, "0.5428": 0, "0.5571": 0, "0.5714": 0, "0.5857": 0, "0.6000": 0, "0.6142": 0, "0.6285": 0, "0.6428": 0, "0.6571": 0, "0.6714": 0, "0.6857": 0, "0.7000": 0, "0.7142": 0, "0.7285": 0, "0.7428": 0, "0.7571": 0, "0.7714": 0, "0.7857": 0, "0.8000": 0, "0.8142": 0, "0.8285": 0, "0.8428": 0, "0.8571": 0, "0.8714": 0, "0.8857": 0, "0.8999": 0, "0.9142": 0, "0.9285": 0, "0.9428": 0, "0.9571": 0, "0.9714": 0, "0.9857": 0, "0.9999": 0, "1.0142": 0, "1.0285": 0, "1.0428": 0, "1.0571": 0, "1.0714": 0, "1.0856": 0, "1.0999": 0, "1.1142": 0, "1.1285": 0, "1.1428": 0, "1.1571": 0, "1.1714": 0, "1.1856": 0, "1.1999": 0, "1.2142": 0, "1.2285": 0, "1.2428": 0, "1.2571": 0, "1.2714": "0.009", "1.2856": 0, "1.2999": 0, "1.3142": 0, "1.3285": 0, "1.3428": 0, "1.3571": 0, "1.3713": 0, "1.3856": 0, "1.3999": 0, "1.4142": 0}, "range_end": 10, "total_cost": "0.001", "total_loss": "0.000", "range_start": 10, "group_number": 1, "range_middle": "10.5", "total_profit": "0.008", "total_revenue": "0.009", "parameter_set_player_id": 62}, "141": {"cost": "0.0707", "earnings": "0.087", "overlaps": {"140": 1}, "position": 2, "revenues": {"0.0000": 0, "0.0143": 0, "0.0286": 0, "0.0429": 0, "0.0571": 0, "0.0714": 0, "0.0857": 0, "0.1000": 0, "0.1143": 0, "0.1286": 0, "0.1428": 0, "0.1571": 0, "0.1714": 0, "0.1857": 0, "0.2000": 0, "0.2143": 0, "0.2286": 0, "0.2428": 0, "0.2571": 0, "0.2714": 0, "0.2857": 0, "0.3000": 0, "0.3143": 0, "0.3286": 0, "0.3428": 0, "0.3571": 0, "0.3714": 0, "0.3857": 0, "0.4000": 0, "0.4143": 0, "0.4285": 0, "0.4428": 0, "0.4571": 0, "0.4714": 0, "0.4857": 0, "0.5000": 0, "0.5143": 0, "0.5285": 0, "0.5428": 0, "0.5571": 0, "0.5714": 0, "0.5857": 0, "0.6000": 0, "0.6142": 0, "0.6285": 0, "0.6428": 0, "0.6571": 0, "0.6714": 0, "0.6857": 0, "0.7000": 0, "0.7142": 0, "0.7285": 0, "0.7428": 0, "0.7571": 0, "0.7714": 0, "0.7857": 0, "0.8000": 0, "0.8142": 0, "0.8285": 0, "0.8428": 0, "0.8571": 0, "0.8714": 0, "0.8857": 0, "0.8999": 0, "0.9142": 0, "0.9285": 0, "0.9428": 0, "0.9571": 0, "0.9714": 0, "0.9857": 0, "0.9999": 0, "1.0142": 0, "1.0285": 0, "1.0428": 0, "1.0571": 0, "1.0714": 0, "1.0856": 0, "1.0999": 0, "1.1142": 0, "1.1285": 0, "1.1428": 0, "1.1571": 0, "1.1714": 0, "1.1856": 0, "1.1999": 0, "1.2142": 0, "1.2285": 0, "1.2428": 0, "1.2571": "0.018", "1.2714": "0.009", "1.2856": "0.018", "1.2999": 0, "1.3142": 0, "1.3285": 0, "1.3428": 0, "1.3571": 0, "1.3713": 0, "1.3856": 0, "1.3999": 0, "1.4142": 0}, "range_end": 11, "total_cost": "0.003", "total_loss": "0.000", "range_start": 9, "group_number": 1, "range_middle": "10.5", "total_profit": "0.042", "total_revenue": "0.045", "parameter_set_player_id": 63}}, "number_of_periods": 30, "current_period_block": 117, "session_periods_order": [60304, 60305, 60306, 60307, 60308, 60309, 60310, 60311, 60312, 60313, 60314, 60315, 60316, 60317, 60318, 60319, 60320, 60321, 60322, 60323, 60324, 60325, 60326, 60327, 60328, 60329, 60330, 60331, 60332, 60333], "session_players_order": [140, 141], "current_experiment_phase": "Run"}, "replay_data": null, "period_block_data": {"117": {"session_players": {"140": {"cents_sent": {}, "total_cost": "0.004", "total_profit": "0.059", "total_revenue": "0.063", "chat_messages_sent": 0}, "141": {"cents_sent": {}, "total_cost": "0.006", "total_profit": "0.087", "total_revenue": "0.093", "chat_messages_sent": 0}}}, "118": {"session_players": {"140": {"cents_sent": {}, "total_cost": 0, "total_profit": 0, "total_revenue": 0, "chat_messages_sent": 0}, "141": {"cents_sent": {}, "total_cost": 0, "total_profit": 0, "total_revenue": 0, "chat_messages_sent": 0}}}, "119": {"session_players": {"140": {"cents_sent": {}, "total_cost": 0, "total_profit": 0, "total_revenue": 0, "chat_messages_sent": 0}, "141": {"cents_sent": {}, "total_cost": 0, "total_profit": 0, "total_revenue": 0, "chat_messages_sent": 0}}}}, "website_instance_id": null, "soft_delete": false, "timestamp": "2025-04-02T19:32:47.471Z", "updated": "2025-04-07T18:33:31.952Z", "collaborators": []}}, {"model": "main.sessionperiod", "pk": 60304, "fields": {"session": 9, "parameter_set_periodblock": 117, "period_number": 1, "round_number": 1, "summary_data": {"session_players": {"140": {"cost": "0.0707", "earnings": "0.017", "overlaps": {}, "position": 1, "revenues": {"0.0000": 0, "0.0143": 0, "0.0286": 0, "0.0429": 0, "0.0571": 0, "0.0714": 0, "0.0857": 0, "0.1000": 0, "0.1143": 0, "0.1286": 0, "0.1428": 0, "0.1571": 0, "0.1714": 0, "0.1857": 0, "0.2000": 0, "0.2143": 0, "0.2286": 0, "0.2428": 0, "0.2571": 0, "0.2714": 0, "0.2857": 0, "0.3000": 0, "0.3143": 0, "0.3286": 0, "0.3428": 0, "0.3571": 0, "0.3714": 0, "0.3857": 0, "0.4000": 0, "0.4143": 0, "0.4285": 0, "0.4428": 0, "0.4571": 0, "0.4714": 0, "0.4857": 0, "0.5000": 0, "0.5143": 0, "0.5285": 0, "0.5428": 0, "0.5571": 0, "0.5714": 0, "0.5857": 0, "0.6000": 0, "0.6142": 0, "0.6285": 0, "0.6428": 0, "0.6571": 0, "0.6714": 0, "0.6857": 0, "0.7000": 0, "0.7142": 0, "0.7285": 0, "0.7428": 0, "0.7571": 0, "0.7714": 0, "0.7857": 0, "0.8000": 0, "0.8142": 0, "0.8285": 0, "0.8428": 0, "0.8571": 0, "0.8714": 0, "0.8857": 0, "0.8999": 0, "0.9142": 0, "0.9285": 0, "0.9428": 0, "0.9571": 0, "0.9714": 0, "0.9857": 0, "0.9999": 0, "1.0142": 0, "1.0285": 0, "1.0428": 0, "1.0571": 0, "1.0714": 0, "1.0856": 0, "1.0999": 0, "1.1142": 0, "1.1285": 0, "1.1428": 0, "1.1571": 0, "1.1714": 0, "1.1856": 0, "1.1999": 0, "1.2142": 0, "1.2285": 0, "1.2428": 0, "1.2571": 0, "1.2714": "0.018", "1.2856": 0, "1.2999": 0, "1.3142": 0, "1.3285": 0, "1.3428": 0, "1.3571": 0, "1.3713": 0, "1.3856": 0, "1.3999": 0, "1.4142": 0}, "range_end": 10, "total_cost": "0.001", "total_loss": "0.000", "range_start": 10, "group_number": 1, "range_middle": "10.5", "total_profit": "0.017", "total_revenue": "0.018", "parameter_set_player_id": 62}, "141": {"cost": "0.0707", "earnings": "0.015", "overlaps": {}, "position": 2, "revenues": {"0.0000": 0, "0.0143": 0, "0.0286": 0, "0.0429": 0, "0.0571": 0, "0.0714": 0, "0.0857": 0, "0.1000": 0, "0.1143": 0, "0.1286": 0, "0.1428": 0, "0.1571": 0, "0.1714": 0, "0.1857": 0, "0.2000": 0, "0.2143": 0, "0.2286": 0, "0.2428": 0, "0.2571": 0, "0.2714": 0, "0.2857": 0, "0.3000": 0, "0.3143": 0, "0.3286": 0, "0.3428": 0, "0.3571": 0, "0.3714": 0, "0.3857": 0, "0.4000": 0, "0.4143": 0, "0.4285": 0, "0.4428": 0, "0.4571": 0, "0.4714": 0, "0.4857": 0, "0.5000": 0, "0.5143": 0, "0.5285": 0, "0.5428": 0, "0.5571": 0, "0.5714": 0, "0.5857": 0, "0.6000": 0, "0.6142": 0, "0.6285": 0, "0.6428": 0, "0.6571": 0, "0.6714": 0, "0.6857": 0, "0.7000": 0, "0.7142": 0, "0.7285": 0, "0.7428": 0, "0.7571": 0, "0.7714": 0, "0.7857": 0, "0.8000": 0, "0.8142": 0, "0.8285": 0, "0.8428": 0, "0.8571": 0, "0.8714": 0, "0.8857": 0, "0.8999": 0, "0.9142": 0, "0.9285": 0, "0.9428": 0, "0.9571": 0, "0.9714": 0, "0.9857": 0, "0.9999": 0, "1.0142": 0, "1.0285": 0, "1.0428": 0, "1.0571": 0, "1.0714": 0, "1.0856": 0, "1.0999": 0, "1.1142": 0, "1.1285": "0.016", "1.1428": 0, "1.1571": 0, "1.1714": 0, "1.1856": 0, "1.1999": 0, "1.2142": 0, "1.2285": 0, "1.2428": 0, "1.2571": 0, "1.2714": 0, "1.2856": 0, "1.2999": 0, "1.3142": 0, "1.3285": 0, "1.3428": 0, "1.3571": 0, "1.3713": 0, "1.3856": 0, "1.3999": 0, "1.4142": 0}, "range_end": 20, "total_cost": "0.001", "total_loss": "0.000", "range_start": 20, "group_number": 1, "range_middle": "20.5", "total_profit": "0.015", "total_revenue": "0.016", "parameter_set_player_id": 63}}}, "timestamp": "2025-04-07T18:33:30.365Z", "updated": "2025-04-07T18:33:30.365Z"}}, {"model": "main.sessionperiod", "pk": 60305, "fields": {"session": 9, "parameter_set_periodblock": 117, "period_number": 2, "round_number": 2, "summary_data": {"session_players": {"140": {"cost": "0.0707", "earnings": "0.034", "overlaps": {}, "position": 1, "revenues": {"0.0000": 0, "0.0143": 0, "0.0286": 0, "0.0429": 0, "0.0571": 0, "0.0714": 0, "0.0857": 0, "0.1000": 0, "0.1143": 0, "0.1286": 0, "0.1428": 0, "0.1571": 0, "0.1714": 0, "0.1857": 0, "0.2000": 0, "0.2143": 0, "0.2286": 0, "0.2428": 0, "0.2571": 0, "0.2714": 0, "0.2857": 0, "0.3000": 0, "0.3143": 0, "0.3286": 0, "0.3428": 0, "0.3571": 0, "0.3714": 0, "0.3857": 0, "0.4000": 0, "0.4143": 0, "0.4285": 0, "0.4428": 0, "0.4571": 0, "0.4714": 0, "0.4857": 0, "0.5000": 0, "0.5143": 0, "0.5285": 0, "0.5428": 0, "0.5571": 0, "0.5714": 0, "0.5857": 0, "0.6000": 0, "0.6142": 0, "0.6285": 0, "0.6428": 0, "0.6571": 0, "0.6714": 0, "0.6857": 0, "0.7000": 0, "0.7142": 0, "0.7285": 0, "0.7428": 0, "0.7571": 0, "0.7714": 0, "0.7857": 0, "0.8000": 0, "0.8142": 0, "0.8285": 0, "0.8428": 0, "0.8571": 0, "0.8714": 0, "0.8857": 0, "0.8999": 0, "0.9142": 0, "0.9285": 0, "0.9428": 0, "0.9571": 0, "0.9714": 0, "0.9857": 0, "0.9999": 0, "1.0142": 0, "1.0285": 0, "1.0428": 0, "1.0571": 0, "1.0714": 0, "1.0856": 0, "1.0999": 0, "1.1142": 0, "1.1285": 0, "1.1428": 0, "1.1571": 0, "1.1714": 0, "1.1856": 0, "1.1999": 0, "1.2142": 0, "1.2285": 0, "1.2428": 0, "1.2571": 0, "1.2714": "0.018", "1.2856": 0, "1.2999": 0, "1.3142": 0, "1.3285": 0, "1.3428": 0, "1.3571": 0, "1.3713": 0, "1.3856": 0, "1.3999": 0, "1.4142": 0}, "range_end": 10, "total_cost": "0.001", "total_loss": "0.000", "range_start": 10, "group_number": 1, "range_middle": "10.5", "total_profit": "0.017", "total_revenue": "0.018", "parameter_set_player_id": 62}, "141": {"cost": "0.0707", "earnings": "0.030", "overlaps": {}, "position": 2, "revenues": {"0.0000": 0, "0.0143": 0, "0.0286": 0, "0.0429": 0, "0.0571": 0, "0.0714": 0, "0.0857": 0, "0.1000": 0, "0.1143": 0, "0.1286": 0, "0.1428": 0, "0.1571": 0, "0.1714": 0, "0.1857": 0, "0.2000": 0, "0.2143": 0, "0.2286": 0, "0.2428": 0, "0.2571": 0, "0.2714": 0, "0.2857": 0, "0.3000": 0, "0.3143": 0, "0.3286": 0, "0.3428": 0, "0.3571": 0, "0.3714": 0, "0.3857": 0, "0.4000": 0, "0.4143": 0, "0.4285": 0, "0.4428": 0, "0.4571": 0, "0.4714": 0, "0.4857": 0, "0.5000": 0, "0.5143": 0, "0.5285": 0, "0.5428": 0, "0.5571": 0, "0.5714": 0, "0.5857": 0, "0.6000": 0, "0.6142": 0, "0.6285": 0, "0.6428": 0, "0.6571": 0, "0.6714": 0, "0.6857": 0, "0.7000": 0, "0.7142": 0, "0.7285": 0, "0.7428": 0, "0.7571": 0, "0.7714": 0, "0.7857": 0, "0.8000": 0, "0.8142": 0, "0.8285": 0, "0.8428": 0, "0.8571": 0, "0.8714": 0, "0.8857": 0, "0.8999": 0, "0.9142": 0, "0.9285": 0, "0.9428": 0, "0.9571": 0, "0.9714": 0, "0.9857": 0, "0.9999": 0, "1.0142": 0, "1.0285": 0, "1.0428": 0, "1.0571": 0, "1.0714": 0, "1.0856": 0, "1.0999": 0, "1.1142": 0, "1.1285": "0.016", "1.1428": 0, "1.1571": 0, "1.1714": 0, "1.1856": 0, "1.1999": 0, "1.2142": 0, "1.2285": 0, "1.2428": 0, "1.2571": 0, "1.2714": 0, "1.2856": 0, "1.2999": 0, "1.3142": 0, "1.3285": 0, "1.3428": 0, "1.3571": 0, "1.3713": 0, "1.3856": 0, "1.3999": 0, "1.4142": 0}, "range_end": 20, "total_cost": "0.001", "total_loss": "0.000", "range_start": 20, "group_number": 1, "range_middle": "20.5", "total_profit": "0.015", "total_revenue": "0.016", "parameter_set_player_id": 63}}}, "timestamp": "2025-04-07T18:33:30.365Z", "updated": "2025-04-07T18:33:30.365Z"}}, {"model": "main.sessionperiod", "pk": 60306, "fields": {"session": 9, "parameter_set_periodblock": 117, "period_number": 3, "round_number": 3, "summary_data": {"session_players": {"140": {"cost": "0.0707", "earnings": "0.051", "overlaps": {}, "position": 1, "revenues": {"0.0000": 0, "0.0143": 0, "0.0286": 0, "0.0429": 0, "0.0571": 0, "0.0714": 0, "0.0857": 0, "0.1000": 0, "0.1143": 0, "0.1286": 0, "0.1428": 0, "0.1571": 0, "0.1714": 0, "0.1857": 0, "0.2000": 0, "0.2143": 0, "0.2286": 0, "0.2428": 0, "0.2571": 0, "0.2714": 0, "0.2857": 0, "0.3000": 0, "0.3143": 0, "0.3286": 0, "0.3428": 0, "0.3571": 0, "0.3714": 0, "0.3857": 0, "0.4000": 0, "0.4143": 0, "0.4285": 0, "0.4428": 0, "0.4571": 0, "0.4714": 0, "0.4857": 0, "0.5000": 0, "0.5143": 0, "0.5285": 0, "0.5428": 0, "0.5571": 0, "0.5714": 0, "0.5857": 0, "0.6000": 0, "0.6142": 0, "0.6285": 0, "0.6428": 0, "0.6571": 0, "0.6714": 0, "0.6857": 0, "0.7000": 0, "0.7142": 0, "0.7285": 0, "0.7428": 0, "0.7571": 0, "0.7714": 0, "0.7857": 0, "0.8000": 0, "0.8142": 0, "0.8285": 0, "0.8428": 0, "0.8571": 0, "0.8714": 0, "0.8857": 0, "0.8999": 0, "0.9142": 0, "0.9285": 0, "0.9428": 0, "0.9571": 0, "0.9714": 0, "0.9857": 0, "0.9999": 0, "1.0142": 0, "1.0285": 0, "1.0428": 0, "1.0571": 0, "1.0714": 0, "1.0856": 0, "1.0999": 0, "1.1142": 0, "1.1285": 0, "1.1428": 0, "1.1571": 0, "1.1714": 0, "1.1856": 0, "1.1999": 0, "1.2142": 0, "1.2285": 0, "1.2428": 0, "1.2571": 0, "1.2714": "0.018", "1.2856": 0, "1.2999": 0, "1.3142": 0, "1.3285": 0, "1.3428": 0, "1.3571": 0, "1.3713": 0, "1.3856": 0, "1.3999": 0, "1.4142": 0}, "range_end": 10, "total_cost": "0.001", "total_loss": "0.000", "range_start": 10, "group_number": 1, "range_middle": "10.5", "total_profit": "0.017", "total_revenue": "0.018", "parameter_set_player_id": 62}, "141": {"cost": "0.0707", "earnings": "0.045", "overlaps": {}, "position": 2, "revenues": {"0.0000": 0, "0.0143": 0, "0.0286": 0, "0.0429": 0, "0.0571": 0, "0.0714": 0, "0.0857": 0, "0.1000": 0, "0.1143": 0, "0.1286": 0, "0.1428": 0, "0.1571": 0, "0.1714": 0, "0.1857": 0, "0.2000": 0, "0.2143": 0, "0.2286": 0, "0.2428": 0, "0.2571": 0, "0.2714": 0, "0.2857": 0, "0.3000": 0, "0.3143": 0, "0.3286": 0, "0.3428": 0, "0.3571": 0, "0.3714": 0, "0.3857": 0, "0.4000": 0, "0.4143": 0, "0.4285": 0, "0.4428": 0, "0.4571": 0, "0.4714": 0, "0.4857": 0, "0.5000": 0, "0.5143": 0, "0.5285": 0, "0.5428": 0, "0.5571": 0, "0.5714": 0, "0.5857": 0, "0.6000": 0, "0.6142": 0, "0.6285": 0, "0.6428": 0, "0.6571": 0, "0.6714": 0, "0.6857": 0, "0.7000": 0, "0.7142": 0, "0.7285": 0, "0.7428": 0, "0.7571": 0, "0.7714": 0, "0.7857": 0, "0.8000": 0, "0.8142": 0, "0.8285": 0, "0.8428": 0, "0.8571": 0, "0.8714": 0, "0.8857": 0, "0.8999": 0, "0.9142": 0, "0.9285": 0, "0.9428": 0, "0.9571": 0, "0.9714": 0, "0.9857": 0, "0.9999": 0, "1.0142": 0, "1.0285": 0, "1.0428": 0, "1.0571": 0, "1.0714": 0, "1.0856": 0, "1.0999": 0, "1.1142": 0, "1.1285": "0.016", "1.1428": 0, "1.1571": 0, "1.1714": 0, "1.1856": 0, "1.1999": 0, "1.2142": 0, "1.2285": 0, "1.2428": 0, "1.2571": 0, "1.2714": 0, "1.2856": 0, "1.2999": 0, "1.3142": 0, "1.3285": 0, "1.3428": 0, "1.3571": 0, "1.3713": 0, "1.3856": 0, "1.3999": 0, "1.4142": 0}, "range_end": 20, "total_cost": "0.001", "total_loss": "0.000", "range_start": 20, "group_number": 1, "range_middle": "20.5", "total_profit": "0.015", "total_revenue": "0.016", "parameter_set_player_id": 63}}}, "timestamp": "2025-04-07T18:33:30.365Z", "updated": "2025-04-07T18:33:30.365Z"}}, {"model": "main.sessionperiod", "pk": 60307, "fields": {"session": 9, "parameter_set_periodblock": 117, "period_number": 4, "round_number": 4, "summary_data": {"session_players": {"140": {"cost": "0.0707", "earnings": "0.059", "overlaps": {"141": 1}, "position": 1, "revenues": {"0.0000": 0, "0.0143": 0, "0.0286": 0, "0.0429": 0, "0.0571": 0, "0.0714": 0, "0.0857": 0, "0.1000": 0, "0.1143": 0, "0.1286": 0, "0.1428": 0, "0.1571": 0, "0.1714": 0, "0.1857": 0, "0.2000": 0, "0.2143": 0, "0.2286": 0, "0.2428": 0, "0.2571": 0, "0.2714": 0, "0.2857": 0, "0.3000": 0, "0.3143": 0, "0.3286": 0, "0.3428": 0, "0.3571": 0, "0.3714": 0, "0.3857": 0, "0.4000": 0, "0.4143": 0, "0.4285": 0, "0.4428": 0, "0.4571": 0, "0.4714": 0, "0.4857": 0, "0.5000": 0, "0.5143": 0, "0.5285": 0, "0.5428": 0, "0.5571": 0, "0.5714": 0, "0.5857": 0, "0.6000": 0, "0.6142": 0, "0.6285": 0, "0.6428": 0, "0.6571": 0, "0.6714": 0, "0.6857": 0, "0.7000": 0, "0.7142": 0, "0.7285": 0, "0.7428": 0, "0.7571": 0, "0.7714": 0, "0.7857": 0, "0.8000": 0, "0.8142": 0, "0.8285": 0, "0.8428": 0, "0.8571": 0, "0.8714": 0, "0.8857": 0, "0.8999": 0, "0.9142": 0, "0.9285": 0, "0.9428": 0, "0.9571": 0, "0.9714": 0, "0.9857": 0, "0.9999": 0, "1.0142": 0, "1.0285": 0, "1.0428": 0, "1.0571": 0, "1.0714": 0, "1.0856": 0, "1.0999": 0, "1.1142": 0, "1.1285": 0, "1.1428": 0, "1.1571": 0, "1.1714": 0, "1.1856": 0, "1.1999": 0, "1.2142": 0, "1.2285": 0, "1.2428": 0, "1.2571": 0, "1.2714": "0.009", "1.2856": 0, "1.2999": 0, "1.3142": 0, "1.3285": 0, "1.3428": 0, "1.3571": 0, "1.3713": 0, "1.3856": 0, "1.3999": 0, "1.4142": 0}, "range_end": 10, "total_cost": "0.001", "total_loss": "0.000", "range_start": 10, "group_number": 1, "range_middle": "10.5", "total_profit": "0.008", "total_revenue": "0.009", "parameter_set_player_id": 62}, "141": {"cost": "0.0707", "earnings": "0.087", "overlaps": {"140": 1}, "position": 2, "revenues": {"0.0000": 0, "0.0143": 0, "0.0286": 0, "0.0429": 0, "0.0571": 0, "0.0714": 0, "0.0857": 0, "0.1000": 0, "0.1143": 0, "0.1286": 0, "0.1428": 0, "0.1571": 0, "0.1714": 0, "0.1857": 0, "0.2000": 0, "0.2143": 0, "0.2286": 0, "0.2428": 0, "0.2571": 0, "0.2714": 0, "0.2857": 0, "0.3000": 0, "0.3143": 0, "0.3286": 0, "0.3428": 0, "0.3571": 0, "0.3714": 0, "0.3857": 0, "0.4000": 0, "0.4143": 0, "0.4285": 0, "0.4428": 0, "0.4571": 0, "0.4714": 0, "0.4857": 0, "0.5000": 0, "0.5143": 0, "0.5285": 0, "0.5428": 0, "0.5571": 0, "0.5714": 0, "0.5857": 0, "0.6000": 0, "0.6142": 0, "0.6285": 0, "0.6428": 0, "0.6571": 0, "0.6714": 0, "0.6857": 0, "0.7000": 0, "0.7142": 0, "0.7285": 0, "0.7428": 0, "0.7571": 0, "0.7714": 0, "0.7857": 0, "0.8000": 0, "0.8142": 0, "0.8285": 0, "0.8428": 0, "0.8571": 0, "0.8714": 0, "0.8857": 0, "0.8999": 0, "0.9142": 0, "0.9285": 0, "0.9428": 0, "0.9571": 0, "0.9714": 0, "0.9857": 0, "0.9999": 0, "1.0142": 0, "1.0285": 0, "1.0428": 0, "1.0571": 0, "1.0714": 0, "1.0856": 0, "1.0999": 0, "1.1142": 0, "1.1285": 0, "1.1428": 0, "1.1571": 0, "1.1714": 0, "1.1856": 0, "1.1999": 0, "1.2142": 0, "1.2285": 0, "1.2428": 0, "1.2571": "0.018", "1.2714": "0.009", "1.2856": "0.018", "1.2999": 0, "1.3142": 0, "1.3285": 0, "1.3428": 0, "1.3571": 0, "1.3713": 0, "1.3856": 0, "1.3999": 0, "1.4142": 0}, "range_end": 11, "total_cost": "0.003", "total_loss": "0.000", "range_start": 9, "group_number": 1, "range_middle": "10.5", "total_profit": "0.042", "total_revenue": "0.045", "parameter_set_player_id": 63}}}, "timestamp": "2025-04-07T18:33:30.365Z", "updated": "2025-04-07T18:33:30.365Z"}}, {"model": "main.sessionperiod", "pk": 60308, "fields": {"session": 9, "parameter_set_periodblock": 117, "period_number": 5, "round_number": 5, "summary_data": {}, "timestamp": "2025-04-07T18:33:30.365Z", "updated": "2025-04-07T18:33:30.365Z"}}, {"model": "main.sessionperiod", "pk": 60309, "fields": {"session": 9, "parameter_set_periodblock": 117, "period_number": 6, "round_number": 6, "summary_data": {}, "timestamp": "2025-04-07T18:33:30.365Z", "updated": "2025-04-07T18:33:30.365Z"}}, {"model": "main.sessionperiod", "pk": 60310, "fields": {"session": 9, "parameter_set_periodblock": 117, "period_number": 7, "round_number": 7, "summary_data": {}, "timestamp": "2025-04-07T18:33:30.365Z", "updated": "2025-04-07T18:33:30.365Z"}}, {"model": "main.sessionperiod", "pk": 60311, "fields": {"session": 9, "parameter_set_periodblock": 117, "period_number": 8, "round_number": 8, "summary_data": {}, "timestamp": "2025-04-07T18:33:30.365Z", "updated": "2025-04-07T18:33:30.365Z"}}, {"model": "main.sessionperiod", "pk": 60312, "fields": {"session": 9, "parameter_set_periodblock": 117, "period_number": 9, "round_number": 9, "summary_data": {}, "timestamp": "2025-04-07T18:33:30.365Z", "updated": "2025-04-07T18:33:30.365Z"}}, {"model": "main.sessionperiod", "pk": 60313, "fields": {"session": 9, "parameter_set_periodblock": 117, "period_number": 10, "round_number": 10, "summary_data": {}, "timestamp": "2025-04-07T18:33:30.365Z", "updated": "2025-04-07T18:33:30.365Z"}}, {"model": "main.sessionperiod", "pk": 60314, "fields": {"session": 9, "parameter_set_periodblock": 118, "period_number": 11, "round_number": 1, "summary_data": {}, "timestamp": "2025-04-07T18:33:30.365Z", "updated": "2025-04-07T18:33:30.365Z"}}, {"model": "main.sessionperiod", "pk": 60315, "fields": {"session": 9, "parameter_set_periodblock": 118, "period_number": 12, "round_number": 2, "summary_data": {}, "timestamp": "2025-04-07T18:33:30.365Z", "updated": "2025-04-07T18:33:30.365Z"}}, {"model": "main.sessionperiod", "pk": 60316, "fields": {"session": 9, "parameter_set_periodblock": 118, "period_number": 13, "round_number": 3, "summary_data": {}, "timestamp": "2025-04-07T18:33:30.365Z", "updated": "2025-04-07T18:33:30.365Z"}}, {"model": "main.sessionperiod", "pk": 60317, "fields": {"session": 9, "parameter_set_periodblock": 118, "period_number": 14, "round_number": 4, "summary_data": {}, "timestamp": "2025-04-07T18:33:30.365Z", "updated": "2025-04-07T18:33:30.365Z"}}, {"model": "main.sessionperiod", "pk": 60318, "fields": {"session": 9, "parameter_set_periodblock": 118, "period_number": 15, "round_number": 5, "summary_data": {}, "timestamp": "2025-04-07T18:33:30.365Z", "updated": "2025-04-07T18:33:30.365Z"}}, {"model": "main.sessionperiod", "pk": 60319, "fields": {"session": 9, "parameter_set_periodblock": 118, "period_number": 16, "round_number": 6, "summary_data": {}, "timestamp": "2025-04-07T18:33:30.365Z", "updated": "2025-04-07T18:33:30.365Z"}}, {"model": "main.sessionperiod", "pk": 60320, "fields": {"session": 9, "parameter_set_periodblock": 118, "period_number": 17, "round_number": 7, "summary_data": {}, "timestamp": "2025-04-07T18:33:30.365Z", "updated": "2025-04-07T18:33:30.365Z"}}, {"model": "main.sessionperiod", "pk": 60321, "fields": {"session": 9, "parameter_set_periodblock": 118, "period_number": 18, "round_number": 8, "summary_data": {}, "timestamp": "2025-04-07T18:33:30.365Z", "updated": "2025-04-07T18:33:30.365Z"}}, {"model": "main.sessionperiod", "pk": 60322, "fields": {"session": 9, "parameter_set_periodblock": 118, "period_number": 19, "round_number": 9, "summary_data": {}, "timestamp": "2025-04-07T18:33:30.365Z", "updated": "2025-04-07T18:33:30.365Z"}}, {"model": "main.sessionperiod", "pk": 60323, "fields": {"session": 9, "parameter_set_periodblock": 118, "period_number": 20, "round_number": 10, "summary_data": {}, "timestamp": "2025-04-07T18:33:30.365Z", "updated": "2025-04-07T18:33:30.365Z"}}, {"model": "main.sessionperiod", "pk": 60324, "fields": {"session": 9, "parameter_set_periodblock": 119, "period_number": 21, "round_number": 1, "summary_data": {}, "timestamp": "2025-04-07T18:33:30.365Z", "updated": "2025-04-07T18:33:30.365Z"}}, {"model": "main.sessionperiod", "pk": 60325, "fields": {"session": 9, "parameter_set_periodblock": 119, "period_number": 22, "round_number": 2, "summary_data": {}, "timestamp": "2025-04-07T18:33:30.365Z", "updated": "2025-04-07T18:33:30.365Z"}}, {"model": "main.sessionperiod", "pk": 60326, "fields": {"session": 9, "parameter_set_periodblock": 119, "period_number": 23, "round_number": 3, "summary_data": {}, "timestamp": "2025-04-07T18:33:30.365Z", "updated": "2025-04-07T18:33:30.365Z"}}, {"model": "main.sessionperiod", "pk": 60327, "fields": {"session": 9, "parameter_set_periodblock": 119, "period_number": 24, "round_number": 4, "summary_data": {}, "timestamp": "2025-04-07T18:33:30.365Z", "updated": "2025-04-07T18:33:30.365Z"}}, {"model": "main.sessionperiod", "pk": 60328, "fields": {"session": 9, "parameter_set_periodblock": 119, "period_number": 25, "round_number": 5, "summary_data": {}, "timestamp": "2025-04-07T18:33:30.365Z", "updated": "2025-04-07T18:33:30.365Z"}}, {"model": "main.sessionperiod", "pk": 60329, "fields": {"session": 9, "parameter_set_periodblock": 119, "period_number": 26, "round_number": 6, "summary_data": {}, "timestamp": "2025-04-07T18:33:30.365Z", "updated": "2025-04-07T18:33:30.365Z"}}, {"model": "main.sessionperiod", "pk": 60330, "fields": {"session": 9, "parameter_set_periodblock": 119, "period_number": 27, "round_number": 7, "summary_data": {}, "timestamp": "2025-04-07T18:33:30.365Z", "updated": "2025-04-07T18:33:30.365Z"}}, {"model": "main.sessionperiod", "pk": 60331, "fields": {"session": 9, "parameter_set_periodblock": 119, "period_number": 28, "round_number": 8, "summary_data": {}, "timestamp": "2025-04-07T18:33:30.365Z", "updated": "2025-04-07T18:33:30.365Z"}}, {"model": "main.sessionperiod", "pk": 60332, "fields": {"session": 9, "parameter_set_periodblock": 119, "period_number": 29, "round_number": 9, "summary_data": {}, "timestamp": "2025-04-07T18:33:30.365Z", "updated": "2025-04-07T18:33:30.365Z"}}, {"model": "main.sessionperiod", "pk": 60333, "fields": {"session": 9, "parameter_set_periodblock": 119, "period_number": 30, "round_number": 10, "summary_data": {}, "timestamp": "2025-04-07T18:33:30.365Z", "updated": "2025-04-07T18:33:30.365Z"}}, {"model": "main.sessionevent", "pk": 51014, "fields": {"session": 1, "session_player": null, "period_number": 1, "group_number": 0, "type": "time", "data": {"value": "success", "started": true, "earnings": {}, "finished": false, "stop_timer": false, "current_round": 1, "period_blocks": {"30": {"id": "30", "phase": "play", "session_players": {"59": {"ready": true}}}, "75": {"id": "75", "phase": "start", "session_players": {"59": {"ready": false}}}, "76": {"id": "76", "phase": "start", "session_players": {"59": {"ready": false}}}}, "timer_running": true, "current_period": 1, "time_remaining": 60, "session_players": {"59": {"cost": "0.1273", "earnings": "24.984", "overlaps": {}, "position": 1, "revenues": {"0.0000": "0.000", "0.0257": "0.002", "0.0514": "0.004", "0.0771": "0.005", "0.1028": "0.007", "0.1286": "0.009", "0.1543": "0.011", "0.1800": "0.013", "0.2057": "0.015", "0.2314": "0.016", "0.2571": "0.018", "0.2828": "0.020", "0.3085": "0.022", "0.3343": "0.024", "0.3600": "0.025", "0.3857": "0.027", "0.4114": "0.029", "0.4371": "0.031", "0.4628": "0.033", "0.4885": "0.035", "0.5142": "0.036", "0.5400": "0.038", "0.5657": "0.040", "0.5914": "0.042", "0.6171": "0.044", "0.6428": "0.045", "0.6685": "0.047", "0.6942": "0.049", "0.7199": "0.051", "0.7457": "0.053", "0.7714": "0.055", "0.7971": "0.056", "0.8228": "0.058", "0.8485": "0.060", "0.8742": "0.062", "0.8999": "0.064", "0.9256": "0.065", "0.9513": "0.067", "0.9771": "0.069", "1.0028": "0.071", "1.0285": "0.073", "1.0542": "0.075", "1.0799": "0.076", "1.1056": "0.078", "1.1313": "0.080", "1.1570": "0.082", "1.1828": "0.084", "1.2085": "0.085", "1.2342": "0.087", "1.2599": "0.089", "1.2856": "0.091", "1.3113": "0.093", "1.3370": "0.095", "1.3627": "0.096", "1.3885": "0.098", "1.4142": "0.100", "1.4399": "0.102", "1.4656": "0.104", "1.4913": "0.105", "1.5170": "0.107", "1.5427": "0.109", "1.5684": "0.111", "1.5942": "0.113", "1.6199": "0.115", "1.6456": "0.116", "1.6713": "0.118", "1.6970": "0.120", "1.7227": "0.122", "1.7484": "0.124", "1.7741": "0.125", "1.7998": "0.127", "1.8256": "0.129", "1.8513": "0.131", "1.8770": "0.133", "1.9027": "0.135", "1.9284": "0.136", "1.9541": "0.138", "1.9798": "0.140", "2.0055": "0.142", "2.0313": "0.144", "2.0570": "0.145", "2.0827": "0.147", "2.1084": "0.149", "2.1341": "0.151", "2.1598": "0.153", "2.1855": "0.155", "2.2112": "0.156", "2.2370": "0.158", "2.2627": "0.160", "2.2884": "0.162", "2.3141": "0.164", "2.3398": "0.165", "2.3655": "0.167", "2.3912": "0.169", "2.4169": "0.171", "2.4427": "0.173", "2.4684": "0.175", "2.4941": "0.176", "2.5198": "0.178", "2.5455": "0.180"}, "range_end": 99, "total_cost": "0.900", "total_loss": "-0.027", "range_start": 0, "group_number": 1, "range_middle": "50", "total_profit": "8.100", "total_revenue": "9.000", "parameter_set_player_id": 31}}, "current_period_block": 30, "session_player_status": {}, "current_experiment_phase": "Run"}, "timestamp": "2025-04-03T18:41:10.858Z", "updated": "2025-04-03T18:41:10.858Z"}}, {"model": "main.sessionevent", "pk": 62652, "fields": {"session": 9, "session_player": null, "period_number": 1, "group_number": 0, "type": "world_state", "data": {"groups": {"1": [140, 141]}, "started": true, "finished": false, "group_map": {"1-1": "140", "1-2": "141"}, "last_store": "2025-04-07 18:33:30.427609", "last_update": "2025-04-07 18:33:30.427605", "current_round": 1, "period_blocks": {"117": {"id": "117", "phase": "start", "session_players": {"140": {"ready": false}, "141": {"ready": false}}}, "118": {"id": "118", "phase": "start", "session_players": {"140": {"ready": false}, "141": {"ready": false}}}, "119": {"id": "119", "phase": "start", "session_players": {"140": {"ready": false}, "141": {"ready": false}}}}, "timer_history": [], "timer_running": false, "current_period": 1, "time_remaining": 1, "session_periods": {"60304": {"id": 60304, "round_number": 1, "payments_made": false, "period_number": 1, "parameter_set_periodblock_id": 117}, "60305": {"id": 60305, "round_number": 2, "payments_made": false, "period_number": 2, "parameter_set_periodblock_id": 117}, "60306": {"id": 60306, "round_number": 3, "payments_made": false, "period_number": 3, "parameter_set_periodblock_id": 117}, "60307": {"id": 60307, "round_number": 4, "payments_made": false, "period_number": 4, "parameter_set_periodblock_id": 117}, "60308": {"id": 60308, "round_number": 5, "payments_made": false, "period_number": 5, "parameter_set_periodblock_id": 117}, "60309": {"id": 60309, "round_number": 6, "payments_made": false, "period_number": 6, "parameter_set_periodblock_id": 117}, "60310": {"id": 60310, "round_number": 7, "payments_made": false, "period_number": 7, "parameter_set_periodblock_id": 117}, "60311": {"id": 60311, "round_number": 8, "payments_made": false, "period_number": 8, "parameter_set_periodblock_id": 117}, "60312": {"id": 60312, "round_number": 9, "payments_made": false, "period_number": 9, "parameter_set_periodblock_id": 117}, "60313": {"id": 60313, "round_number": 10, "payments_made": false, "period_number": 10, "parameter_set_periodblock_id": 117}, "60314": {"id": 60314, "round_number": 1, "payments_made": false, "period_number": 11, "parameter_set_periodblock_id": 118}, "60315": {"id": 60315, "round_number": 2, "payments_made": false, "period_number": 12, "parameter_set_periodblock_id": 118}, "60316": {"id": 60316, "round_number": 3, "payments_made": false, "period_number": 13, "parameter_set_periodblock_id": 118}, "60317": {"id": 60317, "round_number": 4, "payments_made": false, "period_number": 14, "parameter_set_periodblock_id": 118}, "60318": {"id": 60318, "round_number": 5, "payments_made": false, "period_number": 15, "parameter_set_periodblock_id": 118}, "60319": {"id": 60319, "round_number": 6, "payments_made": false, "period_number": 16, "parameter_set_periodblock_id": 118}, "60320": {"id": 60320, "round_number": 7, "payments_made": false, "period_number": 17, "parameter_set_periodblock_id": 118}, "60321": {"id": 60321, "round_number": 8, "payments_made": false, "period_number": 18, "parameter_set_periodblock_id": 118}, "60322": {"id": 60322, "round_number": 9, "payments_made": false, "period_number": 19, "parameter_set_periodblock_id": 118}, "60323": {"id": 60323, "round_number": 10, "payments_made": false, "period_number": 20, "parameter_set_periodblock_id": 118}, "60324": {"id": 60324, "round_number": 1, "payments_made": false, "period_number": 21, "parameter_set_periodblock_id": 119}, "60325": {"id": 60325, "round_number": 2, "payments_made": false, "period_number": 22, "parameter_set_periodblock_id": 119}, "60326": {"id": 60326, "round_number": 3, "payments_made": false, "period_number": 23, "parameter_set_periodblock_id": 119}, "60327": {"id": 60327, "round_number": 4, "payments_made": false, "period_number": 24, "parameter_set_periodblock_id": 119}, "60328": {"id": 60328, "round_number": 5, "payments_made": false, "period_number": 25, "parameter_set_periodblock_id": 119}, "60329": {"id": 60329, "round_number": 6, "payments_made": false, "period_number": 26, "parameter_set_periodblock_id": 119}, "60330": {"id": 60330, "round_number": 7, "payments_made": false, "period_number": 27, "parameter_set_periodblock_id": 119}, "60331": {"id": 60331, "round_number": 8, "payments_made": false, "period_number": 28, "parameter_set_periodblock_id": 119}, "60332": {"id": 60332, "round_number": 9, "payments_made": false, "period_number": 29, "parameter_set_periodblock_id": 119}, "60333": {"id": 60333, "round_number": 10, "payments_made": false, "period_number": 30, "parameter_set_periodblock_id": 119}}, "session_players": {"140": {"cost": "0.0707", "earnings": 0, "overlaps": {}, "position": 1, "revenues": {"0.0000": 0, "0.0143": 0, "0.0286": 0, "0.0429": 0, "0.0571": 0, "0.0714": 0, "0.0857": 0, "0.1000": 0, "0.1143": 0, "0.1286": 0, "0.1428": 0, "0.1571": 0, "0.1714": 0, "0.1857": 0, "0.2000": 0, "0.2143": 0, "0.2286": 0, "0.2428": 0, "0.2571": 0, "0.2714": 0, "0.2857": 0, "0.3000": 0, "0.3143": 0, "0.3286": 0, "0.3428": 0, "0.3571": 0, "0.3714": 0, "0.3857": 0, "0.4000": 0, "0.4143": 0, "0.4285": 0, "0.4428": 0, "0.4571": 0, "0.4714": 0, "0.4857": 0, "0.5000": 0, "0.5143": 0, "0.5285": 0, "0.5428": 0, "0.5571": 0, "0.5714": 0, "0.5857": 0, "0.6000": 0, "0.6142": 0, "0.6285": 0, "0.6428": 0, "0.6571": 0, "0.6714": 0, "0.6857": 0, "0.7000": 0, "0.7142": 0, "0.7285": 0, "0.7428": 0, "0.7571": 0, "0.7714": 0, "0.7857": 0, "0.8000": 0, "0.8142": 0, "0.8285": 0, "0.8428": 0, "0.8571": 0, "0.8714": 0, "0.8857": 0, "0.8999": 0, "0.9142": 0, "0.9285": 0, "0.9428": 0, "0.9571": 0, "0.9714": 0, "0.9857": 0, "0.9999": 0, "1.0142": 0, "1.0285": 0, "1.0428": 0, "1.0571": 0, "1.0714": 0, "1.0856": 0, "1.0999": 0, "1.1142": 0, "1.1285": 0, "1.1428": 0, "1.1571": 0, "1.1714": 0, "1.1856": 0, "1.1999": 0, "1.2142": 0, "1.2285": 0, "1.2428": 0, "1.2571": 0, "1.2714": "0.018", "1.2856": 0, "1.2999": 0, "1.3142": 0, "1.3285": 0, "1.3428": 0, "1.3571": 0, "1.3713": 0, "1.3856": 0, "1.3999": 0, "1.4142": 0}, "range_end": 10, "total_cost": "0.001", "total_loss": "0.000", "range_start": 10, "group_number": 1, "range_middle": "10.5", "total_profit": "0.017", "total_revenue": "0.018", "parameter_set_player_id": 62}, "141": {"cost": "0.0707", "earnings": 0, "overlaps": {}, "position": 2, "revenues": {"0.0000": 0, "0.0143": 0, "0.0286": 0, "0.0429": 0, "0.0571": 0, "0.0714": 0, "0.0857": 0, "0.1000": 0, "0.1143": 0, "0.1286": 0, "0.1428": 0, "0.1571": 0, "0.1714": 0, "0.1857": 0, "0.2000": 0, "0.2143": 0, "0.2286": 0, "0.2428": 0, "0.2571": 0, "0.2714": 0, "0.2857": 0, "0.3000": 0, "0.3143": 0, "0.3286": 0, "0.3428": 0, "0.3571": 0, "0.3714": 0, "0.3857": 0, "0.4000": 0, "0.4143": 0, "0.4285": 0, "0.4428": 0, "0.4571": 0, "0.4714": 0, "0.4857": 0, "0.5000": 0, "0.5143": 0, "0.5285": 0, "0.5428": 0, "0.5571": 0, "0.5714": 0, "0.5857": 0, "0.6000": 0, "0.6142": 0, "0.6285": 0, "0.6428": 0, "0.6571": 0, "0.6714": 0, "0.6857": 0, "0.7000": 0, "0.7142": 0, "0.7285": 0, "0.7428": 0, "0.7571": 0, "0.7714": 0, "0.7857": 0, "0.8000": 0, "0.8142": 0, "0.8285": 0, "0.8428": 0, "0.8571": 0, "0.8714": 0, "0.8857": 0, "0.8999": 0, "0.9142": 0, "0.9285": 0, "0.9428": 0, "0.9571": 0, "0.9714": 0, "0.9857": 0, "0.9999": 0, "1.0142": 0, "1.0285": 0, "1.0428": 0, "1.0571": 0, "1.0714": 0, "1.0856": 0, "1.0999": 0, "1.1142": 0, "1.1285": "0.016", "1.1428": 0, "1.1571": 0, "1.1714": 0, "1.1856": 0, "1.1999": 0, "1.2142": 0, "1.2285": 0, "1.2428": 0, "1.2571": 0, "1.2714": 0, "1.2856": 0, "1.2999": 0, "1.3142": 0, "1.3285": 0, "1.3428": 0, "1.3571": 0, "1.3713": 0, "1.3856": 0, "1.3999": 0, "1.4142": 0}, "range_end": 20, "total_cost": "0.001", "total_loss": "0.000", "range_start": 20, "group_number": 1, "range_middle": "20.5", "total_profit": "0.015", "total_revenue": "0.016", "parameter_set_player_id": 63}}, "number_of_periods": 30, "current_period_block": 117, "session_periods_order": [60304, 60305, 60306, 60307, 60308, 60309, 60310, 60311, 60312, 60313, 60314, 60315, 60316, 60317, 60318, 60319, 60320, 60321, 60322, 60323, 60324, 60325, 60326, 60327, 60328, 60329, 60330, 60331, 60332, 60333], "session_players_order": [140, 141], "current_experiment_phase": "Instructions"}, "timestamp": "2025-04-07T18:33:34.186Z", "updated": "2025-04-07T18:33:34.186Z"}}, {"model": "main.sessionevent", "pk": 62653, "fields": {"session": 9, "session_player": null, "period_number": 1, "group_number": 0, "type": "time", "data": {"value": "success", "started": true, "earnings": {}, "finished": false, "stop_timer": false, "current_round": 1, "period_blocks": {"117": {"id": "117", "phase": "start", "session_players": {"140": {"ready": false}, "141": {"ready": false}}}, "118": {"id": "118", "phase": "start", "session_players": {"140": {"ready": false}, "141": {"ready": false}}}, "119": {"id": "119", "phase": "start", "session_players": {"140": {"ready": false}, "141": {"ready": false}}}}, "timer_running": true, "current_period": 1, "time_remaining": 1, "session_players": {"140": {"cost": "0.0707", "earnings": 0, "overlaps": {}, "position": 1, "revenues": {"0.0000": 0, "0.0143": 0, "0.0286": 0, "0.0429": 0, "0.0571": 0, "0.0714": 0, "0.0857": 0, "0.1000": 0, "0.1143": 0, "0.1286": 0, "0.1428": 0, "0.1571": 0, "0.1714": 0, "0.1857": 0, "0.2000": 0, "0.2143": 0, "0.2286": 0, "0.2428": 0, "0.2571": 0, "0.2714": 0, "0.2857": 0, "0.3000": 0, "0.3143": 0, "0.3286": 0, "0.3428": 0, "0.3571": 0, "0.3714": 0, "0.3857": 0, "0.4000": 0, "0.4143": 0, "0.4285": 0, "0.4428": 0, "0.4571": 0, "0.4714": 0, "0.4857": 0, "0.5000": 0, "0.5143": 0, "0.5285": 0, "0.5428": 0, "0.5571": 0, "0.5714": 0, "0.5857": 0, "0.6000": 0, "0.6142": 0, "0.6285": 0, "0.6428": 0, "0.6571": 0, "0.6714": 0, "0.6857": 0, "0.7000": 0, "0.7142": 0, "0.7285": 0, "0.7428": 0, "0.7571": 0, "0.7714": 0, "0.7857": 0, "0.8000": 0, "0.8142": 0, "0.8285": 0, "0.8428": 0, "0.8571": 0, "0.8714": 0, "0.8857": 0, "0.8999": 0, "0.9142": 0, "0.9285": 0, "0.9428": 0, "0.9571": 0, "0.9714": 0, "0.9857": 0, "0.9999": 0, "1.0142": 0, "1.0285": 0, "1.0428": 0, "1.0571": 0, "1.0714": 0, "1.0856": 0, "1.0999": 0, "1.1142": 0, "1.1285": 0, "1.1428": 0, "1.1571": 0, "1.1714": 0, "1.1856": 0, "1.1999": 0, "1.2142": 0, "1.2285": 0, "1.2428": 0, "1.2571": 0, "1.2714": "0.018", "1.2856": 0, "1.2999": 0, "1.3142": 0, "1.3285": 0, "1.3428": 0, "1.3571": 0, "1.3713": 0, "1.3856": 0, "1.3999": 0, "1.4142": 0}, "range_end": 10, "total_cost": "0.001", "total_loss": "0.000", "range_start": 10, "group_number": 1, "range_middle": "10.5", "total_profit": "0.017", "total_revenue": "0.018", "parameter_set_player_id": 62}, "141": {"cost": "0.0707", "earnings": 0, "overlaps": {}, "position": 2, "revenues": {"0.0000": 0, "0.0143": 0, "0.0286": 0, "0.0429": 0, "0.0571": 0, "0.0714": 0, "0.0857": 0, "0.1000": 0, "0.1143": 0, "0.1286": 0, "0.1428": 0, "0.1571": 0, "0.1714": 0, "0.1857": 0, "0.2000": 0, "0.2143": 0, "0.2286": 0, "0.2428": 0, "0.2571": 0, "0.2714": 0, "0.2857": 0, "0.3000": 0, "0.3143": 0, "0.3286": 0, "0.3428": 0, "0.3571": 0, "0.3714": 0, "0.3857": 0, "0.4000": 0, "0.4143": 0, "0.4285": 0, "0.4428": 0, "0.4571": 0, "0.4714": 0, "0.4857": 0, "0.5000": 0, "0.5143": 0, "0.5285": 0, "0.5428": 0, "0.5571": 0, "0.5714": 0, "0.5857": 0, "0.6000": 0, "0.6142": 0, "0.6285": 0, "0.6428": 0, "0.6571": 0, "0.6714": 0, "0.6857": 0, "0.7000": 0, "0.7142": 0, "0.7285": 0, "0.7428": 0, "0.7571": 0, "0.7714": 0, "0.7857": 0, "0.8000": 0, "0.8142": 0, "0.8285": 0, "0.8428": 0, "0.8571": 0, "0.8714": 0, "0.8857": 0, "0.8999": 0, "0.9142": 0, "0.9285": 0, "0.9428": 0, "0.9571": 0, "0.9714": 0, "0.9857": 0, "0.9999": 0, "1.0142": 0, "1.0285": 0, "1.0428": 0, "1.0571": 0, "1.0714": 0, "1.0856": 0, "1.0999": 0, "1.1142": 0, "1.1285": "0.016", "1.1428": 0, "1.1571": 0, "1.1714": 0, "1.1856": 0, "1.1999": 0, "1.2142": 0, "1.2285": 0, "1.2428": 0, "1.2571": 0, "1.2714": 0, "1.2856": 0, "1.2999": 0, "1.3142": 0, "1.3285": 0, "1.3428": 0, "1.3571": 0, "1.3713": 0, "1.3856": 0, "1.3999": 0, "1.4142": 0}, "range_end": 20, "total_cost": "0.001", "total_loss": "0.000", "range_start": 20, "group_number": 1, "range_middle": "20.5", "total_profit": "0.015", "total_revenue": "0.016", "parameter_set_player_id": 63}}, "current_period_block": 117, "session_player_status": {}, "current_experiment_phase": "Run"}, "timestamp": "2025-04-07T18:33:34.186Z", "updated": "2025-04-07T18:33:34.186Z"}}, {"model": "main.sessionevent", "pk": 62654, "fields": {"session": 9, "session_player": null, "period_number": 1, "group_number": 0, "type": "time", "data": {"value": "success", "started": true, "earnings": {}, "finished": false, "stop_timer": false, "current_round": 1, "period_blocks": {"117": {"id": "117", "phase": "start", "session_players": {"140": {"ready": false}, "141": {"ready": false}}}, "118": {"id": "118", "phase": "start", "session_players": {"140": {"ready": false}, "141": {"ready": false}}}, "119": {"id": "119", "phase": "start", "session_players": {"140": {"ready": false}, "141": {"ready": false}}}}, "timer_running": true, "current_period": 1, "time_remaining": 1, "session_players": {"140": {"cost": "0.0707", "earnings": 0, "overlaps": {}, "position": 1, "revenues": {"0.0000": 0, "0.0143": 0, "0.0286": 0, "0.0429": 0, "0.0571": 0, "0.0714": 0, "0.0857": 0, "0.1000": 0, "0.1143": 0, "0.1286": 0, "0.1428": 0, "0.1571": 0, "0.1714": 0, "0.1857": 0, "0.2000": 0, "0.2143": 0, "0.2286": 0, "0.2428": 0, "0.2571": 0, "0.2714": 0, "0.2857": 0, "0.3000": 0, "0.3143": 0, "0.3286": 0, "0.3428": 0, "0.3571": 0, "0.3714": 0, "0.3857": 0, "0.4000": 0, "0.4143": 0, "0.4285": 0, "0.4428": 0, "0.4571": 0, "0.4714": 0, "0.4857": 0, "0.5000": 0, "0.5143": 0, "0.5285": 0, "0.5428": 0, "0.5571": 0, "0.5714": 0, "0.5857": 0, "0.6000": 0, "0.6142": 0, "0.6285": 0, "0.6428": 0, "0.6571": 0, "0.6714": 0, "0.6857": 0, "0.7000": 0, "0.7142": 0, "0.7285": 0, "0.7428": 0, "0.7571": 0, "0.7714": 0, "0.7857": 0, "0.8000": 0, "0.8142": 0, "0.8285": 0, "0.8428": 0, "0.8571": 0, "0.8714": 0, "0.8857": 0, "0.8999": 0, "0.9142": 0, "0.9285": 0, "0.9428": 0, "0.9571": 0, "0.9714": 0, "0.9857": 0, "0.9999": 0, "1.0142": 0, "1.0285": 0, "1.0428": 0, "1.0571": 0, "1.0714": 0, "1.0856": 0, "1.0999": 0, "1.1142": 0, "1.1285": 0, "1.1428": 0, "1.1571": 0, "1.1714": 0, "1.1856": 0, "1.1999": 0, "1.2142": 0, "1.2285": 0, "1.2428": 0, "1.2571": 0, "1.2714": "0.018", "1.2856": 0, "1.2999": 0, "1.3142": 0, "1.3285": 0, "1.3428": 0, "1.3571": 0, "1.3713": 0, "1.3856": 0, "1.3999": 0, "1.4142": 0}, "range_end": 10, "total_cost": "0.001", "total_loss": "0.000", "range_start": 10, "group_number": 1, "range_middle": "10.5", "total_profit": "0.017", "total_revenue": "0.018", "parameter_set_player_id": 62}, "141": {"cost": "0.0707", "earnings": 0, "overlaps": {}, "position": 2, "revenues": {"0.0000": 0, "0.0143": 0, "0.0286": 0, "0.0429": 0, "0.0571": 0, "0.0714": 0, "0.0857": 0, "0.1000": 0, "0.1143": 0, "0.1286": 0, "0.1428": 0, "0.1571": 0, "0.1714": 0, "0.1857": 0, "0.2000": 0, "0.2143": 0, "0.2286": 0, "0.2428": 0, "0.2571": 0, "0.2714": 0, "0.2857": 0, "0.3000": 0, "0.3143": 0, "0.3286": 0, "0.3428": 0, "0.3571": 0, "0.3714": 0, "0.3857": 0, "0.4000": 0, "0.4143": 0, "0.4285": 0, "0.4428": 0, "0.4571": 0, "0.4714": 0, "0.4857": 0, "0.5000": 0, "0.5143": 0, "0.5285": 0, "0.5428": 0, "0.5571": 0, "0.5714": 0, "0.5857": 0, "0.6000": 0, "0.6142": 0, "0.6285": 0, "0.6428": 0, "0.6571": 0, "0.6714": 0, "0.6857": 0, "0.7000": 0, "0.7142": 0, "0.7285": 0, "0.7428": 0, "0.7571": 0, "0.7714": 0, "0.7857": 0, "0.8000": 0, "0.8142": 0, "0.8285": 0, "0.8428": 0, "0.8571": 0, "0.8714": 0, "0.8857": 0, "0.8999": 0, "0.9142": 0, "0.9285": 0, "0.9428": 0, "0.9571": 0, "0.9714": 0, "0.9857": 0, "0.9999": 0, "1.0142": 0, "1.0285": 0, "1.0428": 0, "1.0571": 0, "1.0714": 0, "1.0856": 0, "1.0999": 0, "1.1142": 0, "1.1285": "0.016", "1.1428": 0, "1.1571": 0, "1.1714": 0, "1.1856": 0, "1.1999": 0, "1.2142": 0, "1.2285": 0, "1.2428": 0, "1.2571": 0, "1.2714": 0, "1.2856": 0, "1.2999": 0, "1.3142": 0, "1.3285": 0, "1.3428": 0, "1.3571": 0, "1.3713": 0, "1.3856": 0, "1.3999": 0, "1.4142": 0}, "range_end": 20, "total_cost": "0.001", "total_loss": "0.000", "range_start": 20, "group_number": 1, "range_middle": "20.5", "total_profit": "0.015", "total_revenue": "0.016", "parameter_set_player_id": 63}}, "current_period_block": 117, "session_player_status": {}, "current_experiment_phase": "Run"}, "timestamp": "2025-04-07T18:33:35.215Z", "updated": "2025-04-07T18:33:35.215Z"}}, {"model": "main.sessionevent", "pk": 62655, "fields": {"session": 9, "session_player": null, "period_number": 1, "group_number": 0, "type": "time", "data": {"value": "success", "started": true, "earnings": {}, "finished": false, "stop_timer": false, "current_round": 1, "period_blocks": {"117": {"id": "117", "phase": "start", "session_players": {"140": {"ready": false}, "141": {"ready": false}}}, "118": {"id": "118", "phase": "start", "session_players": {"140": {"ready": false}, "141": {"ready": false}}}, "119": {"id": "119", "phase": "start", "session_players": {"140": {"ready": false}, "141": {"ready": false}}}}, "timer_running": true, "current_period": 1, "time_remaining": 1, "session_players": {"140": {"cost": "0.0707", "earnings": 0, "overlaps": {}, "position": 1, "revenues": {"0.0000": 0, "0.0143": 0, "0.0286": 0, "0.0429": 0, "0.0571": 0, "0.0714": 0, "0.0857": 0, "0.1000": 0, "0.1143": 0, "0.1286": 0, "0.1428": 0, "0.1571": 0, "0.1714": 0, "0.1857": 0, "0.2000": 0, "0.2143": 0, "0.2286": 0, "0.2428": 0, "0.2571": 0, "0.2714": 0, "0.2857": 0, "0.3000": 0, "0.3143": 0, "0.3286": 0, "0.3428": 0, "0.3571": 0, "0.3714": 0, "0.3857": 0, "0.4000": 0, "0.4143": 0, "0.4285": 0, "0.4428": 0, "0.4571": 0, "0.4714": 0, "0.4857": 0, "0.5000": 0, "0.5143": 0, "0.5285": 0, "0.5428": 0, "0.5571": 0, "0.5714": 0, "0.5857": 0, "0.6000": 0, "0.6142": 0, "0.6285": 0, "0.6428": 0, "0.6571": 0, "0.6714": 0, "0.6857": 0, "0.7000": 0, "0.7142": 0, "0.7285": 0, "0.7428": 0, "0.7571": 0, "0.7714": 0, "0.7857": 0, "0.8000": 0, "0.8142": 0, "0.8285": 0, "0.8428": 0, "0.8571": 0, "0.8714": 0, "0.8857": 0, "0.8999": 0, "0.9142": 0, "0.9285": 0, "0.9428": 0, "0.9571": 0, "0.9714": 0, "0.9857": 0, "0.9999": 0, "1.0142": 0, "1.0285": 0, "1.0428": 0, "1.0571": 0, "1.0714": 0, "1.0856": 0, "1.0999": 0, "1.1142": 0, "1.1285": 0, "1.1428": 0, "1.1571": 0, "1.1714": 0, "1.1856": 0, "1.1999": 0, "1.2142": 0, "1.2285": 0, "1.2428": 0, "1.2571": 0, "1.2714": "0.018", "1.2856": 0, "1.2999": 0, "1.3142": 0, "1.3285": 0, "1.3428": 0, "1.3571": 0, "1.3713": 0, "1.3856": 0, "1.3999": 0, "1.4142": 0}, "range_end": 10, "total_cost": "0.001", "total_loss": "0.000", "range_start": 10, "group_number": 1, "range_middle": "10.5", "total_profit": "0.017", "total_revenue": "0.018", "parameter_set_player_id": 62}, "141": {"cost": "0.0707", "earnings": 0, "overlaps": {}, "position": 2, "revenues": {"0.0000": 0, "0.0143": 0, "0.0286": 0, "0.0429": 0, "0.0571": 0, "0.0714": 0, "0.0857": 0, "0.1000": 0, "0.1143": 0, "0.1286": 0, "0.1428": 0, "0.1571": 0, "0.1714": 0, "0.1857": 0, "0.2000": 0, "0.2143": 0, "0.2286": 0, "0.2428": 0, "0.2571": 0, "0.2714": 0, "0.2857": 0, "0.3000": 0, "0.3143": 0, "0.3286": 0, "0.3428": 0, "0.3571": 0, "0.3714": 0, "0.3857": 0, "0.4000": 0, "0.4143": 0, "0.4285": 0, "0.4428": 0, "0.4571": 0, "0.4714": 0, "0.4857": 0, "0.5000": 0, "0.5143": 0, "0.5285": 0, "0.5428": 0, "0.5571": 0, "0.5714": 0, "0.5857": 0, "0.6000": 0, "0.6142": 0, "0.6285": 0, "0.6428": 0, "0.6571": 0, "0.6714": 0, "0.6857": 0, "0.7000": 0, "0.7142": 0, "0.7285": 0, "0.7428": 0, "0.7571": 0, "0.7714": 0, "0.7857": 0, "0.8000": 0, "0.8142": 0, "0.8285": 0, "0.8428": 0, "0.8571": 0, "0.8714": 0, "0.8857": 0, "0.8999": 0, "0.9142": 0, "0.9285": 0, "0.9428": 0, "0.9571": 0, "0.9714": 0, "0.9857": 0, "0.9999": 0, "1.0142": 0, "1.0285": 0, "1.0428": 0, "1.0571": 0, "1.0714": 0, "1.0856": 0, "1.0999": 0, "1.1142": 0, "1.1285": "0.016", "1.1428": 0, "1.1571": 0, "1.1714": 0, "1.1856": 0, "1.1999": 0, "1.2142": 0, "1.2285": 0, "1.2428": 0, "1.2571": 0, "1.2714": 0, "1.2856": 0, "1.2999": 0, "1.3142": 0, "1.3285": 0, "1.3428": 0, "1.3571": 0, "1.3713": 0, "1.3856": 0, "1.3999": 0, "1.4142": 0}, "range_end": 20, "total_cost": "0.001", "total_loss": "0.000", "range_start": 20, "group_number": 1, "range_middle": "20.5", "total_profit": "0.015", "total_revenue": "0.016", "parameter_set_player_id": 63}}, "current_period_block": 117, "session_player_status": {}, "current_experiment_phase": "Run"}, "timestamp": "2025-04-07T18:33:36.247Z", "updated": "2025-04-07T18:33:36.247Z"}}, {"model": "main.sessionevent", "pk": 62656, "fields": {"session": 9, "session_player": null, "period_number": 1, "group_number": 0, "type": "time", "data": {"value": "success", "started": true, "earnings": {}, "finished": false, "stop_timer": false, "current_round": 1, "period_blocks": {"117": {"id": "117", "phase": "start", "session_players": {"140": {"ready": false}, "141": {"ready": false}}}, "118": {"id": "118", "phase": "start", "session_players": {"140": {"ready": false}, "141": {"ready": false}}}, "119": {"id": "119", "phase": "start", "session_players": {"140": {"ready": false}, "141": {"ready": false}}}}, "timer_running": true, "current_period": 1, "time_remaining": 1, "session_players": {"140": {"cost": "0.0707", "earnings": 0, "overlaps": {}, "position": 1, "revenues": {"0.0000": 0, "0.0143": 0, "0.0286": 0, "0.0429": 0, "0.0571": 0, "0.0714": 0, "0.0857": 0, "0.1000": 0, "0.1143": 0, "0.1286": 0, "0.1428": 0, "0.1571": 0, "0.1714": 0, "0.1857": 0, "0.2000": 0, "0.2143": 0, "0.2286": 0, "0.2428": 0, "0.2571": 0, "0.2714": 0, "0.2857": 0, "0.3000": 0, "0.3143": 0, "0.3286": 0, "0.3428": 0, "0.3571": 0, "0.3714": 0, "0.3857": 0, "0.4000": 0, "0.4143": 0, "0.4285": 0, "0.4428": 0, "0.4571": 0, "0.4714": 0, "0.4857": 0, "0.5000": 0, "0.5143": 0, "0.5285": 0, "0.5428": 0, "0.5571": 0, "0.5714": 0, "0.5857": 0, "0.6000": 0, "0.6142": 0, "0.6285": 0, "0.6428": 0, "0.6571": 0, "0.6714": 0, "0.6857": 0, "0.7000": 0, "0.7142": 0, "0.7285": 0, "0.7428": 0, "0.7571": 0, "0.7714": 0, "0.7857": 0, "0.8000": 0, "0.8142": 0, "0.8285": 0, "0.8428": 0, "0.8571": 0, "0.8714": 0, "0.8857": 0, "0.8999": 0, "0.9142": 0, "0.9285": 0, "0.9428": 0, "0.9571": 0, "0.9714": 0, "0.9857": 0, "0.9999": 0, "1.0142": 0, "1.0285": 0, "1.0428": 0, "1.0571": 0, "1.0714": 0, "1.0856": 0, "1.0999": 0, "1.1142": 0, "1.1285": 0, "1.1428": 0, "1.1571": 0, "1.1714": 0, "1.1856": 0, "1.1999": 0, "1.2142": 0, "1.2285": 0, "1.2428": 0, "1.2571": 0, "1.2714": "0.018", "1.2856": 0, "1.2999": 0, "1.3142": 0, "1.3285": 0, "1.3428": 0, "1.3571": 0, "1.3713": 0, "1.3856": 0, "1.3999": 0, "1.4142": 0}, "range_end": 10, "total_cost": "0.001", "total_loss": "0.000", "range_start": 10, "group_number": 1, "range_middle": "10.5", "total_profit": "0.017", "total_revenue": "0.018", "parameter_set_player_id": 62}, "141": {"cost": "0.0707", "earnings": 0, "overlaps": {}, "position": 2, "revenues": {"0.0000": 0, "0.0143": 0, "0.0286": 0, "0.0429": 0, "0.0571": 0, "0.0714": 0, "0.0857": 0, "0.1000": 0, "0.1143": 0, "0.1286": 0, "0.1428": 0, "0.1571": 0, "0.1714": 0, "0.1857": 0, "0.2000": 0, "0.2143": 0, "0.2286": 0, "0.2428": 0, "0.2571": 0, "0.2714": 0, "0.2857": 0, "0.3000": 0, "0.3143": 0, "0.3286": 0, "0.3428": 0, "0.3571": 0, "0.3714": 0, "0.3857": 0, "0.4000": 0, "0.4143": 0, "0.4285": 0, "0.4428": 0, "0.4571": 0, "0.4714": 0, "0.4857": 0, "0.5000": 0, "0.5143": 0, "0.5285": 0, "0.5428": 0, "0.5571": 0, "0.5714": 0, "0.5857": 0, "0.6000": 0, "0.6142": 0, "0.6285": 0, "0.6428": 0, "0.6571": 0, "0.6714": 0, "0.6857": 0, "0.7000": 0, "0.7142": 0, "0.7285": 0, "0.7428": 0, "0.7571": 0, "0.7714": 0, "0.7857": 0, "0.8000": 0, "0.8142": 0, "0.8285": 0, "0.8428": 0, "0.8571": 0, "0.8714": 0, "0.8857": 0, "0.8999": 0, "0.9142": 0, "0.9285": 0, "0.9428": 0, "0.9571": 0, "0.9714": 0, "0.9857": 0, "0.9999": 0, "1.0142": 0, "1.0285": 0, "1.0428": 0, "1.0571": 0, "1.0714": 0, "1.0856": 0, "1.0999": 0, "1.1142": 0, "1.1285": "0.016", "1.1428": 0, "1.1571": 0, "1.1714": 0, "1.1856": 0, "1.1999": 0, "1.2142": 0, "1.2285": 0, "1.2428": 0, "1.2571": 0, "1.2714": 0, "1.2856": 0, "1.2999": 0, "1.3142": 0, "1.3285": 0, "1.3428": 0, "1.3571": 0, "1.3713": 0, "1.3856": 0, "1.3999": 0, "1.4142": 0}, "range_end": 20, "total_cost": "0.001", "total_loss": "0.000", "range_start": 20, "group_number": 1, "range_middle": "20.5", "total_profit": "0.015", "total_revenue": "0.016", "parameter_set_player_id": 63}}, "current_period_block": 117, "session_player_status": {}, "current_experiment_phase": "Run"}, "timestamp": "2025-04-07T18:33:37.267Z", "updated": "2025-04-07T18:33:37.267Z"}}, {"model": "main.sessionevent", "pk": 62657, "fields": {"session": 9, "session_player": 140, "period_number": 1, "group_number": 1, "type": "range", "data": {"status": "success", "player_id": 140, "range_end": 10, "range_start": 10, "range_middle": "10.5", "error_message": ""}, "timestamp": "2025-04-07T18:33:38.289Z", "updated": "2025-04-07T18:33:38.289Z"}}, {"model": "main.sessionevent", "pk": 62658, "fields": {"session": 9, "session_player": null, "period_number": 1, "group_number": 0, "type": "time", "data": {"value": "success", "started": true, "earnings": {}, "finished": false, "stop_timer": false, "current_round": 1, "period_blocks": {"117": {"id": "117", "phase": "start", "session_players": {"140": {"ready": true}, "141": {"ready": false}}}, "118": {"id": "118", "phase": "start", "session_players": {"140": {"ready": false}, "141": {"ready": false}}}, "119": {"id": "119", "phase": "start", "session_players": {"140": {"ready": false}, "141": {"ready": false}}}}, "timer_running": true, "current_period": 1, "time_remaining": 1, "session_players": {"140": {"cost": "0.0707", "earnings": 0, "overlaps": {}, "position": 1, "revenues": {"0.0000": 0, "0.0143": 0, "0.0286": 0, "0.0429": 0, "0.0571": 0, "0.0714": 0, "0.0857": 0, "0.1000": 0, "0.1143": 0, "0.1286": 0, "0.1428": 0, "0.1571": 0, "0.1714": 0, "0.1857": 0, "0.2000": 0, "0.2143": 0, "0.2286": 0, "0.2428": 0, "0.2571": 0, "0.2714": 0, "0.2857": 0, "0.3000": 0, "0.3143": 0, "0.3286": 0, "0.3428": 0, "0.3571": 0, "0.3714": 0, "0.3857": 0, "0.4000": 0, "0.4143": 0, "0.4285": 0, "0.4428": 0, "0.4571": 0, "0.4714": 0, "0.4857": 0, "0.5000": 0, "0.5143": 0, "0.5285": 0, "0.5428": 0, "0.5571": 0, "0.5714": 0, "0.5857": 0, "0.6000": 0, "0.6142": 0, "0.6285": 0, "0.6428": 0, "0.6571": 0, "0.6714": 0, "0.6857": 0, "0.7000": 0, "0.7142": 0, "0.7285": 0, "0.7428": 0, "0.7571": 0, "0.7714": 0, "0.7857": 0, "0.8000": 0, "0.8142": 0, "0.8285": 0, "0.8428": 0, "0.8571": 0, "0.8714": 0, "0.8857": 0, "0.8999": 0, "0.9142": 0, "0.9285": 0, "0.9428": 0, "0.9571": 0, "0.9714": 0, "0.9857": 0, "0.9999": 0, "1.0142": 0, "1.0285": 0, "1.0428": 0, "1.0571": 0, "1.0714": 0, "1.0856": 0, "1.0999": 0, "1.1142": 0, "1.1285": 0, "1.1428": 0, "1.1571": 0, "1.1714": 0, "1.1856": 0, "1.1999": 0, "1.2142": 0, "1.2285": 0, "1.2428": 0, "1.2571": 0, "1.2714": "0.018", "1.2856": 0, "1.2999": 0, "1.3142": 0, "1.3285": 0, "1.3428": 0, "1.3571": 0, "1.3713": 0, "1.3856": 0, "1.3999": 0, "1.4142": 0}, "range_end": 10, "total_cost": "0.001", "total_loss": "0.000", "range_start": 10, "group_number": 1, "range_middle": "10.5", "total_profit": "0.017", "total_revenue": "0.018", "parameter_set_player_id": 62}, "141": {"cost": "0.0707", "earnings": 0, "overlaps": {}, "position": 2, "revenues": {"0.0000": 0, "0.0143": 0, "0.0286": 0, "0.0429": 0, "0.0571": 0, "0.0714": 0, "0.0857": 0, "0.1000": 0, "0.1143": 0, "0.1286": 0, "0.1428": 0, "0.1571": 0, "0.1714": 0, "0.1857": 0, "0.2000": 0, "0.2143": 0, "0.2286": 0, "0.2428": 0, "0.2571": 0, "0.2714": 0, "0.2857": 0, "0.3000": 0, "0.3143": 0, "0.3286": 0, "0.3428": 0, "0.3571": 0, "0.3714": 0, "0.3857": 0, "0.4000": 0, "0.4143": 0, "0.4285": 0, "0.4428": 0, "0.4571": 0, "0.4714": 0, "0.4857": 0, "0.5000": 0, "0.5143": 0, "0.5285": 0, "0.5428": 0, "0.5571": 0, "0.5714": 0, "0.5857": 0, "0.6000": 0, "0.6142": 0, "0.6285": 0, "0.6428": 0, "0.6571": 0, "0.6714": 0, "0.6857": 0, "0.7000": 0, "0.7142": 0, "0.7285": 0, "0.7428": 0, "0.7571": 0, "0.7714": 0, "0.7857": 0, "0.8000": 0, "0.8142": 0, "0.8285": 0, "0.8428": 0, "0.8571": 0, "0.8714": 0, "0.8857": 0, "0.8999": 0, "0.9142": 0, "0.9285": 0, "0.9428": 0, "0.9571": 0, "0.9714": 0, "0.9857": 0, "0.9999": 0, "1.0142": 0, "1.0285": 0, "1.0428": 0, "1.0571": 0, "1.0714": 0, "1.0856": 0, "1.0999": 0, "1.1142": 0, "1.1285": "0.016", "1.1428": 0, "1.1571": 0, "1.1714": 0, "1.1856": 0, "1.1999": 0, "1.2142": 0, "1.2285": 0, "1.2428": 0, "1.2571": 0, "1.2714": 0, "1.2856": 0, "1.2999": 0, "1.3142": 0, "1.3285": 0, "1.3428": 0, "1.3571": 0, "1.3713": 0, "1.3856": 0, "1.3999": 0, "1.4142": 0}, "range_end": 20, "total_cost": "0.001", "total_loss": "0.000", "range_start": 20, "group_number": 1, "range_middle": "20.5", "total_profit": "0.015", "total_revenue": "0.016", "parameter_set_player_id": 63}}, "current_period_block": 117, "session_player_status": {}, "current_experiment_phase": "Run"}, "timestamp": "2025-04-07T18:33:38.289Z", "updated": "2025-04-07T18:33:38.289Z"}}, {"model": "main.sessionevent", "pk": 62659, "fields": {"session": 9, "session_player": 141, "period_number": 1, "group_number": 1, "type": "range", "data": {"status": "success", "player_id": 141, "range_end": 20, "range_start": 20, "range_middle": "20.5", "error_message": ""}, "timestamp": "2025-04-07T18:33:39.318Z", "updated": "2025-04-07T18:33:39.318Z"}}, {"model": "main.sessionevent", "pk": 62660, "fields": {"session": 9, "session_player": null, "period_number": 1, "group_number": 0, "type": "time", "data": {"value": "success", "started": true, "earnings": {}, "finished": false, "stop_timer": false, "current_round": 1, "period_blocks": {"117": {"id": "117", "phase": "play", "session_players": {"140": {"ready": true}, "141": {"ready": true}}}, "118": {"id": "118", "phase": "start", "session_players": {"140": {"ready": false}, "141": {"ready": false}}}, "119": {"id": "119", "phase": "start", "session_players": {"140": {"ready": false}, "141": {"ready": false}}}}, "timer_running": true, "current_period": 1, "time_remaining": 1, "session_players": {"140": {"cost": "0.0707", "earnings": "0.017", "overlaps": {}, "position": 1, "revenues": {"0.0000": 0, "0.0143": 0, "0.0286": 0, "0.0429": 0, "0.0571": 0, "0.0714": 0, "0.0857": 0, "0.1000": 0, "0.1143": 0, "0.1286": 0, "0.1428": 0, "0.1571": 0, "0.1714": 0, "0.1857": 0, "0.2000": 0, "0.2143": 0, "0.2286": 0, "0.2428": 0, "0.2571": 0, "0.2714": 0, "0.2857": 0, "0.3000": 0, "0.3143": 0, "0.3286": 0, "0.3428": 0, "0.3571": 0, "0.3714": 0, "0.3857": 0, "0.4000": 0, "0.4143": 0, "0.4285": 0, "0.4428": 0, "0.4571": 0, "0.4714": 0, "0.4857": 0, "0.5000": 0, "0.5143": 0, "0.5285": 0, "0.5428": 0, "0.5571": 0, "0.5714": 0, "0.5857": 0, "0.6000": 0, "0.6142": 0, "0.6285": 0, "0.6428": 0, "0.6571": 0, "0.6714": 0, "0.6857": 0, "0.7000": 0, "0.7142": 0, "0.7285": 0, "0.7428": 0, "0.7571": 0, "0.7714": 0, "0.7857": 0, "0.8000": 0, "0.8142": 0, "0.8285": 0, "0.8428": 0, "0.8571": 0, "0.8714": 0, "0.8857": 0, "0.8999": 0, "0.9142": 0, "0.9285": 0, "0.9428": 0, "0.9571": 0, "0.9714": 0, "0.9857": 0, "0.9999": 0, "1.0142": 0, "1.0285": 0, "1.0428": 0, "1.0571": 0, "1.0714": 0, "1.0856": 0, "1.0999": 0, "1.1142": 0, "1.1285": 0, "1.1428": 0, "1.1571": 0, "1.1714": 0, "1.1856": 0, "1.1999": 0, "1.2142": 0, "1.2285": 0, "1.2428": 0, "1.2571": 0, "1.2714": "0.018", "1.2856": 0, "1.2999": 0, "1.3142": 0, "1.3285": 0, "1.3428": 0, "1.3571": 0, "1.3713": 0, "1.3856": 0, "1.3999": 0, "1.4142": 0}, "range_end": 10, "total_cost": "0.001", "total_loss": "0.000", "range_start": 10, "group_number": 1, "range_middle": "10.5", "total_profit": "0.017", "total_revenue": "0.018", "parameter_set_player_id": 62}, "141": {"cost": "0.0707", "earnings": "0.015", "overlaps": {}, "position": 2, "revenues": {"0.0000": 0, "0.0143": 0, "0.0286": 0, "0.0429": 0, "0.0571": 0, "0.0714": 0, "0.0857": 0, "0.1000": 0, "0.1143": 0, "0.1286": 0, "0.1428": 0, "0.1571": 0, "0.1714": 0, "0.1857": 0, "0.2000": 0, "0.2143": 0, "0.2286": 0, "0.2428": 0, "0.2571": 0, "0.2714": 0, "0.2857": 0, "0.3000": 0, "0.3143": 0, "0.3286": 0, "0.3428": 0, "0.3571": 0, "0.3714": 0, "0.3857": 0, "0.4000": 0, "0.4143": 0, "0.4285": 0, "0.4428": 0, "0.4571": 0, "0.4714": 0, "0.4857": 0, "0.5000": 0, "0.5143": 0, "0.5285": 0, "0.5428": 0, "0.5571": 0, "0.5714": 0, "0.5857": 0, "0.6000": 0, "0.6142": 0, "0.6285": 0, "0.6428": 0, "0.6571": 0, "0.6714": 0, "0.6857": 0, "0.7000": 0, "0.7142": 0, "0.7285": 0, "0.7428": 0, "0.7571": 0, "0.7714": 0, "0.7857": 0, "0.8000": 0, "0.8142": 0, "0.8285": 0, "0.8428": 0, "0.8571": 0, "0.8714": 0, "0.8857": 0, "0.8999": 0, "0.9142": 0, "0.9285": 0, "0.9428": 0, "0.9571": 0, "0.9714": 0, "0.9857": 0, "0.9999": 0, "1.0142": 0, "1.0285": 0, "1.0428": 0, "1.0571": 0, "1.0714": 0, "1.0856": 0, "1.0999": 0, "1.1142": 0, "1.1285": "0.016", "1.1428": 0, "1.1571": 0, "1.1714": 0, "1.1856": 0, "1.1999": 0, "1.2142": 0, "1.2285": 0, "1.2428": 0, "1.2571": 0, "1.2714": 0, "1.2856": 0, "1.2999": 0, "1.3142": 0, "1.3285": 0, "1.3428": 0, "1.3571": 0, "1.3713": 0, "1.3856": 0, "1.3999": 0, "1.4142": 0}, "range_end": 20, "total_cost": "0.001", "total_loss": "0.000", "range_start": 20, "group_number": 1, "range_middle": "20.5", "total_profit": "0.015", "total_revenue": "0.016", "parameter_set_player_id": 63}}, "current_period_block": 117, "session_player_status": {}, "current_experiment_phase": "Run"}, "timestamp": "2025-04-07T18:33:39.318Z", "updated": "2025-04-07T18:33:39.318Z"}}, {"model": "main.sessionevent", "pk": 62661, "fields": {"session": 9, "session_player": null, "period_number": 2, "group_number": 0, "type": "time", "data": {"value": "success", "started": true, "earnings": {}, "finished": false, "stop_timer": false, "current_round": 2, "period_blocks": {"117": {"id": "117", "phase": "play", "session_players": {"140": {"ready": true}, "141": {"ready": true}}}, "118": {"id": "118", "phase": "start", "session_players": {"140": {"ready": false}, "141": {"ready": false}}}, "119": {"id": "119", "phase": "start", "session_players": {"140": {"ready": false}, "141": {"ready": false}}}}, "timer_running": true, "current_period": 2, "time_remaining": 1, "session_players": {"140": {"cost": "0.0707", "earnings": "0.034", "overlaps": {}, "position": 1, "revenues": {"0.0000": 0, "0.0143": 0, "0.0286": 0, "0.0429": 0, "0.0571": 0, "0.0714": 0, "0.0857": 0, "0.1000": 0, "0.1143": 0, "0.1286": 0, "0.1428": 0, "0.1571": 0, "0.1714": 0, "0.1857": 0, "0.2000": 0, "0.2143": 0, "0.2286": 0, "0.2428": 0, "0.2571": 0, "0.2714": 0, "0.2857": 0, "0.3000": 0, "0.3143": 0, "0.3286": 0, "0.3428": 0, "0.3571": 0, "0.3714": 0, "0.3857": 0, "0.4000": 0, "0.4143": 0, "0.4285": 0, "0.4428": 0, "0.4571": 0, "0.4714": 0, "0.4857": 0, "0.5000": 0, "0.5143": 0, "0.5285": 0, "0.5428": 0, "0.5571": 0, "0.5714": 0, "0.5857": 0, "0.6000": 0, "0.6142": 0, "0.6285": 0, "0.6428": 0, "0.6571": 0, "0.6714": 0, "0.6857": 0, "0.7000": 0, "0.7142": 0, "0.7285": 0, "0.7428": 0, "0.7571": 0, "0.7714": 0, "0.7857": 0, "0.8000": 0, "0.8142": 0, "0.8285": 0, "0.8428": 0, "0.8571": 0, "0.8714": 0, "0.8857": 0, "0.8999": 0, "0.9142": 0, "0.9285": 0, "0.9428": 0, "0.9571": 0, "0.9714": 0, "0.9857": 0, "0.9999": 0, "1.0142": 0, "1.0285": 0, "1.0428": 0, "1.0571": 0, "1.0714": 0, "1.0856": 0, "1.0999": 0, "1.1142": 0, "1.1285": 0, "1.1428": 0, "1.1571": 0, "1.1714": 0, "1.1856": 0, "1.1999": 0, "1.2142": 0, "1.2285": 0, "1.2428": 0, "1.2571": 0, "1.2714": "0.018", "1.2856": 0, "1.2999": 0, "1.3142": 0, "1.3285": 0, "1.3428": 0, "1.3571": 0, "1.3713": 0, "1.3856": 0, "1.3999": 0, "1.4142": 0}, "range_end": 10, "total_cost": "0.001", "total_loss": "0.000", "range_start": 10, "group_number": 1, "range_middle": "10.5", "total_profit": "0.017", "total_revenue": "0.018", "parameter_set_player_id": 62}, "141": {"cost": "0.0707", "earnings": "0.030", "overlaps": {}, "position": 2, "revenues": {"0.0000": 0, "0.0143": 0, "0.0286": 0, "0.0429": 0, "0.0571": 0, "0.0714": 0, "0.0857": 0, "0.1000": 0, "0.1143": 0, "0.1286": 0, "0.1428": 0, "0.1571": 0, "0.1714": 0, "0.1857": 0, "0.2000": 0, "0.2143": 0, "0.2286": 0, "0.2428": 0, "0.2571": 0, "0.2714": 0, "0.2857": 0, "0.3000": 0, "0.3143": 0, "0.3286": 0, "0.3428": 0, "0.3571": 0, "0.3714": 0, "0.3857": 0, "0.4000": 0, "0.4143": 0, "0.4285": 0, "0.4428": 0, "0.4571": 0, "0.4714": 0, "0.4857": 0, "0.5000": 0, "0.5143": 0, "0.5285": 0, "0.5428": 0, "0.5571": 0, "0.5714": 0, "0.5857": 0, "0.6000": 0, "0.6142": 0, "0.6285": 0, "0.6428": 0, "0.6571": 0, "0.6714": 0, "0.6857": 0, "0.7000": 0, "0.7142": 0, "0.7285": 0, "0.7428": 0, "0.7571": 0, "0.7714": 0, "0.7857": 0, "0.8000": 0, "0.8142": 0, "0.8285": 0, "0.8428": 0, "0.8571": 0, "0.8714": 0, "0.8857": 0, "0.8999": 0, "0.9142": 0, "0.9285": 0, "0.9428": 0, "0.9571": 0, "0.9714": 0, "0.9857": 0, "0.9999": 0, "1.0142": 0, "1.0285": 0, "1.0428": 0, "1.0571": 0, "1.0714": 0, "1.0856": 0, "1.0999": 0, "1.1142": 0, "1.1285": "0.016", "1.1428": 0, "1.1571": 0, "1.1714": 0, "1.1856": 0, "1.1999": 0, "1.2142": 0, "1.2285": 0, "1.2428": 0, "1.2571": 0, "1.2714": 0, "1.2856": 0, "1.2999": 0, "1.3142": 0, "1.3285": 0, "1.3428": 0, "1.3571": 0, "1.3713": 0, "1.3856": 0, "1.3999": 0, "1.4142": 0}, "range_end": 20, "total_cost": "0.001", "total_loss": "0.000", "range_start": 20, "group_number": 1, "range_middle": "20.5", "total_profit": "0.015", "total_revenue": "0.016", "parameter_set_player_id": 63}}, "current_period_block": 117, "session_player_status": {}, "current_experiment_phase": "Run"}, "timestamp": "2025-04-07T18:33:40.341Z", "updated": "2025-04-07T18:33:40.341Z"}}, {"model": "main.sessionevent", "pk": 62662, "fields": {"session": 9, "session_player": null, "period_number": 3, "group_number": 0, "type": "time", "data": {"value": "success", "started": true, "earnings": {}, "finished": false, "stop_timer": false, "current_round": 3, "period_blocks": {"117": {"id": "117", "phase": "play", "session_players": {"140": {"ready": true}, "141": {"ready": true}}}, "118": {"id": "118", "phase": "start", "session_players": {"140": {"ready": false}, "141": {"ready": false}}}, "119": {"id": "119", "phase": "start", "session_players": {"140": {"ready": false}, "141": {"ready": false}}}}, "timer_running": true, "current_period": 3, "time_remaining": 1, "session_players": {"140": {"cost": "0.0707", "earnings": "0.051", "overlaps": {}, "position": 1, "revenues": {"0.0000": 0, "0.0143": 0, "0.0286": 0, "0.0429": 0, "0.0571": 0, "0.0714": 0, "0.0857": 0, "0.1000": 0, "0.1143": 0, "0.1286": 0, "0.1428": 0, "0.1571": 0, "0.1714": 0, "0.1857": 0, "0.2000": 0, "0.2143": 0, "0.2286": 0, "0.2428": 0, "0.2571": 0, "0.2714": 0, "0.2857": 0, "0.3000": 0, "0.3143": 0, "0.3286": 0, "0.3428": 0, "0.3571": 0, "0.3714": 0, "0.3857": 0, "0.4000": 0, "0.4143": 0, "0.4285": 0, "0.4428": 0, "0.4571": 0, "0.4714": 0, "0.4857": 0, "0.5000": 0, "0.5143": 0, "0.5285": 0, "0.5428": 0, "0.5571": 0, "0.5714": 0, "0.5857": 0, "0.6000": 0, "0.6142": 0, "0.6285": 0, "0.6428": 0, "0.6571": 0, "0.6714": 0, "0.6857": 0, "0.7000": 0, "0.7142": 0, "0.7285": 0, "0.7428": 0, "0.7571": 0, "0.7714": 0, "0.7857": 0, "0.8000": 0, "0.8142": 0, "0.8285": 0, "0.8428": 0, "0.8571": 0, "0.8714": 0, "0.8857": 0, "0.8999": 0, "0.9142": 0, "0.9285": 0, "0.9428": 0, "0.9571": 0, "0.9714": 0, "0.9857": 0, "0.9999": 0, "1.0142": 0, "1.0285": 0, "1.0428": 0, "1.0571": 0, "1.0714": 0, "1.0856": 0, "1.0999": 0, "1.1142": 0, "1.1285": 0, "1.1428": 0, "1.1571": 0, "1.1714": 0, "1.1856": 0, "1.1999": 0, "1.2142": 0, "1.2285": 0, "1.2428": 0, "1.2571": 0, "1.2714": "0.018", "1.2856": 0, "1.2999": 0, "1.3142": 0, "1.3285": 0, "1.3428": 0, "1.3571": 0, "1.3713": 0, "1.3856": 0, "1.3999": 0, "1.4142": 0}, "range_end": 10, "total_cost": "0.001", "total_loss": "0.000", "range_start": 10, "group_number": 1, "range_middle": "10.5", "total_profit": "0.017", "total_revenue": "0.018", "parameter_set_player_id": 62}, "141": {"cost": "0.0707", "earnings": "0.045", "overlaps": {}, "position": 2, "revenues": {"0.0000": 0, "0.0143": 0, "0.0286": 0, "0.0429": 0, "0.0571": 0, "0.0714": 0, "0.0857": 0, "0.1000": 0, "0.1143": 0, "0.1286": 0, "0.1428": 0, "0.1571": 0, "0.1714": 0, "0.1857": 0, "0.2000": 0, "0.2143": 0, "0.2286": 0, "0.2428": 0, "0.2571": 0, "0.2714": 0, "0.2857": 0, "0.3000": 0, "0.3143": 0, "0.3286": 0, "0.3428": 0, "0.3571": 0, "0.3714": 0, "0.3857": 0, "0.4000": 0, "0.4143": 0, "0.4285": 0, "0.4428": 0, "0.4571": 0, "0.4714": 0, "0.4857": 0, "0.5000": 0, "0.5143": 0, "0.5285": 0, "0.5428": 0, "0.5571": 0, "0.5714": 0, "0.5857": 0, "0.6000": 0, "0.6142": 0, "0.6285": 0, "0.6428": 0, "0.6571": 0, "0.6714": 0, "0.6857": 0, "0.7000": 0, "0.7142": 0, "0.7285": 0, "0.7428": 0, "0.7571": 0, "0.7714": 0, "0.7857": 0, "0.8000": 0, "0.8142": 0, "0.8285": 0, "0.8428": 0, "0.8571": 0, "0.8714": 0, "0.8857": 0, "0.8999": 0, "0.9142": 0, "0.9285": 0, "0.9428": 0, "0.9571": 0, "0.9714": 0, "0.9857": 0, "0.9999": 0, "1.0142": 0, "1.0285": 0, "1.0428": 0, "1.0571": 0, "1.0714": 0, "1.0856": 0, "1.0999": 0, "1.1142": 0, "1.1285": "0.016", "1.1428": 0, "1.1571": 0, "1.1714": 0, "1.1856": 0, "1.1999": 0, "1.2142": 0, "1.2285": 0, "1.2428": 0, "1.2571": 0, "1.2714": 0, "1.2856": 0, "1.2999": 0, "1.3142": 0, "1.3285": 0, "1.3428": 0, "1.3571": 0, "1.3713": 0, "1.3856": 0, "1.3999": 0, "1.4142": 0}, "range_end": 20, "total_cost": "0.001", "total_loss": "0.000", "range_start": 20, "group_number": 1, "range_middle": "20.5", "total_profit": "0.015", "total_revenue": "0.016", "parameter_set_player_id": 63}}, "current_period_block": 117, "session_player_status": {}, "current_experiment_phase": "Run"}, "timestamp": "2025-04-07T18:33:41.361Z", "updated": "2025-04-07T18:33:41.361Z"}}, {"model": "main.sessionevent", "pk": 62663, "fields": {"session": 9, "session_player": 141, "period_number": 3, "group_number": 1, "type": "range", "data": {"status": "success", "player_id": 141, "range_end": 52, "range_start": 20, "range_middle": "36.5", "error_message": ""}, "timestamp": "2025-04-07T18:37:47.732Z", "updated": "2025-04-07T18:37:47.732Z"}}, {"model": "main.sessionevent", "pk": 62664, "fields": {"session": 9, "session_player": 140, "period_number": 3, "group_number": 1, "type": "range", "data": {"status": "success", "player_id": 140, "range_end": 10, "range_start": 10, "range_middle": "10.5", "error_message": ""}, "timestamp": "2025-04-07T18:37:47.732Z", "updated": "2025-04-07T18:37:47.732Z"}}, {"model": "main.sessionevent", "pk": 62665, "fields": {"session": 9, "session_player": 140, "period_number": 3, "group_number": 1, "type": "range", "data": {"status": "success", "player_id": 140, "range_end": 48, "range_start": 10, "range_middle": "29.5", "error_message": ""}, "timestamp": "2025-04-07T18:37:47.732Z", "updated": "2025-04-07T18:37:47.732Z"}}, {"model": "main.sessionevent", "pk": 62666, "fields": {"session": 9, "session_player": 140, "period_number": 3, "group_number": 1, "type": "range", "data": {"status": "success", "player_id": 140, "range_end": 10, "range_start": 10, "range_middle": "10.5", "error_message": ""}, "timestamp": "2025-04-07T18:37:47.732Z", "updated": "2025-04-07T18:37:47.732Z"}}, {"model": "main.sessionevent", "pk": 62667, "fields": {"session": 9, "session_player": 141, "period_number": 3, "group_number": 1, "type": "range", "data": {"status": "success", "player_id": 141, "range_end": 11, "range_start": 11, "range_middle": "11.5", "error_message": ""}, "timestamp": "2025-04-07T18:37:47.732Z", "updated": "2025-04-07T18:37:47.732Z"}}, {"model": "main.sessionevent", "pk": 62668, "fields": {"session": 9, "session_player": 141, "period_number": 3, "group_number": 1, "type": "range", "data": {"status": "success", "player_id": 141, "range_end": 11, "range_start": 9, "range_middle": "10.5", "error_message": ""}, "timestamp": "2025-04-07T18:37:47.732Z", "updated": "2025-04-07T18:37:47.732Z"}}, {"model": "main.sessionevent", "pk": 62669, "fields": {"session": 9, "session_player": 140, "period_number": 3, "group_number": 1, "type": "range", "data": {"status": "success", "player_id": 140, "range_end": 10, "range_start": 10, "range_middle": "10.5", "error_message": ""}, "timestamp": "2025-04-07T18:37:47.732Z", "updated": "2025-04-07T18:37:47.732Z"}}, {"model": "main.sessionevent", "pk": 62670, "fields": {"session": 9, "session_player": null, "period_number": 4, "group_number": 0, "type": "time", "data": {"value": "success", "started": true, "earnings": {}, "finished": false, "stop_timer": false, "current_round": 4, "period_blocks": {"117": {"id": "117", "phase": "play", "session_players": {"140": {"ready": true}, "141": {"ready": true}}}, "118": {"id": "118", "phase": "start", "session_players": {"140": {"ready": false}, "141": {"ready": false}}}, "119": {"id": "119", "phase": "start", "session_players": {"140": {"ready": false}, "141": {"ready": false}}}}, "timer_running": true, "current_period": 4, "time_remaining": 1, "session_players": {"140": {"cost": "0.0707", "earnings": "0.059", "overlaps": {"141": 1}, "position": 1, "revenues": {"0.0000": 0, "0.0143": 0, "0.0286": 0, "0.0429": 0, "0.0571": 0, "0.0714": 0, "0.0857": 0, "0.1000": 0, "0.1143": 0, "0.1286": 0, "0.1428": 0, "0.1571": 0, "0.1714": 0, "0.1857": 0, "0.2000": 0, "0.2143": 0, "0.2286": 0, "0.2428": 0, "0.2571": 0, "0.2714": 0, "0.2857": 0, "0.3000": 0, "0.3143": 0, "0.3286": 0, "0.3428": 0, "0.3571": 0, "0.3714": 0, "0.3857": 0, "0.4000": 0, "0.4143": 0, "0.4285": 0, "0.4428": 0, "0.4571": 0, "0.4714": 0, "0.4857": 0, "0.5000": 0, "0.5143": 0, "0.5285": 0, "0.5428": 0, "0.5571": 0, "0.5714": 0, "0.5857": 0, "0.6000": 0, "0.6142": 0, "0.6285": 0, "0.6428": 0, "0.6571": 0, "0.6714": 0, "0.6857": 0, "0.7000": 0, "0.7142": 0, "0.7285": 0, "0.7428": 0, "0.7571": 0, "0.7714": 0, "0.7857": 0, "0.8000": 0, "0.8142": 0, "0.8285": 0, "0.8428": 0, "0.8571": 0, "0.8714": 0, "0.8857": 0, "0.8999": 0, "0.9142": 0, "0.9285": 0, "0.9428": 0, "0.9571": 0, "0.9714": 0, "0.9857": 0, "0.9999": 0, "1.0142": 0, "1.0285": 0, "1.0428": 0, "1.0571": 0, "1.0714": 0, "1.0856": 0, "1.0999": 0, "1.1142": 0, "1.1285": 0, "1.1428": 0, "1.1571": 0, "1.1714": 0, "1.1856": 0, "1.1999": 0, "1.2142": 0, "1.2285": 0, "1.2428": 0, "1.2571": 0, "1.2714": "0.009", "1.2856": 0, "1.2999": 0, "1.3142": 0, "1.3285": 0, "1.3428": 0, "1.3571": 0, "1.3713": 0, "1.3856": 0, "1.3999": 0, "1.4142": 0}, "range_end": 10, "total_cost": "0.001", "total_loss": "0.000", "range_start": 10, "group_number": 1, "range_middle": "10.5", "total_profit": "0.008", "total_revenue": "0.009", "parameter_set_player_id": 62}, "141": {"cost": "0.0707", "earnings": "0.087", "overlaps": {"140": 1}, "position": 2, "revenues": {"0.0000": 0, "0.0143": 0, "0.0286": 0, "0.0429": 0, "0.0571": 0, "0.0714": 0, "0.0857": 0, "0.1000": 0, "0.1143": 0, "0.1286": 0, "0.1428": 0, "0.1571": 0, "0.1714": 0, "0.1857": 0, "0.2000": 0, "0.2143": 0, "0.2286": 0, "0.2428": 0, "0.2571": 0, "0.2714": 0, "0.2857": 0, "0.3000": 0, "0.3143": 0, "0.3286": 0, "0.3428": 0, "0.3571": 0, "0.3714": 0, "0.3857": 0, "0.4000": 0, "0.4143": 0, "0.4285": 0, "0.4428": 0, "0.4571": 0, "0.4714": 0, "0.4857": 0, "0.5000": 0, "0.5143": 0, "0.5285": 0, "0.5428": 0, "0.5571": 0, "0.5714": 0, "0.5857": 0, "0.6000": 0, "0.6142": 0, "0.6285": 0, "0.6428": 0, "0.6571": 0, "0.6714": 0, "0.6857": 0, "0.7000": 0, "0.7142": 0, "0.7285": 0, "0.7428": 0, "0.7571": 0, "0.7714": 0, "0.7857": 0, "0.8000": 0, "0.8142": 0, "0.8285": 0, "0.8428": 0, "0.8571": 0, "0.8714": 0, "0.8857": 0, "0.8999": 0, "0.9142": 0, "0.9285": 0, "0.9428": 0, "0.9571": 0, "0.9714": 0, "0.9857": 0, "0.9999": 0, "1.0142": 0, "1.0285": 0, "1.0428": 0, "1.0571": 0, "1.0714": 0, "1.0856": 0, "1.0999": 0, "1.1142": 0, "1.1285": 0, "1.1428": 0, "1.1571": 0, "1.1714": 0, "1.1856": 0, "1.1999": 0, "1.2142": 0, "1.2285": 0, "1.2428": 0, "1.2571": "0.018", "1.2714": "0.009", "1.2856": "0.018", "1.2999": 0, "1.3142": 0, "1.3285": 0, "1.3428": 0, "1.3571": 0, "1.3713": 0, "1.3856": 0, "1.3999": 0, "1.4142": 0}, "range_end": 11, "total_cost": "0.003", "total_loss": "0.000", "range_start": 9, "group_number": 1, "range_middle": "10.5", "total_profit": "0.042", "total_revenue": "0.045", "parameter_set_player_id": 63}}, "current_period_block": 117, "session_player_status": {}, "current_experiment_phase": "Run"}, "timestamp": "2025-04-07T18:37:47.732Z", "updated": "2025-04-07T18:37:47.732Z"}}, {"model": "main.sessionplayer", "pk": 33, "fields": {"session": 5, "parameter_set_player": 11, "player_number": 1, "player_key": "2b02a213-a1a6-4452-856b-b0ddfb7671b4", "connecting": false, "connected_count": 76, "name": "", "student_id": "", "email": null, "earnings": 0, "name_submitted": false, "current_instruction": 1, "current_instruction_complete": 0, "instructions_finished": false, "survey_complete": false, "chat_display_history": [], "timestamp": "2025-02-26T19:00:57.047Z", "updated": "2025-04-02T19:43:32.003Z"}}, {"model": "main.sessionplayer", "pk": 34, "fields": {"session": 5, "parameter_set_player": 12, "player_number": 2, "player_key": "b3a0177e-20c7-4a29-8bce-ca2822dcb07f", "connecting": false, "connected_count": 69, "name": "", "student_id": "", "email": null, "earnings": 0, "name_submitted": false, "current_instruction": 1, "current_instruction_complete": 0, "instructions_finished": false, "survey_complete": false, "chat_display_history": [], "timestamp": "2025-02-26T19:00:57.049Z", "updated": "2025-04-02T19:43:32.005Z"}}, {"model": "main.sessionplayer", "pk": 40, "fields": {"session": 6, "parameter_set_player": 16, "player_number": 1, "player_key": "80882f9f-5d87-4136-8d00-0cf14a14374c", "connecting": false, "connected_count": 32, "name": "", "student_id": "", "email": null, "earnings": 0, "name_submitted": false, "current_instruction": 1, "current_instruction_complete": 0, "instructions_finished": false, "survey_complete": false, "chat_display_history": [], "timestamp": "2025-03-13T18:15:04.654Z", "updated": "2025-04-02T19:43:31.992Z"}}, {"model": "main.sessionplayer", "pk": 41, "fields": {"session": 6, "parameter_set_player": 17, "player_number": 2, "player_key": "66571851-a2a0-4e60-8373-6454d7199858", "connecting": false, "connected_count": 32, "name": "", "student_id": "", "email": null, "earnings": 0, "name_submitted": false, "current_instruction": 1, "current_instruction_complete": 0, "instructions_finished": false, "survey_complete": false, "chat_display_history": [], "timestamp": "2025-03-13T18:15:04.658Z", "updated": "2025-04-02T19:43:31.996Z"}}, {"model": "main.sessionplayer", "pk": 51, "fields": {"session": 7, "parameter_set_player": 23, "player_number": 1, "player_key": "dbcad543-2b5e-452b-a616-d05887df483f", "connecting": false, "connected_count": 0, "name": "", "student_id": "", "email": null, "earnings": 0, "name_submitted": false, "current_instruction": 1, "current_instruction_complete": 0, "instructions_finished": false, "survey_complete": false, "chat_display_history": [], "timestamp": "2025-03-31T20:06:59.305Z", "updated": "2025-04-07T18:33:34.424Z"}}, {"model": "main.sessionplayer", "pk": 52, "fields": {"session": 7, "parameter_set_player": 24, "player_number": 2, "player_key": "1968390b-d7e7-44f8-9824-4824fbee333e", "connecting": false, "connected_count": 0, "name": "", "student_id": "", "email": null, "earnings": 0, "name_submitted": false, "current_instruction": 1, "current_instruction_complete": 0, "instructions_finished": false, "survey_complete": false, "chat_display_history": [], "timestamp": "2025-03-31T20:06:59.308Z", "updated": "2025-04-07T18:33:34.906Z"}}, {"model": "main.sessionplayer", "pk": 53, "fields": {"session": 7, "parameter_set_player": 25, "player_number": 3, "player_key": "77ea9dd4-ebcc-45dc-b4df-18a2722c8e39", "connecting": false, "connected_count": 0, "name": "", "student_id": "", "email": null, "earnings": 0, "name_submitted": false, "current_instruction": 1, "current_instruction_complete": 0, "instructions_finished": false, "survey_complete": false, "chat_display_history": [], "timestamp": "2025-03-31T20:06:59.311Z", "updated": "2025-04-07T18:32:59.651Z"}}, {"model": "main.sessionplayer", "pk": 54, "fields": {"session": 7, "parameter_set_player": 26, "player_number": 4, "player_key": "49719436-f598-40d1-918d-e179bfd8adad", "connecting": false, "connected_count": 0, "name": "", "student_id": "", "email": null, "earnings": 0, "name_submitted": false, "current_instruction": 1, "current_instruction_complete": 0, "instructions_finished": false, "survey_complete": false, "chat_display_history": [], "timestamp": "2025-03-31T20:06:59.313Z", "updated": "2025-04-07T18:32:59.653Z"}}, {"model": "main.sessionplayer", "pk": 55, "fields": {"session": 7, "parameter_set_player": 27, "player_number": 5, "player_key": "9bc45a6e-f189-41ce-a5af-c2699e2ffe3a", "connecting": false, "connected_count": 0, "name": "", "student_id": "", "email": null, "earnings": 0, "name_submitted": false, "current_instruction": 1, "current_instruction_complete": 0, "instructions_finished": false, "survey_complete": false, "chat_display_history": [], "timestamp": "2025-03-31T20:06:59.315Z", "updated": "2025-04-07T18:32:59.656Z"}}, {"model": "main.sessionplayer", "pk": 56, "fields": {"session": 7, "parameter_set_player": 28, "player_number": 6, "player_key": "7b0bd503-8150-415b-af97-334aab0d40ec", "connecting": false, "connected_count": 0, "name": "", "student_id": "", "email": null, "earnings": 0, "name_submitted": false, "current_instruction": 1, "current_instruction_complete": 0, "instructions_finished": false, "survey_complete": false, "chat_display_history": [], "timestamp": "2025-03-31T20:06:59.319Z", "updated": "2025-04-07T18:32:59.658Z"}}, {"model": "main.sessionplayer", "pk": 57, "fields": {"session": 7, "parameter_set_player": 29, "player_number": 7, "player_key": "3a3d6b2c-3e1d-41ff-a5c3-8c4dd99f8325", "connecting": false, "connected_count": 0, "name": "", "student_id": "", "email": null, "earnings": 0, "name_submitted": false, "current_instruction": 1, "current_instruction_complete": 0, "instructions_finished": false, "survey_complete": false, "chat_display_history": [], "timestamp": "2025-03-31T20:06:59.321Z", "updated": "2025-04-07T18:32:59.660Z"}}, {"model": "main.sessionplayer", "pk": 58, "fields": {"session": 7, "parameter_set_player": 30, "player_number": 8, "player_key": "bfad9d78-15be-4124-a283-c08feb46c51b", "connecting": false, "connected_count": 0, "name": "", "student_id": "", "email": null, "earnings": 0, "name_submitted": false, "current_instruction": 1, "current_instruction_complete": 0, "instructions_finished": false, "survey_complete": false, "chat_display_history": [], "timestamp": "2025-03-31T20:06:59.324Z", "updated": "2025-04-07T18:32:59.663Z"}}, {"model": "main.sessionplayer", "pk": 59, "fields": {"session": 1, "parameter_set_player": 31, "player_number": 1, "player_key": "4ae2eab2-2b96-4d3c-9823-f8b87f68a7de", "connecting": false, "connected_count": 13, "name": "", "student_id": "", "email": null, "earnings": 0, "name_submitted": false, "current_instruction": 1, "current_instruction_complete": 0, "instructions_finished": false, "survey_complete": false, "chat_display_history": [], "timestamp": "2025-03-31T20:54:54.159Z", "updated": "2025-04-03T18:39:10.888Z"}}, {"model": "main.sessionplayer", "pk": 140, "fields": {"session": 9, "parameter_set_player": 62, "player_number": 1, "player_key": "1b4fc013-5c08-41b7-9b3d-a0770ddca1c0", "connecting": false, "connected_count": 0, "name": "", "student_id": "", "email": null, "earnings": 0, "name_submitted": false, "current_instruction": 1, "current_instruction_complete": 0, "instructions_finished": false, "survey_complete": false, "chat_display_history": [], "timestamp": "2025-04-07T18:33:27.079Z", "updated": "2025-04-07T19:03:57.948Z"}}, {"model": "main.sessionplayer", "pk": 141, "fields": {"session": 9, "parameter_set_player": 63, "player_number": 2, "player_key": "3535cd81-fcfd-41ce-82d1-1095883c8a41", "connecting": false, "connected_count": 0, "name": "", "student_id": "", "email": null, "earnings": 0, "name_submitted": false, "current_instruction": 1, "current_instruction_complete": 0, "instructions_finished": false, "survey_complete": false, "chat_display_history": [], "timestamp": "2025-04-07T18:33:27.081Z", "updated": "2025-04-07T19:03:58.542Z"}}, {"model": "main.sessionplayerperiod", "pk": 247937, "fields": {"session_period": 60304, "session_player": 140, "earnings": 0, "timestamp": "2025-04-07T18:33:30.388Z", "updated": "2025-04-07T18:33:30.388Z"}}, {"model": "main.sessionplayerperiod", "pk": 247938, "fields": {"session_period": 60305, "session_player": 140, "earnings": 0, "timestamp": "2025-04-07T18:33:30.388Z", "updated": "2025-04-07T18:33:30.388Z"}}, {"model": "main.sessionplayerperiod", "pk": 247939, "fields": {"session_period": 60306, "session_player": 140, "earnings": 0, "timestamp": "2025-04-07T18:33:30.388Z", "updated": "2025-04-07T18:33:30.388Z"}}, {"model": "main.sessionplayerperiod", "pk": 247940, "fields": {"session_period": 60307, "session_player": 140, "earnings": 0, "timestamp": "2025-04-07T18:33:30.388Z", "updated": "2025-04-07T18:33:30.388Z"}}, {"model": "main.sessionplayerperiod", "pk": 247941, "fields": {"session_period": 60308, "session_player": 140, "earnings": 0, "timestamp": "2025-04-07T18:33:30.388Z", "updated": "2025-04-07T18:33:30.388Z"}}, {"model": "main.sessionplayerperiod", "pk": 247942, "fields": {"session_period": 60309, "session_player": 140, "earnings": 0, "timestamp": "2025-04-07T18:33:30.388Z", "updated": "2025-04-07T18:33:30.388Z"}}, {"model": "main.sessionplayerperiod", "pk": 247943, "fields": {"session_period": 60310, "session_player": 140, "earnings": 0, "timestamp": "2025-04-07T18:33:30.388Z", "updated": "2025-04-07T18:33:30.388Z"}}, {"model": "main.sessionplayerperiod", "pk": 247944, "fields": {"session_period": 60311, "session_player": 140, "earnings": 0, "timestamp": "2025-04-07T18:33:30.388Z", "updated": "2025-04-07T18:33:30.388Z"}}, {"model": "main.sessionplayerperiod", "pk": 247945, "fields": {"session_period": 60312, "session_player": 140, "earnings": 0, "timestamp": "2025-04-07T18:33:30.388Z", "updated": "2025-04-07T18:33:30.388Z"}}, {"model": "main.sessionplayerperiod", "pk": 247946, "fields": {"session_period": 60313, "session_player": 140, "earnings": 0, "timestamp": "2025-04-07T18:33:30.388Z", "updated": "2025-04-07T18:33:30.388Z"}}, {"model": "main.sessionplayerperiod", "pk": 247947, "fields": {"session_period": 60314, "session_player": 140, "earnings": 0, "timestamp": "2025-04-07T18:33:30.388Z", "updated": "2025-04-07T18:33:30.388Z"}}, {"model": "main.sessionplayerperiod", "pk": 247948, "fields": {"session_period": 60315, "session_player": 140, "earnings": 0, "timestamp": "2025-04-07T18:33:30.388Z", "updated": "2025-04-07T18:33:30.388Z"}}, {"model": "main.sessionplayerperiod", "pk": 247949, "fields": {"session_period": 60316, "session_player": 140, "earnings": 0, "timestamp": "2025-04-07T18:33:30.388Z", "updated": "2025-04-07T18:33:30.388Z"}}, {"model": "main.sessionplayerperiod", "pk": 247950, "fields": {"session_period": 60317, "session_player": 140, "earnings": 0, "timestamp": "2025-04-07T18:33:30.388Z", "updated": "2025-04-07T18:33:30.388Z"}}, {"model": "main.sessionplayerperiod", "pk": 247951, "fields": {"session_period": 60318, "session_player": 140, "earnings": 0, "timestamp": "2025-04-07T18:33:30.388Z", "updated": "2025-04-07T18:33:30.388Z"}}, {"model": "main.sessionplayerperiod", "pk": 247952, "fields": {"session_period": 60319, "session_player": 140, "earnings": 0, "timestamp": "2025-04-07T18:33:30.388Z", "updated": "2025-04-07T18:33:30.388Z"}}, {"model": "main.sessionplayerperiod", "pk": 247953, "fields": {"session_period": 60320, "session_player": 140, "earnings": 0, "timestamp": "2025-04-07T18:33:30.388Z", "updated": "2025-04-07T18:33:30.388Z"}}, {"model": "main.sessionplayerperiod", "pk": 247954, "fields": {"session_period": 60321, "session_player": 140, "earnings": 0, "timestamp": "2025-04-07T18:33:30.388Z", "updated": "2025-04-07T18:33:30.388Z"}}, {"model": "main.sessionplayerperiod", "pk": 247955, "fields": {"session_period": 60322, "session_player": 140, "earnings": 0, "timestamp": "2025-04-07T18:33:30.388Z", "updated": "2025-04-07T18:33:30.388Z"}}, {"model": "main.sessionplayerperiod", "pk": 247956, "fields": {"session_period": 60323, "session_player": 140, "earnings": 0, "timestamp": "2025-04-07T18:33:30.388Z", "updated": "2025-04-07T18:33:30.388Z"}}, {"model": "main.sessionplayerperiod", "pk": 247957, "fields": {"session_period": 60324, "session_player": 140, "earnings": 0, "timestamp": "2025-04-07T18:33:30.388Z", "updated": "2025-04-07T18:33:30.388Z"}}, {"model": "main.sessionplayerperiod", "pk": 247958, "fields": {"session_period": 60325, "session_player": 140, "earnings": 0, "timestamp": "2025-04-07T18:33:30.388Z", "updated": "2025-04-07T18:33:30.388Z"}}, {"model": "main.sessionplayerperiod", "pk": 247959, "fields": {"session_period": 60326, "session_player": 140, "earnings": 0, "timestamp": "2025-04-07T18:33:30.388Z", "updated": "2025-04-07T18:33:30.388Z"}}, {"model": "main.sessionplayerperiod", "pk": 247960, "fields": {"session_period": 60327, "session_player": 140, "earnings": 0, "timestamp": "2025-04-07T18:33:30.388Z", "updated": "2025-04-07T18:33:30.388Z"}}, {"model": "main.sessionplayerperiod", "pk": 247961, "fields": {"session_period": 60328, "session_player": 140, "earnings": 0, "timestamp": "2025-04-07T18:33:30.388Z", "updated": "2025-04-07T18:33:30.388Z"}}, {"model": "main.sessionplayerperiod", "pk": 247962, "fields": {"session_period": 60329, "session_player": 140, "earnings": 0, "timestamp": "2025-04-07T18:33:30.388Z", "updated": "2025-04-07T18:33:30.388Z"}}, {"model": "main.sessionplayerperiod", "pk": 247963, "fields": {"session_period": 60330, "session_player": 140, "earnings": 0, "timestamp": "2025-04-07T18:33:30.388Z", "updated": "2025-04-07T18:33:30.388Z"}}, {"model": "main.sessionplayerperiod", "pk": 247964, "fields": {"session_period": 60331, "session_player": 140, "earnings": 0, "timestamp": "2025-04-07T18:33:30.388Z", "updated": "2025-04-07T18:33:30.388Z"}}, {"model": "main.sessionplayerperiod", "pk": 247965, "fields": {"session_period": 60332, "session_player": 140, "earnings": 0, "timestamp": "2025-04-07T18:33:30.388Z", "updated": "2025-04-07T18:33:30.388Z"}}, {"model": "main.sessionplayerperiod", "pk": 247966, "fields": {"session_period": 60333, "session_player": 140, "earnings": 0, "timestamp": "2025-04-07T18:33:30.388Z", "updated": "2025-04-07T18:33:30.388Z"}}, {"model": "main.sessionplayerperiod", "pk": 247967, "fields": {"session_period": 60304, "session_player": 141, "earnings": 0, "timestamp": "2025-04-07T18:33:30.424Z", "updated": "2025-04-07T18:33:30.424Z"}}, {"model": "main.sessionplayerperiod", "pk": 247968, "fields": {"session_period": 60305, "session_player": 141, "earnings": 0, "timestamp": "2025-04-07T18:33:30.424Z", "updated": "2025-04-07T18:33:30.424Z"}}, {"model": "main.sessionplayerperiod", "pk": 247969, "fields": {"session_period": 60306, "session_player": 141, "earnings": 0, "timestamp": "2025-04-07T18:33:30.424Z", "updated": "2025-04-07T18:33:30.424Z"}}, {"model": "main.sessionplayerperiod", "pk": 247970, "fields": {"session_period": 60307, "session_player": 141, "earnings": 0, "timestamp": "2025-04-07T18:33:30.424Z", "updated": "2025-04-07T18:33:30.424Z"}}, {"model": "main.sessionplayerperiod", "pk": 247971, "fields": {"session_period": 60308, "session_player": 141, "earnings": 0, "timestamp": "2025-04-07T18:33:30.424Z", "updated": "2025-04-07T18:33:30.424Z"}}, {"model": "main.sessionplayerperiod", "pk": 247972, "fields": {"session_period": 60309, "session_player": 141, "earnings": 0, "timestamp": "2025-04-07T18:33:30.424Z", "updated": "2025-04-07T18:33:30.424Z"}}, {"model": "main.sessionplayerperiod", "pk": 247973, "fields": {"session_period": 60310, "session_player": 141, "earnings": 0, "timestamp": "2025-04-07T18:33:30.424Z", "updated": "2025-04-07T18:33:30.424Z"}}, {"model": "main.sessionplayerperiod", "pk": 247974, "fields": {"session_period": 60311, "session_player": 141, "earnings": 0, "timestamp": "2025-04-07T18:33:30.424Z", "updated": "2025-04-07T18:33:30.424Z"}}, {"model": "main.sessionplayerperiod", "pk": 247975, "fields": {"session_period": 60312, "session_player": 141, "earnings": 0, "timestamp": "2025-04-07T18:33:30.424Z", "updated": "2025-04-07T18:33:30.424Z"}}, {"model": "main.sessionplayerperiod", "pk": 247976, "fields": {"session_period": 60313, "session_player": 141, "earnings": 0, "timestamp": "2025-04-07T18:33:30.424Z", "updated": "2025-04-07T18:33:30.424Z"}}, {"model": "main.sessionplayerperiod", "pk": 247977, "fields": {"session_period": 60314, "session_player": 141, "earnings": 0, "timestamp": "2025-04-07T18:33:30.424Z", "updated": "2025-04-07T18:33:30.424Z"}}, {"model": "main.sessionplayerperiod", "pk": 247978, "fields": {"session_period": 60315, "session_player": 141, "earnings": 0, "timestamp": "2025-04-07T18:33:30.424Z", "updated": "2025-04-07T18:33:30.424Z"}}, {"model": "main.sessionplayerperiod", "pk": 247979, "fields": {"session_period": 60316, "session_player": 141, "earnings": 0, "timestamp": "2025-04-07T18:33:30.424Z", "updated": "2025-04-07T18:33:30.424Z"}}, {"model": "main.sessionplayerperiod", "pk": 247980, "fields": {"session_period": 60317, "session_player": 141, "earnings": 0, "timestamp": "2025-04-07T18:33:30.424Z", "updated": "2025-04-07T18:33:30.424Z"}}, {"model": "main.sessionplayerperiod", "pk": 247981, "fields": {"session_period": 60318, "session_player": 141, "earnings": 0, "timestamp": "2025-04-07T18:33:30.424Z", "updated": "2025-04-07T18:33:30.424Z"}}, {"model": "main.sessionplayerperiod", "pk": 247982, "fields": {"session_period": 60319, "session_player": 141, "earnings": 0, "timestamp": "2025-04-07T18:33:30.424Z", "updated": "2025-04-07T18:33:30.424Z"}}, {"model": "main.sessionplayerperiod", "pk": 247983, "fields": {"session_period": 60320, "session_player": 141, "earnings": 0, "timestamp": "2025-04-07T18:33:30.424Z", "updated": "2025-04-07T18:33:30.424Z"}}, {"model": "main.sessionplayerperiod", "pk": 247984, "fields": {"session_period": 60321, "session_player": 141, "earnings": 0, "timestamp": "2025-04-07T18:33:30.424Z", "updated": "2025-04-07T18:33:30.424Z"}}, {"model": "main.sessionplayerperiod", "pk": 247985, "fields": {"session_period": 60322, "session_player": 141, "earnings": 0, "timestamp": "2025-04-07T18:33:30.424Z", "updated": "2025-04-07T18:33:30.424Z"}}, {"model": "main.sessionplayerperiod", "pk": 247986, "fields": {"session_period": 60323, "session_player": 141, "earnings": 0, "timestamp": "2025-04-07T18:33:30.424Z", "updated": "2025-04-07T18:33:30.424Z"}}, {"model": "main.sessionplayerperiod", "pk": 247987, "fields": {"session_period": 60324, "session_player": 141, "earnings": 0, "timestamp": "2025-04-07T18:33:30.424Z", "updated": "2025-04-07T18:33:30.424Z"}}, {"model": "main.sessionplayerperiod", "pk": 247988, "fields": {"session_period": 60325, "session_player": 141, "earnings": 0, "timestamp": "2025-04-07T18:33:30.424Z", "updated": "2025-04-07T18:33:30.424Z"}}, {"model": "main.sessionplayerperiod", "pk": 247989, "fields": {"session_period": 60326, "session_player": 141, "earnings": 0, "timestamp": "2025-04-07T18:33:30.424Z", "updated": "2025-04-07T18:33:30.424Z"}}, {"model": "main.sessionplayerperiod", "pk": 247990, "fields": {"session_period": 60327, "session_player": 141, "earnings": 0, "timestamp": "2025-04-07T18:33:30.424Z", "updated": "2025-04-07T18:33:30.424Z"}}, {"model": "main.sessionplayerperiod", "pk": 247991, "fields": {"session_period": 60328, "session_player": 141, "earnings": 0, "timestamp": "2025-04-07T18:33:30.424Z", "updated": "2025-04-07T18:33:30.424Z"}}, {"model": "main.sessionplayerperiod", "pk": 247992, "fields": {"session_period": 60329, "session_player": 141, "earnings": 0, "timestamp": "2025-04-07T18:33:30.424Z", "updated": "2025-04-07T18:33:30.424Z"}}, {"model": "main.sessionplayerperiod", "pk": 247993, "fields": {"session_period": 60330, "session_player": 141, "earnings": 0, "timestamp": "2025-04-07T18:33:30.424Z", "updated": "2025-04-07T18:33:30.424Z"}}, {"model": "main.sessionplayerperiod", "pk": 247994, "fields": {"session_period": 60331, "session_player": 141, "earnings": 0, "timestamp": "2025-04-07T18:33:30.424Z", "updated": "2025-04-07T18:33:30.424Z"}}, {"model": "main.sessionplayerperiod", "pk": 247995, "fields": {"session_period": 60332, "session_player": 141, "earnings": 0, "timestamp": "2025-04-07T18:33:30.424Z", "updated": "2025-04-07T18:33:30.424Z"}}, {"model": "main.sessionplayerperiod", "pk": 247996, "fields": {"session_period": 60333, "session_player": 141, "earnings": 0, "timestamp": "2025-04-07T18:33:30.424Z", "updated": "2025-04-07T18:33:30.424Z"}}]