[{"model": "main.parameters", "pk": 1, "fields": {"contact_email": "JohnSmith@abc.edu", "experiment_time_zone": "US/Pacific", "site_url": "http://localhost:8000", "invitation_text": "", "invitation_subject": "", "default_parameter_set": null, "timestamp": "2025-01-28T18:34:51.144Z", "updated": "2025-01-28T18:34:51.144Z"}}, {"model": "main.profile", "pk": 1, "fields": {"can_edit_instructions": false, "mfa_hash": null, "mfa_required": false, "mfa_setup_complete": false, "timestamp": "2025-01-28T18:34:50.078Z", "updated": "2025-01-28T18:34:50.078Z"}}, {"model": "main.profileloginattempt", "pk": 1, "fields": {"profile": 1, "success": true, "note": null, "timestamp": "2025-01-28T18:35:46.245Z", "updated": "2025-01-28T18:35:46.245Z"}}, {"model": "main.profileloginattempt", "pk": 2, "fields": {"profile": 1, "success": true, "note": null, "timestamp": "2025-02-12T17:44:31.134Z", "updated": "2025-02-12T17:44:31.134Z"}}, {"model": "main.profileloginattempt", "pk": 3, "fields": {"profile": 1, "success": true, "note": null, "timestamp": "2025-02-26T00:27:21.555Z", "updated": "2025-02-26T00:27:21.555Z"}}, {"model": "main.profileloginattempt", "pk": 4, "fields": {"profile": 1, "success": true, "note": null, "timestamp": "2025-02-26T23:18:09.523Z", "updated": "2025-02-26T23:18:09.523Z"}}, {"model": "main.profileloginattempt", "pk": 5, "fields": {"profile": 1, "success": true, "note": null, "timestamp": "2025-03-10T23:37:05.201Z", "updated": "2025-03-10T23:37:05.201Z"}}, {"model": "main.instructionset", "pk": 1, "fields": {"label": "** New Instruction Set 1 ***", "action_page_1": 2, "action_page_2": 3, "action_page_3": 100, "action_page_4": 100, "action_page_5": 100, "action_page_6": 100, "p1_example_start_range": 1, "p1_example_end_range": 1, "p2_example_start_range": 11, "p2_example_end_range": 20, "p3_example_start_range": 21, "p3_example_end_range": 30, "p4_example_start_range": 31, "p4_example_end_range": 40, "timestamp": "2025-02-06T23:19:57.635Z", "updated": "2025-03-11T22:34:11.774Z"}}, {"model": "main.instruction", "pk": 5, "fields": {"instruction_set": 1, "text_html": "<p><strong><span style=\"font-size: 14pt;\">Welcome &nbsp;</span></strong></p>\n<p><span style=\"font-size: 14pt;\">This is an experiment in the economics of decision-making. The instructions are simple; if you follow them carefully and make good decisions, you can earn a considerable amount of money that will be paid to you privately at the end of the experiment.</span></p>\n<p><span style=\"font-size: 14pt;\">In this experiment, your color is&nbsp;<strong>#id_label#</strong>.</span></p>\n<p><span style=\"font-size: 14pt;\">You and the other #player_count-1# people in your group each set a consumption range. The ranges you and your group members select determine your earnings each period.</span></p>\n<p><span style=\"font-size: 14pt;\">Continue to the next page of the instructions by pressing the<strong> </strong><span style=\"background-color: #0d6efd; color: #ffffff;\">Next <span class=\"far fa-arrow-alt-circle-right\">&nbsp;</span></span><strong>&nbsp;</strong>button.</span></p>", "page_number": 1, "timestamp": "2025-03-11T22:34:11.785Z", "updated": "2025-03-11T22:34:11.785Z"}}, {"model": "main.instruction", "pk": 6, "fields": {"instruction_set": 1, "text_html": "<p><span style=\"font-size: 14pt;\"><strong>Revenue Boxes</strong></span></p>\n<p><span style=\"font-size: 14pt;\">Along the horizontal axis there is a set of revenue boxes rising up. The higher the box rises, the more valuable the box is. You and the other members in your group will each submit a contiguous consumption range using the \"Start\" and \"End\" handles at the bottom of your screens.&nbsp;<span style=\"font-size: 18.6667px;\"><span style=\"font-size: 14pt;\"><span style=\"font-size: 18.6667px;\"><span style=\"font-size: 14pt;\">You can select any contiguous range, from size one up to the entire range of boxes. However, anywhere your range overlaps with another player in your group, you must split the revenue of that box equally. You must also pay a cost for each box in your range, which we represent on the graph with a light #color_name# color. You will lose money if the cost you pay exceeds the revenue you earn for any given box. Any box you lose money on will display a \"!\". Boxes outside of all consumption ranges are displayed in white. Boxes within one or more consumption ranges display a stacked graph of the current occupants.</span></span></span></span></span></p>\n<p><span style=\"font-size: 14pt;\"><span style=\"font-size: 18.6667px;\"><span style=\"font-size: 14pt;\"><span style=\"font-size: 18.6667px;\"><span style=\"font-size: 14pt;\">Try moving the range handles. <span style=\"font-size: 18.6667px;\"><span style=\"font-size: 14pt;\"><span style=\"font-size: 18.6667px;\"><span style=\"font-size: 14pt;\"><span style=\"background-color: #bfedd2;\">Do this now</span>.</span></span></span></span></span></span></span></span></span></p>\n<p><span style=\"font-size: 14pt;\"><span style=\"font-size: 18.6667px;\"><span style=\"font-size: 14pt;\"><span style=\"font-size: 18.6667px;\"><span style=\"font-size: 14pt;\"><span style=\"font-size: 18.6667px;\"><span style=\"font-size: 14pt;\"><span style=\"font-size: 18.6667px;\"><span style=\"font-size: 14pt;\">On the next page, we will display the results.</span></span></span></span></span></span></span></span></span></p>\n<p><span style=\"font-size: 14pt;\"><span style=\"font-size: 18.6667px;\"><span style=\"font-size: 14pt;\"><span style=\"font-size: 18.6667px;\"><span style=\"font-size: 14pt;\"><span style=\"font-size: 18.6667px;\"><span style=\"font-size: 14pt;\"><span style=\"font-size: 18.6667px;\"><span style=\"font-size: 14pt;\">Continue to the next page of the instructions by pressing the<strong> </strong><span style=\"background-color: #0d6efd; color: #ffffff;\">Next <span class=\"far fa-arrow-alt-circle-right\">&nbsp;</span></span><strong>&nbsp;</strong>button.</span></span></span></span></span></span></span></span></span></p>\n<p>&nbsp;</p>\n<p>&nbsp;</p>", "page_number": 2, "timestamp": "2025-03-11T22:34:11.785Z", "updated": "2025-03-11T22:34:11.785Z"}}, {"model": "main.instruction", "pk": 7, "fields": {"instruction_set": 1, "text_html": "<p><span style=\"font-size: 14pt;\"><strong>Practice</strong></span></p>\n<p><span style=\"font-size: 14pt;\">Move the range handles and press the Send Range button at the bottom of your screen. <span style=\"font-size: 18.6667px;\"><span style=\"font-size: 14pt;\"><span style=\"font-size: 18.6667px;\"><span style=\"font-size: 14pt;\"><span style=\"background-color: #bfedd2;\">Do this now</span>. Notice how your Cost and Profit changes in the \"Group Summary\" box at the top of your screen. Try moving your range around and observing how things change. Remember that you will lose money if your cost exceeds your revenue on a box. That is denoted with a \"!\" on that box.</span></span></span></span></span></p>\n<p><span style=\"font-size: 14pt;\"><span style=\"font-size: 18.6667px;\"><span style=\"font-size: 14pt;\"><span style=\"font-size: 18.6667px;\"><span style=\"font-size: 14pt;\">You and your group members can update your range anytime during the experiment.</span></span></span></span></span></p>\n<p><span style=\"font-size: 14pt;\"><span style=\"font-size: 18.6667px;\"><span style=\"font-size: 14pt;\"><span style=\"font-size: 18.6667px;\"><span style=\"font-size: 14pt;\">Continue to the next page of the instructions by pressing the<strong> </strong><span style=\"background-color: #0d6efd; color: #ffffff;\">Next <span class=\"far fa-arrow-alt-circle-right\">&nbsp;</span></span><strong>&nbsp;</strong>button.</span></span></span></span></span></p>", "page_number": 3, "timestamp": "2025-03-11T22:34:11.785Z", "updated": "2025-03-11T22:34:11.785Z"}}, {"model": "main.instruction", "pk": 8, "fields": {"instruction_set": 1, "text_html": "<p><span style=\"font-size: 14pt;\"><strong>Conclusion</strong></span></p>\n<p><span style=\"font-size: 14pt;\"><span style=\"font-size: 14pt;\">You can use help buttons</span>&nbsp;to reference the instructions during the experiment.</span></p>\n<p><span style=\"font-size: 18.6667px;\">Once everyone completes the instructions, the ranges will reset. Everyone must press the <span style=\"font-size: 14pt;\"><span style=\"color: #ffffff;\"><span style=\"background-color: #198754;\">Ready to Start</span></span></span> button at the bottom of the screen before anyone can submit a range.</span></p>\n<p><span style=\"font-size: 14pt;\">This is the end of the instructions. If you have any questions, please raise your hand, and a monitor will come by to answer them. If you are finished with the instructions, please click the <span style=\"color: #ffffff;\"><span style=\"background-color: #198754;\">Start <span class=\"far fa-check-circle\">&nbsp;</span></span> </span>button located in the bottom right of this frame. The instructions will remain on your screen until the experiment begins. <em>We need everyone to click the</em> <span style=\"color: #ffffff;\"><span style=\"background-color: #198754;\">Start <span class=\"far fa-check-circle\">&nbsp;</span></span> </span><em>button before we can begin the experiment.</em></span></p>", "page_number": 4, "timestamp": "2025-03-11T22:34:11.785Z", "updated": "2025-03-11T22:34:11.785Z"}}, {"model": "main.helpdocssubject", "pk": 3, "fields": {"instruction_set": 1, "title": "Period Block 2", "text": "<p>Explain Chat</p>\n<p>Explain Transfer cents.</p>", "timestamp": "2025-03-11T22:34:11.801Z", "updated": "2025-03-11T22:34:11.801Z"}}, {"model": "main.helpdocssubject", "pk": 4, "fields": {"instruction_set": 1, "title": "chat", "text": "<p>Chat help.</p>", "timestamp": "2025-03-11T22:34:11.801Z", "updated": "2025-03-11T22:34:11.801Z"}}, {"model": "main.helpdocssubject", "pk": 5, "fields": {"instruction_set": 1, "title": "subject_stage", "text": "<p>Stage help here.</p>", "timestamp": "2025-03-11T22:34:11.801Z", "updated": "2025-03-11T22:34:11.801Z"}}, {"model": "main.helpdocssubject", "pk": 6, "fields": {"instruction_set": 1, "title": "transfer_cents", "text": "<p>Transfer cents help.</p>", "timestamp": "2025-03-11T22:34:11.801Z", "updated": "2025-03-11T22:34:11.801Z"}}, {"model": "main.parameterset", "pk": 2, "fields": {"period_length": 1, "show_instructions": true, "survey_required": false, "survey_link": "", "prolific_mode": false, "prolific_completion_link": "", "reconnection_limit": 25, "test_mode": false, "json_for_session": {"id": 2, "test_mode": 0, "survey_link": "", "period_length": 1, "prolific_mode": 0, "survey_required": 0, "show_instructions": 1, "reconnection_limit": 25, "parameter_set_players": {"17": {"id": 17, "start_x": 50, "start_y": 50, "id_label": "Red", "hex_color": "IndianRed", "player_number": 1, "instruction_set": 1, "instruction_set_label": "** New Instruction Set 1 ***", "parameter_set_player_groups": {"35": {"id": 28, "position": 1, "start_box": 10, "group_number": 1, "parameter_set_period_block": 35}, "36": {"id": 32, "position": 1, "start_box": 0, "group_number": 1, "parameter_set_period_block": 36}}}, "18": {"id": 18, "start_x": 50, "start_y": 50, "id_label": "Purple", "hex_color": "MediumPurple", "player_number": 2, "instruction_set": 1, "instruction_set_label": "** New Instruction Set 1 ***", "parameter_set_player_groups": {"35": {"id": 29, "position": 2, "start_box": 20, "group_number": 1, "parameter_set_period_block": 35}, "36": {"id": 33, "position": 2, "start_box": 10, "group_number": 1, "parameter_set_period_block": 36}}}, "19": {"id": 19, "start_x": 50, "start_y": 50, "id_label": "Blue", "hex_color": "CornflowerBlue", "player_number": 3, "instruction_set": 1, "instruction_set_label": "** New Instruction Set 1 ***", "parameter_set_player_groups": {"35": {"id": 30, "position": 3, "start_box": 30, "group_number": 1, "parameter_set_period_block": 35}, "36": {"id": 34, "position": 3, "start_box": 30, "group_number": 1, "parameter_set_period_block": 36}}}, "20": {"id": 20, "start_x": 50, "start_y": 50, "id_label": "Orange", "hex_color": "Orange", "player_number": 4, "instruction_set": 1, "instruction_set_label": "** New Instruction Set 1 ***", "parameter_set_player_groups": {"35": {"id": 31, "position": 4, "start_box": 40, "group_number": 1, "parameter_set_period_block": 35}, "36": {"id": 35, "position": 4, "start_box": 40, "group_number": 1, "parameter_set_period_block": 36}}}, "35": {"id": 35, "start_x": 50, "start_y": 50, "id_label": "Red", "hex_color": "IndianRed", "player_number": 5, "instruction_set": 1, "instruction_set_label": "** New Instruction Set 1 ***", "parameter_set_player_groups": {"35": {"id": 85, "position": 1, "start_box": 10, "group_number": 2, "parameter_set_period_block": 35}, "36": {"id": 86, "position": 1, "start_box": 0, "group_number": 2, "parameter_set_period_block": 36}}}, "36": {"id": 36, "start_x": 50, "start_y": 50, "id_label": "Purple", "hex_color": "MediumPurple", "player_number": 6, "instruction_set": 1, "instruction_set_label": "** New Instruction Set 1 ***", "parameter_set_player_groups": {"35": {"id": 87, "position": 2, "start_box": 20, "group_number": 2, "parameter_set_period_block": 35}, "36": {"id": 88, "position": 2, "start_box": 10, "group_number": 2, "parameter_set_period_block": 36}}}, "37": {"id": 37, "start_x": 50, "start_y": 50, "id_label": "Blue", "hex_color": "CornflowerBlue", "player_number": 7, "instruction_set": 1, "instruction_set_label": "** New Instruction Set 1 ***", "parameter_set_player_groups": {"35": {"id": 89, "position": 3, "start_box": 30, "group_number": 2, "parameter_set_period_block": 35}, "36": {"id": 90, "position": 3, "start_box": 30, "group_number": 2, "parameter_set_period_block": 36}}}, "38": {"id": 38, "start_x": 50, "start_y": 50, "id_label": "Orange", "hex_color": "Orange", "player_number": 8, "instruction_set": 1, "instruction_set_label": "** New Instruction Set 1 ***", "parameter_set_player_groups": {"35": {"id": 91, "position": 4, "start_box": 40, "group_number": 2, "parameter_set_period_block": 35}, "36": {"id": 92, "position": 4, "start_box": 40, "group_number": 2, "parameter_set_period_block": 36}}}}, "parameter_set_treatments": {"26": {"id": 26, "costs": "0.75,0.75,0.75,0.75", "values": "10.0,9.9,9.8,9.7,9.6,9.5,9.4,9.3,9.2,9.1,9.0,8.9,8.8,8.7,8.6,8.5,8.4,8.3,8.2,8.1,8.0,7.9,7.8,7.7,7.6,7.5,7.4,7.3,7.2,7.1,7.0,6.9,6.8,6.7,6.6,6.5,6.4,6.3,6.2,6.1,6.0,5.9,5.8,5.7,5.6,5.5,5.4,5.3,5.2,5.1,5.0,4.9,4.8,4.7,4.6,4.5,4.4,4.3,4.2,4.1,4.0,3.9,3.8,3.7,3.6,3.5,3.4,3.3,3.2,3.1,3.0,2.9,2.8,2.7,2.6,2.5,2.4,2.3,2.2,2.1,2.0,1.9,1.8,1.7,1.6,1.5,1.4,1.3,1.2,1.1,1.0", "enable_chat": 1, "range_width": "2.00", "scale_width": "2.00", "id_label_pst": "1", "range_height": "10.00", "preserve_order": 0, "range_height_ticks": 10, "enable_transfer_cents": 1}, "32": {"id": 32, "costs": "0.75,0.75,0.75,0.75", "values": "5,4.95,4.9,4.85,4.8,4.75,4.7,4.65,4.6,4.55,4.5,4.45,4.4,4.35,4.3,4.25,4.2,4.15,4.1,4.05,4,3.95,3.9,3.85,3.8,3.75,3.7,3.65,3.6,3.55,3.5,3.45,3.4,3.35,3.3,3.25,3.2,3.15,3.1,3.05,3,2.95,2.9,2.85,2.8,2.75,2.7,2.65,2.6,2.55,2.5,2.45,2.4,2.35,2.3,2.25,2.2,2.15,2.1,2.05,2,1.95,1.9,1.85,1.8,1.75,1.7,1.65,1.6,1.55,1.5,1.45,1.4,1.35,1.3,1.25,1.2,1.15,1.1,1.05,1", "enable_chat": 1, "range_width": "2.00", "scale_width": "2.00", "id_label_pst": "2", "range_height": "10.00", "preserve_order": 0, "range_height_ticks": 10, "enable_transfer_cents": 1}, "34": {"id": 34, "costs": "0.75,0.75,0.75,0.75", "values": "10.0,9.9,9.8,9.7,9.6,9.5,9.4,9.3,9.2,9.1,9.0,8.9,8.8,8.7,8.6,8.5,8.4,8.3,8.2,8.1,8.0,7.9,7.8,7.7,7.6,7.5,7.4,7.3,7.2,7.1,7.0,6.9,6.8,6.7,6.6,6.5,6.4,6.3,6.2,6.1,6.0,5.9,5.8,5.7,5.6,5.5,5.4,5.3,5.2,5.1,5.0,4.9,4.8,4.7,4.6,4.5,4.4,4.3,4.2,4.1,4.0,3.9,3.8,3.7,3.6,3.5,3.4,3.3,3.2,3.1,3.0,2.9,2.8,2.7,2.6,2.5,2.4,2.3,2.2,2.1,2.0,1.9,1.8,1.7,1.6,1.5,1.4,1.3,1.2,1.1,1.0", "enable_chat": 1, "range_width": "2.00", "scale_width": "2.00", "id_label_pst": "~", "range_height": "10.00", "preserve_order": 0, "range_height_ticks": 10, "enable_transfer_cents": 1}}, "prolific_completion_link": "", "parameter_set_periodblocks": {"35": {"id": 35, "help_doc": null, "period_end": 100, "period_start": 1, "help_doc_title": null, "parameter_set_treatment": 26}, "36": {"id": 36, "help_doc": null, "period_end": 200, "period_start": 101, "help_doc_title": null, "parameter_set_treatment": 32}}, "parameter_set_players_order": [17, 18, 19, 20, 35, 36, 37, 38], "parameter_set_treatments_order": [26, 32, 34], "parameter_set_periodblocks_order": [35, 36]}, "timestamp": "2025-01-29T23:52:15.910Z", "updated": "2025-03-20T16:02:49.914Z"}}, {"model": "main.parameterset", "pk": 3, "fields": {"period_length": 1, "show_instructions": true, "survey_required": false, "survey_link": "", "prolific_mode": false, "prolific_completion_link": "", "reconnection_limit": 25, "test_mode": true, "json_for_session": {"id": 3, "test_mode": 1, "survey_link": "", "period_length": 1, "prolific_mode": 0, "survey_required": 0, "show_instructions": 1, "reconnection_limit": 25, "parameter_set_players": {"21": {"id": 21, "start_x": 50, "start_y": 50, "id_label": "Red", "hex_color": "IndianRed", "player_number": 1, "instruction_set": 1, "instruction_set_label": "** New Instruction Set 1 ***", "parameter_set_player_groups": {"37": {"id": 36, "position": 1, "start_box": 0, "group_number": 1, "parameter_set_period_block": 37}, "45": {"id": 93, "position": 1, "start_box": 0, "group_number": 1, "parameter_set_period_block": 45}}}, "22": {"id": 22, "start_x": 50, "start_y": 50, "id_label": "Purple", "hex_color": "MediumPurple", "player_number": 2, "instruction_set": 1, "instruction_set_label": "** New Instruction Set 1 ***", "parameter_set_player_groups": {"37": {"id": 38, "position": 2, "start_box": 0, "group_number": 1, "parameter_set_period_block": 37}, "45": {"id": 94, "position": 2, "start_box": 0, "group_number": 1, "parameter_set_period_block": 45}}}, "40": {"id": 40, "start_x": 50, "start_y": 50, "id_label": "Red", "hex_color": "IndianRed", "player_number": 3, "instruction_set": 1, "instruction_set_label": "** New Instruction Set 1 ***", "parameter_set_player_groups": {"37": {"id": 97, "position": 1, "start_box": 0, "group_number": 2, "parameter_set_period_block": 37}, "45": {"id": 98, "position": 1, "start_box": 0, "group_number": 2, "parameter_set_period_block": 45}}}, "41": {"id": 41, "start_x": 50, "start_y": 50, "id_label": "Purple", "hex_color": "MediumPurple", "player_number": 4, "instruction_set": 1, "instruction_set_label": "** New Instruction Set 1 ***", "parameter_set_player_groups": {"37": {"id": 99, "position": 2, "start_box": 0, "group_number": 2, "parameter_set_period_block": 37}, "45": {"id": 100, "position": 2, "start_box": 0, "group_number": 2, "parameter_set_period_block": 45}}}}, "parameter_set_treatments": {"28": {"id": 28, "costs": "0.75,0.75,0.75,0.75", "values": "10.0,9.9,9.8,9.7,9.6,9.5,9.4,9.3,9.2,9.1,9.0,8.9,8.8,8.7,8.6,8.5,8.4,8.3,8.2,8.1,8.0,7.9,7.8,7.7,7.6,7.5,7.4,7.3,7.2,7.1,7.0,6.9,6.8,6.7,6.6,6.5,6.4,6.3,6.2,6.1,6.0,5.9,5.8,5.7,5.6,5.5,5.4,5.3,5.2,5.1,5.0,4.9,4.8,4.7,4.6,4.5,4.4,4.3,4.2,4.1,4.0,3.9,3.8,3.7,3.6,3.5,3.4,3.3,3.2,3.1,3.0,2.9,2.8,2.7,2.6,2.5,2.4,2.3,2.2,2.1,2.0,1.9,1.8,1.7,1.6,1.5,1.4,1.3,1.2,1.1,1.0", "enable_chat": 1, "range_width": "2.00", "scale_width": "2.00", "id_label_pst": "1", "range_height": "10.00", "preserve_order": 1, "range_height_ticks": 10, "enable_transfer_cents": 0}, "29": {"id": 29, "costs": "0.75,0.75,0.75,0.75", "values": "5,4.95,4.9,4.85,4.8,4.75,4.7,4.65,4.6,4.55,4.5,4.45,4.4,4.35,4.3,4.25,4.2,4.15,4.1,4.05,4,3.95,3.9,3.85,3.8,3.75,3.7,3.65,3.6,3.55,3.5,3.45,3.4,3.35,3.3,3.25,3.2,3.15,3.1,3.05,3,2.95,2.9,2.85,2.8,2.75,2.7,2.65,2.6,2.55,2.5,2.45,2.4,2.35,2.3,2.25,2.2,2.15,2.1,2.05,2,1.95,1.9,1.85,1.8,1.75,1.7,1.65,1.6,1.55,1.5,1.45,1.4,1.35,1.3,1.25,1.2,1.15,1.1,1.05,1", "enable_chat": 0, "range_width": "2.00", "scale_width": "2.00", "id_label_pst": "2", "range_height": "10.00", "preserve_order": 1, "range_height_ticks": 10, "enable_transfer_cents": 1}}, "prolific_completion_link": "", "parameter_set_periodblocks": {"37": {"id": 37, "help_doc": null, "period_end": 5, "period_start": 1, "help_doc_title": null, "parameter_set_treatment": 28}, "45": {"id": 45, "help_doc": null, "period_end": 20, "period_start": 6, "help_doc_title": null, "parameter_set_treatment": 29}}, "parameter_set_players_order": [21, 22, 40, 41], "parameter_set_treatments_order": [28, 29], "parameter_set_periodblocks_order": [37, 45]}, "timestamp": "2025-01-31T18:10:56.167Z", "updated": "2025-03-20T20:26:27.746Z"}}, {"model": "main.parametersetplayer", "pk": 17, "fields": {"parameter_set": 2, "instruction_set": 1, "id_label": "Red", "player_number": 1, "start_x": 50, "start_y": 50, "hex_color": "IndianRed", "timestamp": "2025-02-06T23:19:07.975Z", "updated": "2025-03-13T23:47:30.849Z"}}, {"model": "main.parametersetplayer", "pk": 18, "fields": {"parameter_set": 2, "instruction_set": 1, "id_label": "Purple", "player_number": 2, "start_x": 50, "start_y": 50, "hex_color": "MediumPurple", "timestamp": "2025-02-06T23:19:07.999Z", "updated": "2025-03-13T23:47:30.871Z"}}, {"model": "main.parametersetplayer", "pk": 19, "fields": {"parameter_set": 2, "instruction_set": 1, "id_label": "Blue", "player_number": 3, "start_x": 50, "start_y": 50, "hex_color": "CornflowerBlue", "timestamp": "2025-02-06T23:19:08.020Z", "updated": "2025-03-13T23:47:30.892Z"}}, {"model": "main.parametersetplayer", "pk": 20, "fields": {"parameter_set": 2, "instruction_set": 1, "id_label": "Orange", "player_number": 4, "start_x": 50, "start_y": 50, "hex_color": "Orange", "timestamp": "2025-02-06T23:19:08.044Z", "updated": "2025-03-13T23:47:30.915Z"}}, {"model": "main.parametersetplayer", "pk": 21, "fields": {"parameter_set": 3, "instruction_set": 1, "id_label": "Red", "player_number": 1, "start_x": 50, "start_y": 50, "hex_color": "IndianRed", "timestamp": "2025-02-25T22:16:10.280Z", "updated": "2025-03-20T19:42:25.646Z"}}, {"model": "main.parametersetplayer", "pk": 22, "fields": {"parameter_set": 3, "instruction_set": 1, "id_label": "Purple", "player_number": 2, "start_x": 50, "start_y": 50, "hex_color": "MediumPurple", "timestamp": "2025-02-25T22:16:10.312Z", "updated": "2025-03-20T19:42:25.666Z"}}, {"model": "main.parametersetplayer", "pk": 35, "fields": {"parameter_set": 2, "instruction_set": 1, "id_label": "Red", "player_number": 5, "start_x": 50, "start_y": 50, "hex_color": "IndianRed", "timestamp": "2025-03-13T23:47:32.762Z", "updated": "2025-03-13T23:47:32.769Z"}}, {"model": "main.parametersetplayer", "pk": 36, "fields": {"parameter_set": 2, "instruction_set": 1, "id_label": "Purple", "player_number": 6, "start_x": 50, "start_y": 50, "hex_color": "MediumPurple", "timestamp": "2025-03-13T23:47:38.137Z", "updated": "2025-03-13T23:47:38.144Z"}}, {"model": "main.parametersetplayer", "pk": 37, "fields": {"parameter_set": 2, "instruction_set": 1, "id_label": "Blue", "player_number": 7, "start_x": 50, "start_y": 50, "hex_color": "CornflowerBlue", "timestamp": "2025-03-13T23:47:40.341Z", "updated": "2025-03-13T23:47:40.347Z"}}, {"model": "main.parametersetplayer", "pk": 38, "fields": {"parameter_set": 2, "instruction_set": 1, "id_label": "Orange", "player_number": 8, "start_x": 50, "start_y": 50, "hex_color": "Orange", "timestamp": "2025-03-13T23:47:42.471Z", "updated": "2025-03-13T23:47:42.479Z"}}, {"model": "main.parametersetplayer", "pk": 40, "fields": {"parameter_set": 3, "instruction_set": 1, "id_label": "Red", "player_number": 3, "start_x": 50, "start_y": 50, "hex_color": "IndianRed", "timestamp": "2025-03-20T19:42:27.748Z", "updated": "2025-03-20T19:42:27.771Z"}}, {"model": "main.parametersetplayer", "pk": 41, "fields": {"parameter_set": 3, "instruction_set": 1, "id_label": "Purple", "player_number": 4, "start_x": 50, "start_y": 50, "hex_color": "MediumPurple", "timestamp": "2025-03-20T19:42:34.443Z", "updated": "2025-03-20T19:42:34.451Z"}}, {"model": "main.parametersettreatment", "pk": 26, "fields": {"parameter_set": 2, "id_label_pst": "1", "range_width": "2.00", "range_height": "10.00", "scale_width": "2.00", "values": "10.0,9.9,9.8,9.7,9.6,9.5,9.4,9.3,9.2,9.1,9.0,8.9,8.8,8.7,8.6,8.5,8.4,8.3,8.2,8.1,8.0,7.9,7.8,7.7,7.6,7.5,7.4,7.3,7.2,7.1,7.0,6.9,6.8,6.7,6.6,6.5,6.4,6.3,6.2,6.1,6.0,5.9,5.8,5.7,5.6,5.5,5.4,5.3,5.2,5.1,5.0,4.9,4.8,4.7,4.6,4.5,4.4,4.3,4.2,4.1,4.0,3.9,3.8,3.7,3.6,3.5,3.4,3.3,3.2,3.1,3.0,2.9,2.8,2.7,2.6,2.5,2.4,2.3,2.2,2.1,2.0,1.9,1.8,1.7,1.6,1.5,1.4,1.3,1.2,1.1,1.0", "range_height_ticks": 10, "costs": "0.75,0.75,0.75,0.75", "preserve_order": false, "enable_chat": true, "enable_transfer_cents": true, "timestamp": "2025-02-06T23:19:07.919Z", "updated": "2025-02-21T00:00:20.660Z"}}, {"model": "main.parametersettreatment", "pk": 28, "fields": {"parameter_set": 3, "id_label_pst": "1", "range_width": "2.00", "range_height": "10.00", "scale_width": "2.00", "values": "10.0,9.9,9.8,9.7,9.6,9.5,9.4,9.3,9.2,9.1,9.0,8.9,8.8,8.7,8.6,8.5,8.4,8.3,8.2,8.1,8.0,7.9,7.8,7.7,7.6,7.5,7.4,7.3,7.2,7.1,7.0,6.9,6.8,6.7,6.6,6.5,6.4,6.3,6.2,6.1,6.0,5.9,5.8,5.7,5.6,5.5,5.4,5.3,5.2,5.1,5.0,4.9,4.8,4.7,4.6,4.5,4.4,4.3,4.2,4.1,4.0,3.9,3.8,3.7,3.6,3.5,3.4,3.3,3.2,3.1,3.0,2.9,2.8,2.7,2.6,2.5,2.4,2.3,2.2,2.1,2.0,1.9,1.8,1.7,1.6,1.5,1.4,1.3,1.2,1.1,1.0", "range_height_ticks": 10, "costs": "0.75,0.75,0.75,0.75", "preserve_order": true, "enable_chat": true, "enable_transfer_cents": false, "timestamp": "2025-02-25T22:16:10.180Z", "updated": "2025-03-14T23:31:02.473Z"}}, {"model": "main.parametersettreatment", "pk": 29, "fields": {"parameter_set": 3, "id_label_pst": "2", "range_width": "2.00", "range_height": "10.00", "scale_width": "2.00", "values": "5,4.95,4.9,4.85,4.8,4.75,4.7,4.65,4.6,4.55,4.5,4.45,4.4,4.35,4.3,4.25,4.2,4.15,4.1,4.05,4,3.95,3.9,3.85,3.8,3.75,3.7,3.65,3.6,3.55,3.5,3.45,3.4,3.35,3.3,3.25,3.2,3.15,3.1,3.05,3,2.95,2.9,2.85,2.8,2.75,2.7,2.65,2.6,2.55,2.5,2.45,2.4,2.35,2.3,2.25,2.2,2.15,2.1,2.05,2,1.95,1.9,1.85,1.8,1.75,1.7,1.65,1.6,1.55,1.5,1.45,1.4,1.35,1.3,1.25,1.2,1.15,1.1,1.05,1", "range_height_ticks": 10, "costs": "0.75,0.75,0.75,0.75", "preserve_order": true, "enable_chat": false, "enable_transfer_cents": true, "timestamp": "2025-02-25T22:16:10.195Z", "updated": "2025-03-14T23:31:10.218Z"}}, {"model": "main.parametersettreatment", "pk": 32, "fields": {"parameter_set": 2, "id_label_pst": "2", "range_width": "2.00", "range_height": "10.00", "scale_width": "2.00", "values": "5,4.95,4.9,4.85,4.8,4.75,4.7,4.65,4.6,4.55,4.5,4.45,4.4,4.35,4.3,4.25,4.2,4.15,4.1,4.05,4,3.95,3.9,3.85,3.8,3.75,3.7,3.65,3.6,3.55,3.5,3.45,3.4,3.35,3.3,3.25,3.2,3.15,3.1,3.05,3,2.95,2.9,2.85,2.8,2.75,2.7,2.65,2.6,2.55,2.5,2.45,2.4,2.35,2.3,2.25,2.2,2.15,2.1,2.05,2,1.95,1.9,1.85,1.8,1.75,1.7,1.65,1.6,1.55,1.5,1.45,1.4,1.35,1.3,1.25,1.2,1.15,1.1,1.05,1", "range_height_ticks": 10, "costs": "0.75,0.75,0.75,0.75", "preserve_order": false, "enable_chat": true, "enable_transfer_cents": true, "timestamp": "2025-03-13T15:49:18.690Z", "updated": "2025-03-19T18:08:55.766Z"}}, {"model": "main.parametersettreatment", "pk": 34, "fields": {"parameter_set": 2, "id_label_pst": "~", "range_width": "2.00", "range_height": "10.00", "scale_width": "2.00", "values": "10.0,9.9,9.8,9.7,9.6,9.5,9.4,9.3,9.2,9.1,9.0,8.9,8.8,8.7,8.6,8.5,8.4,8.3,8.2,8.1,8.0,7.9,7.8,7.7,7.6,7.5,7.4,7.3,7.2,7.1,7.0,6.9,6.8,6.7,6.6,6.5,6.4,6.3,6.2,6.1,6.0,5.9,5.8,5.7,5.6,5.5,5.4,5.3,5.2,5.1,5.0,4.9,4.8,4.7,4.6,4.5,4.4,4.3,4.2,4.1,4.0,3.9,3.8,3.7,3.6,3.5,3.4,3.3,3.2,3.1,3.0,2.9,2.8,2.7,2.6,2.5,2.4,2.3,2.2,2.1,2.0,1.9,1.8,1.7,1.6,1.5,1.4,1.3,1.2,1.1,1.0", "range_height_ticks": 10, "costs": "0.75,0.75,0.75,0.75", "preserve_order": false, "enable_chat": true, "enable_transfer_cents": true, "timestamp": "2025-03-13T15:51:37.373Z", "updated": "2025-03-14T23:26:39.523Z"}}, {"model": "main.parametersetperiodblock", "pk": 35, "fields": {"parameter_set": 2, "parameter_set_treatment": 26, "help_doc": null, "period_start": 1, "period_end": 100, "timestamp": "2025-02-06T23:19:07.942Z", "updated": "2025-03-17T16:28:18.878Z"}}, {"model": "main.parametersetperiodblock", "pk": 36, "fields": {"parameter_set": 2, "parameter_set_treatment": 32, "help_doc": null, "period_start": 101, "period_end": 200, "timestamp": "2025-02-13T00:02:20.225Z", "updated": "2025-03-17T16:28:35.063Z"}}, {"model": "main.parametersetperiodblock", "pk": 37, "fields": {"parameter_set": 3, "parameter_set_treatment": 28, "help_doc": null, "period_start": 1, "period_end": 5, "timestamp": "2025-02-25T22:16:10.222Z", "updated": "2025-03-05T23:13:31.755Z"}}, {"model": "main.parametersetperiodblock", "pk": 45, "fields": {"parameter_set": 3, "parameter_set_treatment": 29, "help_doc": null, "period_start": 6, "period_end": 20, "timestamp": "2025-03-14T23:31:44.446Z", "updated": "2025-03-20T20:26:27.700Z"}}, {"model": "main.parametersetplayergroup", "pk": 28, "fields": {"parameter_set_player": 17, "parameter_set_period_block": 35, "group_number": 1, "position": 1, "start_box": 10, "timestamp": "2025-02-06T23:19:07.987Z", "updated": "2025-02-17T16:47:34.677Z"}}, {"model": "main.parametersetplayergroup", "pk": 29, "fields": {"parameter_set_player": 18, "parameter_set_period_block": 35, "group_number": 1, "position": 2, "start_box": 20, "timestamp": "2025-02-06T23:19:08.009Z", "updated": "2025-02-17T16:47:37.941Z"}}, {"model": "main.parametersetplayergroup", "pk": 30, "fields": {"parameter_set_player": 19, "parameter_set_period_block": 35, "group_number": 1, "position": 3, "start_box": 30, "timestamp": "2025-02-06T23:19:08.029Z", "updated": "2025-02-17T16:47:41.032Z"}}, {"model": "main.parametersetplayergroup", "pk": 31, "fields": {"parameter_set_player": 20, "parameter_set_period_block": 35, "group_number": 1, "position": 4, "start_box": 40, "timestamp": "2025-02-06T23:19:08.054Z", "updated": "2025-02-17T16:47:44.819Z"}}, {"model": "main.parametersetplayergroup", "pk": 32, "fields": {"parameter_set_player": 17, "parameter_set_period_block": 36, "group_number": 1, "position": 1, "start_box": 0, "timestamp": "2025-02-13T00:02:20.250Z", "updated": "2025-02-13T00:02:20.250Z"}}, {"model": "main.parametersetplayergroup", "pk": 33, "fields": {"parameter_set_player": 18, "parameter_set_period_block": 36, "group_number": 1, "position": 2, "start_box": 10, "timestamp": "2025-02-13T00:02:20.255Z", "updated": "2025-02-25T01:15:25.420Z"}}, {"model": "main.parametersetplayergroup", "pk": 34, "fields": {"parameter_set_player": 19, "parameter_set_period_block": 36, "group_number": 1, "position": 3, "start_box": 30, "timestamp": "2025-02-13T00:02:20.259Z", "updated": "2025-02-25T01:15:31.948Z"}}, {"model": "main.parametersetplayergroup", "pk": 35, "fields": {"parameter_set_player": 20, "parameter_set_period_block": 36, "group_number": 1, "position": 4, "start_box": 40, "timestamp": "2025-02-13T00:02:20.263Z", "updated": "2025-02-25T01:15:38.700Z"}}, {"model": "main.parametersetplayergroup", "pk": 36, "fields": {"parameter_set_player": 21, "parameter_set_period_block": 37, "group_number": 1, "position": 1, "start_box": 0, "timestamp": "2025-02-25T22:16:10.292Z", "updated": "2025-02-25T22:16:10.292Z"}}, {"model": "main.parametersetplayergroup", "pk": 38, "fields": {"parameter_set_player": 22, "parameter_set_period_block": 37, "group_number": 1, "position": 2, "start_box": 0, "timestamp": "2025-02-25T22:16:10.324Z", "updated": "2025-02-25T22:16:10.324Z"}}, {"model": "main.parametersetplayergroup", "pk": 85, "fields": {"parameter_set_player": 35, "parameter_set_period_block": 35, "group_number": 2, "position": 1, "start_box": 10, "timestamp": "2025-03-13T23:47:32.779Z", "updated": "2025-03-13T23:47:32.779Z"}}, {"model": "main.parametersetplayergroup", "pk": 86, "fields": {"parameter_set_player": 35, "parameter_set_period_block": 36, "group_number": 2, "position": 1, "start_box": 0, "timestamp": "2025-03-13T23:47:32.785Z", "updated": "2025-03-13T23:47:32.785Z"}}, {"model": "main.parametersetplayergroup", "pk": 87, "fields": {"parameter_set_player": 36, "parameter_set_period_block": 35, "group_number": 2, "position": 2, "start_box": 20, "timestamp": "2025-03-13T23:47:38.152Z", "updated": "2025-03-13T23:47:38.152Z"}}, {"model": "main.parametersetplayergroup", "pk": 88, "fields": {"parameter_set_player": 36, "parameter_set_period_block": 36, "group_number": 2, "position": 2, "start_box": 10, "timestamp": "2025-03-13T23:47:38.158Z", "updated": "2025-03-13T23:47:38.158Z"}}, {"model": "main.parametersetplayergroup", "pk": 89, "fields": {"parameter_set_player": 37, "parameter_set_period_block": 35, "group_number": 2, "position": 3, "start_box": 30, "timestamp": "2025-03-13T23:47:40.356Z", "updated": "2025-03-13T23:47:40.356Z"}}, {"model": "main.parametersetplayergroup", "pk": 90, "fields": {"parameter_set_player": 37, "parameter_set_period_block": 36, "group_number": 2, "position": 3, "start_box": 30, "timestamp": "2025-03-13T23:47:40.362Z", "updated": "2025-03-13T23:47:40.362Z"}}, {"model": "main.parametersetplayergroup", "pk": 91, "fields": {"parameter_set_player": 38, "parameter_set_period_block": 35, "group_number": 2, "position": 4, "start_box": 40, "timestamp": "2025-03-13T23:47:42.487Z", "updated": "2025-03-13T23:47:42.487Z"}}, {"model": "main.parametersetplayergroup", "pk": 92, "fields": {"parameter_set_player": 38, "parameter_set_period_block": 36, "group_number": 2, "position": 4, "start_box": 40, "timestamp": "2025-03-13T23:47:42.494Z", "updated": "2025-03-13T23:47:42.494Z"}}, {"model": "main.parametersetplayergroup", "pk": 93, "fields": {"parameter_set_player": 21, "parameter_set_period_block": 45, "group_number": 1, "position": 1, "start_box": 0, "timestamp": "2025-03-14T23:31:44.465Z", "updated": "2025-03-14T23:31:44.470Z"}}, {"model": "main.parametersetplayergroup", "pk": 94, "fields": {"parameter_set_player": 22, "parameter_set_period_block": 45, "group_number": 1, "position": 2, "start_box": 0, "timestamp": "2025-03-14T23:31:44.477Z", "updated": "2025-03-14T23:31:44.484Z"}}, {"model": "main.parametersetplayergroup", "pk": 97, "fields": {"parameter_set_player": 40, "parameter_set_period_block": 37, "group_number": 2, "position": 1, "start_box": 0, "timestamp": "2025-03-20T19:42:27.780Z", "updated": "2025-03-20T19:42:27.780Z"}}, {"model": "main.parametersetplayergroup", "pk": 98, "fields": {"parameter_set_player": 40, "parameter_set_period_block": 45, "group_number": 2, "position": 1, "start_box": 0, "timestamp": "2025-03-20T19:42:27.787Z", "updated": "2025-03-20T19:42:27.787Z"}}, {"model": "main.parametersetplayergroup", "pk": 99, "fields": {"parameter_set_player": 41, "parameter_set_period_block": 37, "group_number": 2, "position": 2, "start_box": 0, "timestamp": "2025-03-20T19:42:34.459Z", "updated": "2025-03-20T19:42:34.459Z"}}, {"model": "main.parametersetplayergroup", "pk": 100, "fields": {"parameter_set_player": 41, "parameter_set_period_block": 45, "group_number": 2, "position": 2, "start_box": 0, "timestamp": "2025-03-20T19:42:34.465Z", "updated": "2025-03-20T19:42:34.465Z"}}, {"model": "main.session", "pk": 2, "fields": {"parameter_set": 2, "creator": 1, "title": "1", "start_date": "2025-03-20", "channel_key": "e82a171f-a549-4d32-b4aa-38023c5a52ad", "session_key": "302d4cc7-46e5-4068-8b8d-41489423f28c", "id_string": "fpmguk", "controlling_channel": "specific.31484ee5e874473c99016250eab93515!d9ed27f1fd974544bed62db2064e6e41", "started": false, "shared": false, "locked": false, "invitation_text": "", "invitation_subject": "", "world_state": {}, "replay_data": null, "period_block_data": {}, "website_instance_id": null, "soft_delete": false, "timestamp": "2025-01-29T23:52:15.926Z", "updated": "2025-03-20T19:35:58.162Z", "collaborators": []}}, {"model": "main.session", "pk": 3, "fields": {"parameter_set": 3, "creator": 1, "title": "2", "start_date": "2025-03-20", "channel_key": "f4a02fb5-4bf1-416e-b15d-09d3eb366cfe", "session_key": "7b19be54-3e87-474a-8138-1cde7a7a8baf", "id_string": "ugkvgc", "controlling_channel": "specific.b93b6b10a3dd43729c29e0ae7c3a792f!9fb8adac9a57416ebed8ffa1cf3aed26", "started": false, "shared": false, "locked": false, "invitation_text": "", "invitation_subject": "", "world_state": {}, "replay_data": null, "period_block_data": {}, "website_instance_id": null, "soft_delete": false, "timestamp": "2025-01-31T18:10:56.191Z", "updated": "2025-03-20T19:42:41.443Z", "collaborators": []}}, {"model": "main.sessionplayer", "pk": 141, "fields": {"session": 2, "parameter_set_player": 17, "player_number": 1, "player_key": "201d0a70-2333-4ba0-bb8f-5e1b72b3e70b", "connecting": false, "connected_count": 6, "name": "", "student_id": "", "email": null, "earnings": 0, "name_submitted": false, "current_instruction": 1, "current_instruction_complete": 0, "instructions_finished": false, "survey_complete": false, "chat_display_history": [], "timestamp": "2025-03-13T23:47:42.570Z", "updated": "2025-03-20T19:35:58.175Z"}}, {"model": "main.sessionplayer", "pk": 142, "fields": {"session": 2, "parameter_set_player": 18, "player_number": 2, "player_key": "7509d8af-38a9-48f3-8267-97d9a4775121", "connecting": false, "connected_count": 2, "name": "", "student_id": "", "email": null, "earnings": 0, "name_submitted": false, "current_instruction": 1, "current_instruction_complete": 0, "instructions_finished": false, "survey_complete": false, "chat_display_history": [], "timestamp": "2025-03-13T23:47:42.576Z", "updated": "2025-03-20T19:35:58.181Z"}}, {"model": "main.sessionplayer", "pk": 143, "fields": {"session": 2, "parameter_set_player": 19, "player_number": 3, "player_key": "abab56b5-c625-4aaf-bf01-4be295c9436b", "connecting": false, "connected_count": 1, "name": "", "student_id": "", "email": null, "earnings": 0, "name_submitted": false, "current_instruction": 1, "current_instruction_complete": 0, "instructions_finished": false, "survey_complete": false, "chat_display_history": [], "timestamp": "2025-03-13T23:47:42.581Z", "updated": "2025-03-20T19:35:58.188Z"}}, {"model": "main.sessionplayer", "pk": 144, "fields": {"session": 2, "parameter_set_player": 20, "player_number": 4, "player_key": "acd2960e-4c85-4006-b49b-ba6dae4aafab", "connecting": false, "connected_count": 1, "name": "", "student_id": "", "email": null, "earnings": 0, "name_submitted": false, "current_instruction": 1, "current_instruction_complete": 0, "instructions_finished": false, "survey_complete": false, "chat_display_history": [], "timestamp": "2025-03-13T23:47:42.587Z", "updated": "2025-03-20T19:35:58.198Z"}}, {"model": "main.sessionplayer", "pk": 145, "fields": {"session": 2, "parameter_set_player": 35, "player_number": 5, "player_key": "87a4a6bd-07e5-4770-8234-912c63752192", "connecting": false, "connected_count": 1, "name": "", "student_id": "", "email": null, "earnings": 0, "name_submitted": false, "current_instruction": 1, "current_instruction_complete": 0, "instructions_finished": false, "survey_complete": false, "chat_display_history": [], "timestamp": "2025-03-13T23:47:42.592Z", "updated": "2025-03-20T19:35:58.204Z"}}, {"model": "main.sessionplayer", "pk": 146, "fields": {"session": 2, "parameter_set_player": 36, "player_number": 6, "player_key": "aeb6b146-3a28-4af7-8c8b-9314b668df45", "connecting": false, "connected_count": 1, "name": "", "student_id": "", "email": null, "earnings": 0, "name_submitted": false, "current_instruction": 1, "current_instruction_complete": 0, "instructions_finished": false, "survey_complete": false, "chat_display_history": [], "timestamp": "2025-03-13T23:47:42.597Z", "updated": "2025-03-20T19:35:58.208Z"}}, {"model": "main.sessionplayer", "pk": 147, "fields": {"session": 2, "parameter_set_player": 37, "player_number": 7, "player_key": "b2ac59d9-7bd6-4bcc-9778-1884052ce2a3", "connecting": false, "connected_count": 1, "name": "", "student_id": "", "email": null, "earnings": 0, "name_submitted": false, "current_instruction": 1, "current_instruction_complete": 0, "instructions_finished": false, "survey_complete": false, "chat_display_history": [], "timestamp": "2025-03-13T23:47:42.602Z", "updated": "2025-03-20T19:35:58.215Z"}}, {"model": "main.sessionplayer", "pk": 148, "fields": {"session": 2, "parameter_set_player": 38, "player_number": 8, "player_key": "9416a3ae-5f19-4066-9f78-3790178890d7", "connecting": false, "connected_count": 1, "name": "", "student_id": "", "email": null, "earnings": 0, "name_submitted": false, "current_instruction": 1, "current_instruction_complete": 0, "instructions_finished": false, "survey_complete": false, "chat_display_history": [], "timestamp": "2025-03-13T23:47:42.608Z", "updated": "2025-03-20T19:35:58.222Z"}}, {"model": "main.sessionplayer", "pk": 157, "fields": {"session": 3, "parameter_set_player": 21, "player_number": 1, "player_key": "baaaf1bf-f6e4-4c82-934b-4aa07024bc46", "connecting": false, "connected_count": 0, "name": "", "student_id": "", "email": null, "earnings": 0, "name_submitted": false, "current_instruction": 1, "current_instruction_complete": 0, "instructions_finished": false, "survey_complete": false, "chat_display_history": [], "timestamp": "2025-03-20T19:42:34.534Z", "updated": "2025-03-20T19:42:41.456Z"}}, {"model": "main.sessionplayer", "pk": 158, "fields": {"session": 3, "parameter_set_player": 22, "player_number": 2, "player_key": "1401ef6f-ffbf-47c3-993c-e1a3aec0c42f", "connecting": false, "connected_count": 0, "name": "", "student_id": "", "email": null, "earnings": 0, "name_submitted": false, "current_instruction": 1, "current_instruction_complete": 0, "instructions_finished": false, "survey_complete": false, "chat_display_history": [], "timestamp": "2025-03-20T19:42:34.539Z", "updated": "2025-03-20T19:42:41.465Z"}}, {"model": "main.sessionplayer", "pk": 159, "fields": {"session": 3, "parameter_set_player": 40, "player_number": 3, "player_key": "89e965fe-bdde-4535-b7e9-c30ec8ac1942", "connecting": false, "connected_count": 0, "name": "", "student_id": "", "email": null, "earnings": 0, "name_submitted": false, "current_instruction": 1, "current_instruction_complete": 0, "instructions_finished": false, "survey_complete": false, "chat_display_history": [], "timestamp": "2025-03-20T19:42:34.544Z", "updated": "2025-03-20T19:42:41.470Z"}}, {"model": "main.sessionplayer", "pk": 160, "fields": {"session": 3, "parameter_set_player": 41, "player_number": 4, "player_key": "97e8eba2-fbc2-4c3e-aedc-df6af7a69f2e", "connecting": false, "connected_count": 0, "name": "", "student_id": "", "email": null, "earnings": 0, "name_submitted": false, "current_instruction": 1, "current_instruction_complete": 0, "instructions_finished": false, "survey_complete": false, "chat_display_history": [], "timestamp": "2025-03-20T19:42:34.549Z", "updated": "2025-03-20T19:42:41.475Z"}}]