[{"model": "main.parameters", "pk": 1, "fields": {"contact_email": "JohnSmith@abc.edu", "experiment_time_zone": "US/Pacific", "site_url": "http://localhost:8000", "invitation_text": "", "invitation_subject": "", "default_parameter_set": null, "timestamp": "2025-02-05T18:52:16.798Z", "updated": "2025-02-05T18:52:16.798Z"}}, {"model": "main.profile", "pk": 1, "fields": {"can_edit_instructions": false, "mfa_hash": null, "mfa_required": false, "mfa_setup_complete": false, "timestamp": "2025-02-05T18:52:16.364Z", "updated": "2025-02-05T18:52:16.365Z"}}, {"model": "main.profileloginattempt", "pk": 1, "fields": {"profile": 1, "success": true, "note": null, "timestamp": "2025-02-05T18:52:37.981Z", "updated": "2025-02-05T18:52:37.981Z"}}, {"model": "main.profileloginattempt", "pk": 2, "fields": {"profile": 1, "success": true, "note": null, "timestamp": "2025-02-19T21:28:29.518Z", "updated": "2025-02-19T21:28:29.518Z"}}, {"model": "main.profileloginattempt", "pk": 3, "fields": {"profile": 1, "success": true, "note": null, "timestamp": "2025-03-05T21:47:22.952Z", "updated": "2025-03-05T21:47:22.952Z"}}, {"model": "main.profileloginattempt", "pk": 4, "fields": {"profile": 1, "success": true, "note": null, "timestamp": "2025-03-24T17:36:45.291Z", "updated": "2025-03-24T17:36:45.291Z"}}, {"model": "main.instructionset", "pk": 1, "fields": {"label": "One", "action_page_1": 2, "action_page_2": 3, "action_page_3": 100, "action_page_4": 100, "action_page_5": 100, "action_page_6": 100, "p1_example_start_range": 0, "p1_example_end_range": 0, "p2_example_start_range": 11, "p2_example_end_range": 20, "p3_example_start_range": 21, "p3_example_end_range": 30, "p4_example_start_range": 31, "p4_example_end_range": 40, "timestamp": "2025-02-05T18:53:36.177Z", "updated": "2025-03-17T19:38:31.221Z"}}, {"model": "main.instruction", "pk": 15, "fields": {"instruction_set": 1, "text_html": "<p><strong><span style=\"font-size: 14pt;\">Welcome &nbsp;</span></strong></p>\n<p><span style=\"font-size: 14pt;\">This is an experiment in the economics of decision-making. The instructions are simple; if you follow them carefully and make good decisions, you can earn a considerable amount of money that will be paid to you privately at the end of the experiment.</span></p>\n<p><span style=\"font-size: 14pt;\">In this experiment, your color is&nbsp;<strong>#id_label#</strong>.</span></p>\n<p><span style=\"font-size: 14pt;\">You and the other #player_count-1# people in your group each set a range. The ranges you and your group members select determine your earnings each period.</span></p>\n<p><span style=\"font-size: 14pt;\">Continue to the next page of the instructions by pressing the<strong> </strong><span style=\"background-color: #0d6efd; color: #ffffff;\">Next <span class=\"far fa-arrow-alt-circle-right\">&nbsp;</span></span><strong>&nbsp;</strong>button.</span></p>", "page_number": 1, "timestamp": "2025-03-17T19:38:31.230Z", "updated": "2025-03-17T19:38:31.230Z"}}, {"model": "main.instruction", "pk": 16, "fields": {"instruction_set": 1, "text_html": "<p><span style=\"font-size: 14pt;\"><strong>Revenue Bars</strong></span></p>\n<p><span style=\"font-size: 14pt;\">Along the horizontal axis there is a set of revenue bars. The higher the bar, the more valuable the bar is. You and the other members in your group will each submit a range using the \"Start\" and \"End\" handles at the bottom of your screens.&nbsp;<span style=\"font-size: 18.6667px;\"><span style=\"font-size: 14pt;\"><span style=\"font-size: 18.6667px;\"><span style=\"font-size: 14pt;\">You can select any contiguous range, from&nbsp;one bar up to the entire range of bars. However, anywhere your range overlaps with another person in your group, you must split the revenue of that bar equally.&nbsp;</span></span></span></span></span></p>\n<p><span style=\"font-size: 14pt;\"><span style=\"font-size: 18.6667px;\"><span style=\"font-size: 14pt;\"><span style=\"font-size: 18.6667px;\"><span style=\"font-size: 14pt;\">You must also pay a cost for each bar in your range, which we represent on the graph with a light #id_label# color. You will lose money if the cost you pay exceeds the revenue you earn for any given bar. Any bar&nbsp;you lose money on will display a \"!\". The graph displays bars outside of all ranges in a white color. Bars within one or more ranges display a stacked graph of the current occupants.</span></span></span></span></span></p>\n<p><span style=\"font-size: 14pt;\"><span style=\"font-size: 18.6667px;\"><span style=\"font-size: 14pt;\"><span style=\"font-size: 18.6667px;\"><span style=\"font-size: 14pt;\">Try moving the range handles by&nbsp;<span style=\"font-size: 18.6667px;\"><span style=\"font-size: 14pt;\"><span style=\"font-size: 18.6667px;\"><span style=\"font-size: 14pt;\">left-clicking <img src=\"../../../../../static/left_click.png\" alt=\"\" width=\"25\" height=\"33\"></span></span></span></span> and dragging them to a new position. <span style=\"font-size: 18.6667px;\"><span style=\"font-size: 14pt;\"><span style=\"font-size: 18.6667px;\"><span style=\"font-size: 14pt;\"><span style=\"background-color: #bfedd2;\">Do this now</span>.</span></span></span></span></span></span></span></span></span></p>\n<p><span style=\"font-size: 14pt;\"><span style=\"font-size: 18.6667px;\"><span style=\"font-size: 14pt;\"><span style=\"font-size: 18.6667px;\"><span style=\"font-size: 14pt;\"><span style=\"font-size: 18.6667px;\"><span style=\"font-size: 14pt;\"><span style=\"font-size: 18.6667px;\"><span style=\"font-size: 14pt;\">On the next page, we will display the results.</span></span></span></span></span></span></span></span></span></p>\n<p><span style=\"font-size: 14pt;\"><span style=\"font-size: 18.6667px;\"><span style=\"font-size: 14pt;\"><span style=\"font-size: 18.6667px;\"><span style=\"font-size: 14pt;\"><span style=\"font-size: 18.6667px;\"><span style=\"font-size: 14pt;\"><span style=\"font-size: 18.6667px;\"><span style=\"font-size: 14pt;\">Continue to the next page of the instructions by pressing the<strong> </strong><span style=\"background-color: #0d6efd; color: #ffffff;\">Next <span class=\"far fa-arrow-alt-circle-right\">&nbsp;</span></span><strong>&nbsp;</strong>button.</span></span></span></span></span></span></span></span></span></p>", "page_number": 2, "timestamp": "2025-03-17T19:38:31.230Z", "updated": "2025-03-17T19:38:31.230Z"}}, {"model": "main.instruction", "pk": 17, "fields": {"instruction_set": 1, "text_html": "<p><span style=\"font-size: 14pt;\"><strong>Practice</strong></span></p>\n<p><span style=\"font-size: 14pt;\">Press the <span style=\"font-size: 18.6667px;\"><span style=\"font-size: 14pt;\"><span style=\"font-size: 18.6667px;\"><span style=\"font-size: 14pt;\"><span style=\"background-color: #0d6efd; color: #ffffff;\">Send Range <span class=\"fas fa-ruler-horizontal\">&nbsp;</span></span></span></span></span></span> button at the bottom of your screen. <span style=\"font-size: 18.6667px;\"><span style=\"font-size: 14pt;\"><span style=\"font-size: 18.6667px;\"><span style=\"font-size: 14pt;\"><span style=\"background-color: #bfedd2;\">Do this now</span>. Your total profit per period is shown as the dark <strong>#id_label#</strong> area in the graph and reported in the right side of the Group Summary box. Your total cost per period is the light <strong>#id_label#</strong> area in graph and reported in the left side of the Group Summary box.</span></span></span></span></span></p>\n<p><span style=\"font-size: 14pt;\"><span style=\"font-size: 18.6667px;\"><span style=\"font-size: 14pt;\"><span style=\"font-size: 18.6667px;\"><span style=\"font-size: 14pt;\">Try moving your range around and observing how the Group Summary box changes. </span></span></span></span></span><span style=\"font-size: 14pt;\"><span style=\"font-size: 18.6667px;\"><span style=\"font-size: 14pt;\"><span style=\"font-size: 18.6667px;\"><span style=\"font-size: 14pt;\">Everyone in your group has the same cost for occupying a bar. </span></span></span></span></span></p>\n<p><span style=\"font-size: 14pt;\"><span style=\"font-size: 18.6667px;\"><span style=\"font-size: 14pt;\"><span style=\"font-size: 18.6667px;\"><span style=\"font-size: 14pt;\">You and your group members can update your range anytime during the experiment. Each period lasts #period_length# second(s).</span></span></span></span></span></p>\n<p><span style=\"font-size: 14pt;\"><span style=\"font-size: 18.6667px;\"><span style=\"font-size: 14pt;\"><span style=\"font-size: 18.6667px;\"><span style=\"font-size: 14pt;\">Continue to the next page of the instructions by pressing the<strong> </strong><span style=\"background-color: #0d6efd; color: #ffffff;\">Next <span class=\"far fa-arrow-alt-circle-right\">&nbsp;</span></span><strong>&nbsp;</strong>button.</span></span></span></span></span></p>", "page_number": 3, "timestamp": "2025-03-17T19:38:31.230Z", "updated": "2025-03-17T19:38:31.230Z"}}, {"model": "main.instruction", "pk": 18, "fields": {"instruction_set": 1, "text_html": "<p><span style=\"font-size: 14pt;\"><strong>Conclusion</strong></span></p>\n<p><span style=\"font-size: 14pt;\"><span style=\"font-size: 14pt;\">You can use the help buttons <span style=\"color: #3598db;\"><span class=\"far fa-question-circle\">&nbsp;</span></span></span>to reference the instructions during the experiment.</span></p>\n<p><span style=\"font-size: 18.6667px;\">Once everyone completes the instructions, the ranges will reset. Everyone must press a <span style=\"font-size: 14pt;\"><span style=\"color: #ffffff;\"><span style=\"background-color: #198754;\">Ready to Start</span></span></span> button at the bottom of the screen before anyone can submit a range.</span></p>\n<p><span style=\"font-size: 14pt;\">This is the end of the instructions. If you have any questions, please raise your hand, and a monitor will come by to answer them. If you are finished with the instructions, please click the <span style=\"color: #ffffff;\"><span style=\"background-color: #198754;\">Start <span class=\"far fa-check-circle\">&nbsp;</span></span> </span>button located in the bottom right of this frame. The instructions will remain on your screen until the experiment begins. <em>We need everyone to click the</em> <span style=\"color: #ffffff;\"><span style=\"background-color: #198754;\">Start <span class=\"far fa-check-circle\">&nbsp;</span></span> </span><em>button before we can begin the experiment.</em></span></p>", "page_number": 4, "timestamp": "2025-03-17T19:38:31.230Z", "updated": "2025-03-17T19:38:31.230Z"}}, {"model": "main.helpdocssubject", "pk": 25, "fields": {"instruction_set": 1, "title": "Chat", "text": "<p><strong><span style=\"font-size: 14pt;\">Chat</span></strong></p>\n<p><span style=\"font-size: 14pt;\">You are free to discuss any aspects of the experiment, with the following exceptions: you may not reveal your name, discuss side payments outside the laboratory, or engage in inappropriate language (including such shorthand as &lsquo;WTF&rsquo;). If you do, you will be excused and forgo your experiment earnings.</span></p>\n<p><span style=\"font-size: 14pt;\">Chatting is disabled once the next set of periods begins.</span></p>", "timestamp": "2025-03-17T19:38:31.247Z", "updated": "2025-03-17T19:38:31.247Z"}}, {"model": "main.helpdocssubject", "pk": 26, "fields": {"instruction_set": 1, "title": "Graph - Free Range", "text": "<p><strong><span style=\"font-size: 14pt;\">Graph</span></strong></p>\n<p><span style=\"font-size: 14pt;\">Along the horizontal axis there is a set of revenue bars. The higher the bar, the more valuable the bar is. You and the other members in your group will each submit a range using the \"Start\" and \"End\" handles at the bottom of your screens.&nbsp;You can select any contiguous range, from&nbsp;one bar up to the entire range of bars. However, anywhere your range overlaps with another person in your group, you must split the revenue of that bar equally.&nbsp;</span></p>\n<p><span style=\"font-size: 14pt;\">You must also pay a cost for each bar in your range, which we represent on the graph with a light #id_label# color. You will lose money if the cost you pay exceeds the revenue you earn for any given bar. Any bar you lose money on will display a \"!\". The graph displays bars outside of all ranges in a white color. Bars within one or more ranges display a stacked graph of the current occupants.</span></p>", "timestamp": "2025-03-17T19:38:31.247Z", "updated": "2025-03-17T19:38:31.247Z"}}, {"model": "main.helpdocssubject", "pk": 27, "fields": {"instruction_set": 1, "title": "Graph - Preserve Order", "text": "<p><strong><span style=\"font-size: 14pt;\">Graph</span></strong></p>\n<p><span style=\"font-size: 14pt;\">Along the horizontal axis there is a set of revenue bars. The higher the bar, the more valuable the bar is. You and the other members in your group will each submit a range using the \"Start\" and \"End\" handles at the bottom of your screens.&nbsp;You can select any contiguous range, from&nbsp;one bar up to the entire range of bars. However, anywhere your range overlaps with another person in your group, you must split the revenue of that bar equally.&nbsp;</span></p>\n<p><span style=\"font-size: 14pt;\">You must also pay a cost for each bar in your range, which we represent on the graph with a light #id_label# color. You will lose money if the cost you pay exceeds the revenue you earn for any given bar. Any bar you lose money on will display a \"!\". The graph displays bars outside of all ranges in a white color. Bars within one or more ranges display a stacked graph of the current occupants.</span></p>\n<p><span style=\"font-size: 14pt;\">Two rules are in effect for allowable ranges. The first rule is that your range's midpoint, which we display as a circle in the middle of your range, cannot go past your immediate neighbors' midpoint. The second rule is that you cannot move your range into another group member's range unless they are your immediate neighbor.</span></p>", "timestamp": "2025-03-17T19:38:31.247Z", "updated": "2025-03-17T19:38:31.247Z"}}, {"model": "main.helpdocssubject", "pk": 28, "fields": {"instruction_set": 1, "title": "Period Block 2", "text": "<p><span style=\"font-size: 14pt;\"><strong>Update</strong></span></p>\n<p><span style=\"font-size: 14pt;\">Before the next set of periods begins, you can chat with the other people in your group using the form in the bottom right corner of your screen.&nbsp;</span><span style=\"font-size: 14pt;\">You are free to discuss any aspects of the experiment, with the following exceptions: you may not reveal your name, discuss side payments outside the laboratory, or engage in inappropriate language (including such shorthand as &lsquo;WTF&rsquo;). If you do, you will be excused and forgo your experiment earnings.</span></p>\n<p><span style=\"font-size: 14pt;\">You and your other group members can transfer profits to each other using the form in the bottom left corner of your screen. The amount of the transfer is in whole US Cents (&cent;).</span></p>\n<p><span style=\"font-size: 14pt;\">Once you have ready, press the<span style=\"font-size: 18.6667px;\">&nbsp;<span style=\"font-size: 14pt;\"><span style=\"color: #ffffff;\"><span style=\"background-color: #198754;\">Ready to Start</span></span></span></span> button. Once everyone has pressed<span style=\"font-size: 18.6667px;\">&nbsp;<span style=\"font-size: 14pt;\"><span style=\"color: #ffffff;\"><span style=\"background-color: #198754;\">Ready to Start</span></span></span></span>, you can update your ranges, but chatting and profit transfers are disabled.</span></p>", "timestamp": "2025-03-17T19:38:31.247Z", "updated": "2025-03-17T19:38:31.247Z"}}, {"model": "main.helpdocssubject", "pk": 29, "fields": {"instruction_set": 1, "title": "Period Block 3", "text": "<p><span style=\"font-size: 14pt;\"><strong>Update</strong></span></p>\n<p><span style=\"font-size: 14pt;\">Two new rules are now in effect for allowable ranges. The first rule is that your range's midpoint, which we display as a circle in the middle of your range, cannot go past your immediate neighbors' midpoint. The second rule is that you cannot move your range into another group member's range unless they are your immediate neighbor.</span></p>\n<p><span style=\"font-size: 14pt;\">These rules apply to all members of your group.</span></p>\n<p><span style=\"font-size: 14pt;\">Once you have ready, press the<span style=\"font-size: 18.6667px;\">&nbsp;<span style=\"font-size: 14pt;\"><span style=\"color: #ffffff;\"><span style=\"background-color: #198754;\">Ready to Start</span></span></span></span> button. Once everyone has pressed<span style=\"font-size: 18.6667px;\">&nbsp;<span style=\"font-size: 14pt;\"><span style=\"color: #ffffff;\"><span style=\"background-color: #198754;\">Ready to Start</span></span></span></span>, you can update your ranges, but chatting and profit transfers are disabled.</span></p>", "timestamp": "2025-03-17T19:38:31.247Z", "updated": "2025-03-17T19:38:31.247Z"}}, {"model": "main.helpdocssubject", "pk": 30, "fields": {"instruction_set": 1, "title": "Transfer Cents", "text": "<p><span style=\"font-size: 14pt;\"><strong>Transfer Profits</strong></span></p>\n<p><span style=\"font-size: 14pt;\">You and your other members of your group can transfer profits to each other using this form. The amount of the transfer is in whole US Cents (&cent;).</span></p>\n<p><span style=\"font-size: 14pt;\">Transfers are disabled once the next set of periods begins.</span></p>", "timestamp": "2025-03-17T19:38:31.247Z", "updated": "2025-03-17T19:38:31.247Z"}}, {"model": "main.parameterset", "pk": 1, "fields": {"period_length": 60, "show_instructions": true, "survey_required": false, "survey_link": "", "prolific_mode": false, "prolific_completion_link": "", "inheritance_window": 10, "reconnection_limit": 25, "test_mode": false, "json_for_session": {"id": 1, "test_mode": 0, "survey_link": "", "period_length": 60, "prolific_mode": 0, "survey_required": 0, "show_instructions": 1, "inheritance_window": 10, "reconnection_limit": 25, "parameter_set_players": {"31": {"id": 31, "start_x": 50, "start_y": 50, "id_label": "1", "hex_color": "0x000000", "player_number": 1, "instruction_set": 1, "instruction_set_label": "One", "parameter_set_player_groups": {"30": {"id": 92, "position": 1, "start_box": 0, "group_number": 1, "parameter_set_period_block": 30}}}}, "parameter_set_treatments": {"47": {"id": 47, "costs": "0.1273,0.1273,0.1273,0.1273", "values": "2.5455,2.5198,2.4941,2.4684,2.4427,2.4169,2.3912,2.3655,2.3398,2.3141,2.2884,2.2627,2.2370,2.2112,2.1855,2.1598,2.1341,2.1084,2.0827,2.0570,2.0313,2.0055,1.9798,1.9541,1.9284,1.9027,1.8770,1.8513,1.8256,1.7998,1.7741,1.7484,1.7227,1.6970,1.6713,1.6456,1.6199,1.5942,1.5684,1.5427,1.5170,1.4913,1.4656,1.4399,1.4142,1.3885,1.3627,1.3370,1.3113,1.2856,1.2599,1.2342,1.2085,1.1828,1.1570,1.1313,1.1056,1.0799,1.0542,1.0285,1.0028,0.9771,0.9513,0.9256,0.8999,0.8742,0.8485,0.8228,0.7971,0.7714,0.7457,0.7199,0.6942,0.6685,0.6428,0.6171,0.5914,0.5657,0.5400,0.5142,0.4885,0.4628,0.4371,0.4114,0.3857,0.3600,0.3343,0.3085,0.2828,0.2571,0.2314,0.2057,0.1800,0.1543,0.1286,0.1028,0.0771,0.0514,0.0257,0.0000", "cost_area": "0.9001", "enable_chat": 0, "range_width": "7.0710", "scale_width": "14.1420", "cost_percent": "0.1000", "id_label_pst": "Start free-for-all", "range_height": "2.5455", "revenue_area": "8.9996", "scale_height": "2.7500", "values_count": 100, "enable_contest": 1, "preserve_order": 0, "scale_height_ticks": 10, "enable_ready_button": 1, "enable_transfer_cents": 0}, "48": {"id": 48, "costs": "0.1273,0.1273,0.1273,0.1273", "values": "2.5455,2.5198,2.4941,2.4684,2.4427,2.4169,2.3912,2.3655,2.3398,2.3141,2.2884,2.2627,2.2370,2.2112,2.1855,2.1598,2.1341,2.1084,2.0827,2.0570,2.0313,2.0055,1.9798,1.9541,1.9284,1.9027,1.8770,1.8513,1.8256,1.7998,1.7741,1.7484,1.7227,1.6970,1.6713,1.6456,1.6199,1.5942,1.5684,1.5427,1.5170,1.4913,1.4656,1.4399,1.4142,1.3885,1.3627,1.3370,1.3113,1.2856,1.2599,1.2342,1.2085,1.1828,1.1570,1.1313,1.1056,1.0799,1.0542,1.0285,1.0028,0.9771,0.9513,0.9256,0.8999,0.8742,0.8485,0.8228,0.7971,0.7714,0.7457,0.7199,0.6942,0.6685,0.6428,0.6171,0.5914,0.5657,0.5400,0.5142,0.4885,0.4628,0.4371,0.4114,0.3857,0.3600,0.3343,0.3085,0.2828,0.2571,0.2314,0.2057,0.1800,0.1543,0.1286,0.1028,0.0771,0.0514,0.0257,0.0000", "cost_area": "0.9001", "enable_chat": 1, "range_width": "7.0710", "scale_width": "14.1420", "cost_percent": "0.1000", "id_label_pst": "Chat only - ready button", "range_height": "2.5455", "revenue_area": "8.9996", "scale_height": "2.7500", "values_count": 100, "enable_contest": 0, "preserve_order": 0, "scale_height_ticks": 10, "enable_ready_button": 1, "enable_transfer_cents": 1}, "49": {"id": 49, "costs": "0.1273,0.1273,0.1273,0.1273", "values": "2.5455,2.5198,2.4941,2.4684,2.4427,2.4169,2.3912,2.3655,2.3398,2.3141,2.2884,2.2627,2.2370,2.2112,2.1855,2.1598,2.1341,2.1084,2.0827,2.0570,2.0313,2.0055,1.9798,1.9541,1.9284,1.9027,1.8770,1.8513,1.8256,1.7998,1.7741,1.7484,1.7227,1.6970,1.6713,1.6456,1.6199,1.5942,1.5684,1.5427,1.5170,1.4913,1.4656,1.4399,1.4142,1.3885,1.3627,1.3370,1.3113,1.2856,1.2599,1.2342,1.2085,1.1828,1.1570,1.1313,1.1056,1.0799,1.0542,1.0285,1.0028,0.9771,0.9513,0.9256,0.8999,0.8742,0.8485,0.8228,0.7971,0.7714,0.7457,0.7199,0.6942,0.6685,0.6428,0.6171,0.5914,0.5657,0.5400,0.5142,0.4885,0.4628,0.4371,0.4114,0.3857,0.3600,0.3343,0.3085,0.2828,0.2571,0.2314,0.2057,0.1800,0.1543,0.1286,0.1028,0.0771,0.0514,0.0257,0.0000", "cost_area": "0.9001", "enable_chat": 0, "range_width": "7.0710", "scale_width": "14.1420", "cost_percent": "0.1000", "id_label_pst": "Start free-for-all (copy)", "range_height": "2.5455", "revenue_area": "8.9996", "scale_height": "2.7500", "values_count": 100, "enable_contest": 1, "preserve_order": 0, "scale_height_ticks": 10, "enable_ready_button": 1, "enable_transfer_cents": 0}}, "prolific_completion_link": "", "parameter_set_periodblocks": {"30": {"id": 30, "help_doc": 25, "period_end": 1, "inheritance": "Preset", "period_start": 1, "help_doc_title": "Chat", "parameter_set_treatment": 48}}, "parameter_set_players_order": [31], "parameter_set_treatments_order": [48, 47, 49], "parameter_set_periodblocks_order": [30]}, "timestamp": "2025-02-05T18:52:39.315Z", "updated": "2025-03-31T20:55:04.813Z"}}, {"model": "main.parameterset", "pk": 5, "fields": {"period_length": 1, "show_instructions": false, "survey_required": false, "survey_link": "http://google.com", "prolific_mode": false, "prolific_completion_link": "", "inheritance_window": 10, "reconnection_limit": 25, "test_mode": false, "json_for_session": {"id": 5, "test_mode": 0, "survey_link": "http://google.com", "period_length": 1, "prolific_mode": 0, "survey_required": 0, "show_instructions": 0, "inheritance_window": 10, "reconnection_limit": 25, "parameter_set_players": {"11": {"id": 11, "start_x": 50, "start_y": 50, "id_label": "Red", "hex_color": "Crimson", "player_number": 1, "instruction_set": 1, "instruction_set_label": "One", "parameter_set_player_groups": {"4": {"id": 16, "position": 1, "start_box": 0, "group_number": 1, "parameter_set_period_block": 4}, "5": {"id": 17, "position": 1, "start_box": 10, "group_number": 1, "parameter_set_period_block": 5}, "8": {"id": 30, "position": 1, "start_box": 0, "group_number": 1, "parameter_set_period_block": 8}}}, "12": {"id": 12, "start_x": 50, "start_y": 50, "id_label": "Purple", "hex_color": "MediumPurple", "player_number": 2, "instruction_set": 1, "instruction_set_label": "One", "parameter_set_player_groups": {"4": {"id": 18, "position": 2, "start_box": 1, "group_number": 1, "parameter_set_period_block": 4}, "5": {"id": 19, "position": 2, "start_box": 20, "group_number": 1, "parameter_set_period_block": 5}, "8": {"id": 31, "position": 1, "start_box": 0, "group_number": 1, "parameter_set_period_block": 8}}}}, "parameter_set_treatments": {"4": {"id": 4, "costs": "1.75,1.75,1.75,1.75", "values": "10.0,9.9,9.8,9.7,9.6,9.5,9.4,9.3,9.2,9.1,9.0,8.9,8.8,8.7,8.6,8.5,8.4,8.3,8.2,8.1,8.0,7.9,7.8,7.7,7.6,7.5,7.4,7.3,7.2,7.1,7.0,6.9,6.8,6.7,6.6,6.5,6.4,6.3,6.2,6.1,6.0,5.9,5.8,5.7,5.6,5.5,5.4,5.3,5.2,5.1,5.0,4.9,4.8,4.7,4.6,4.5,4.4,4.3,4.2,4.1,4.0,3.9,3.8,3.7,3.6,3.5,3.4,3.3,3.2,3.1,3.0,2.9,2.8,2.7,2.6,2.5,2.4,2.3,2.2,2.1,2.0,1.9,1.8,1.7,1.6,1.5,1.4,1.3,1.2,1.1", "cost_area": "0.0000", "enable_chat": 0, "range_width": "5.0000", "scale_width": "5.0000", "cost_percent": "2.0000", "id_label_pst": "1", "range_height": "10.0000", "revenue_area": "0.0000", "scale_height": "2.0000", "values_count": 100, "enable_contest": 1, "preserve_order": 1, "scale_height_ticks": 10, "enable_ready_button": 1, "enable_transfer_cents": 0}, "5": {"id": 5, "costs": "1.75,1.75,1.75,1.75", "values": "5.50, 5.45, 5.40, 5.35, 5.30, 5.25, 5.20, 5.15, 5.10, 5.05, 5.00, 4.95, 4.90, 4.85, 4.80, 4.75, 4.70, 4.65, 4.60, 4.55, 4.50, 4.45, 4.40, 4.35, 4.30, 4.25, 4.20, 4.15, 4.10, 4.05, 4.00, 3.95, 3.90, 3.85, 3.80, 3.75, 3.70, 3.65, 3.60, 3.55, 3.50, 3.45, 3.40, 3.35, 3.30, 3.25, 3.20, 3.15, 3.10, 3.05, 3.00, 2.95, 2.90, 2.85, 2.80, 2.75, 2.70, 2.65, 2.60, 2.55, 2.50, 2.45, 2.40, 2.35, 2.30, 2.25, 2.20, 2.15, 2.10, 2.05, 2.00, 1.95, 1.90, 1.85, 1.80, 1.75, 1.70, 1.65, 1.60, 1.55, 1.50, 1.45, 1.40, 1.35, 1.30, 1.25, 1.20, 1.15, 1.10, 1.05, 1.00", "cost_area": "0.0000", "enable_chat": 1, "range_width": "5.0000", "scale_width": "5.0000", "cost_percent": "2.0000", "id_label_pst": "2", "range_height": "10.0000", "revenue_area": "0.0000", "scale_height": "2.0000", "values_count": 100, "enable_contest": 1, "preserve_order": 0, "scale_height_ticks": 10, "enable_ready_button": 1, "enable_transfer_cents": 1}}, "prolific_completion_link": "", "parameter_set_periodblocks": {"4": {"id": 4, "help_doc": null, "period_end": 5, "inheritance": "Preset", "period_start": 1, "help_doc_title": null, "parameter_set_treatment": 4}, "5": {"id": 5, "help_doc": null, "period_end": 200, "inheritance": "Preset", "period_start": 6, "help_doc_title": null, "parameter_set_treatment": 5}, "8": {"id": 8, "help_doc": null, "period_end": 300, "inheritance": "Preset", "period_start": 201, "help_doc_title": null, "parameter_set_treatment": 5}}, "parameter_set_players_order": [11, 12], "parameter_set_treatments_order": [4, 5], "parameter_set_periodblocks_order": [4, 5, 8]}, "timestamp": "2025-02-14T22:20:29.408Z", "updated": "2025-03-31T21:00:35.884Z"}}, {"model": "main.parameterset", "pk": 6, "fields": {"period_length": 1, "show_instructions": false, "survey_required": false, "survey_link": "http://google.com", "prolific_mode": false, "prolific_completion_link": "", "inheritance_window": 10, "reconnection_limit": 25, "test_mode": true, "json_for_session": {"id": 6, "test_mode": 1, "survey_link": "http://google.com", "period_length": 1, "prolific_mode": 0, "survey_required": 0, "show_instructions": 0, "inheritance_window": 10, "reconnection_limit": 25, "parameter_set_players": {"16": {"id": 16, "start_x": 50, "start_y": 50, "id_label": "Red", "hex_color": "Crimson", "player_number": 1, "instruction_set": 1, "instruction_set_label": "One", "parameter_set_player_groups": {"9": {"id": 32, "position": 1, "start_box": 0, "group_number": 1, "parameter_set_period_block": 9}, "11": {"id": 39, "position": 1, "start_box": 0, "group_number": 1, "parameter_set_period_block": 11}, "17": {"id": 54, "position": 1, "start_box": 0, "group_number": 1, "parameter_set_period_block": 17}}}, "17": {"id": 17, "start_x": 50, "start_y": 50, "id_label": "Purple", "hex_color": "MediumPurple", "player_number": 2, "instruction_set": 1, "instruction_set_label": "One", "parameter_set_player_groups": {"9": {"id": 33, "position": 2, "start_box": 1, "group_number": 1, "parameter_set_period_block": 9}, "11": {"id": 40, "position": 2, "start_box": 1, "group_number": 1, "parameter_set_period_block": 11}, "17": {"id": 55, "position": 2, "start_box": 1, "group_number": 1, "parameter_set_period_block": 17}}}}, "parameter_set_treatments": {"6": {"id": 6, "costs": "1.75,1.75,1.75,1.75", "values": "10.0,9.9,9.8,9.7,9.6,9.5,9.4,9.3,9.2,9.1,9.0,8.9,8.8,8.7,8.6,8.5,8.4,8.3,8.2,8.1,8.0,7.9,7.8,7.7,7.6,7.5,7.4,7.3,7.2,7.1,7.0,6.9,6.8,6.7,6.6,6.5,6.4,6.3,6.2,6.1,6.0,5.9,5.8,5.7,5.6,5.5,5.4,5.3,5.2,5.1,5.0,4.9,4.8,4.7,4.6,4.5,4.4,4.3,4.2,4.1,4.0,3.9,3.8,3.7,3.6,3.5,3.4,3.3,3.2,3.1,3.0,2.9,2.8,2.7,2.6,2.5,2.4,2.3,2.2,2.1,2.0,1.9,1.8,1.7,1.6,1.5,1.4,1.3,1.2,1.1", "cost_area": "0.0000", "enable_chat": 0, "range_width": "5.0000", "scale_width": "5.0000", "cost_percent": "2.0000", "id_label_pst": "1 with ready", "range_height": "10.0000", "revenue_area": "0.0000", "scale_height": "2.0000", "values_count": 100, "enable_contest": 1, "preserve_order": 0, "scale_height_ticks": 10, "enable_ready_button": 1, "enable_transfer_cents": 0}, "7": {"id": 7, "costs": "1.75,1.75,1.75,1.75", "values": "5.50, 5.45, 5.40, 5.35, 5.30, 5.25, 5.20, 5.15, 5.10, 5.05, 5.00, 4.95, 4.90, 4.85, 4.80, 4.75, 4.70, 4.65, 4.60, 4.55, 4.50, 4.45, 4.40, 4.35, 4.30, 4.25, 4.20, 4.15, 4.10, 4.05, 4.00, 3.95, 3.90, 3.85, 3.80, 3.75, 3.70, 3.65, 3.60, 3.55, 3.50, 3.45, 3.40, 3.35, 3.30, 3.25, 3.20, 3.15, 3.10, 3.05, 3.00, 2.95, 2.90, 2.85, 2.80, 2.75, 2.70, 2.65, 2.60, 2.55, 2.50, 2.45, 2.40, 2.35, 2.30, 2.25, 2.20, 2.15, 2.10, 2.05, 2.00, 1.95, 1.90, 1.85, 1.80, 1.75, 1.70, 1.65, 1.60, 1.55, 1.50, 1.45, 1.40, 1.35, 1.30, 1.25, 1.20, 1.15, 1.10, 1.05, 1.00", "cost_area": "0.0000", "enable_chat": 1, "range_width": "5.0000", "scale_width": "5.0000", "cost_percent": "2.0000", "id_label_pst": "2", "range_height": "10.0000", "revenue_area": "0.0000", "scale_height": "2.0000", "values_count": 100, "enable_contest": 1, "preserve_order": 0, "scale_height_ticks": 10, "enable_ready_button": 1, "enable_transfer_cents": 1}, "16": {"id": 16, "costs": "1.75,1.75,1.75,1.75", "values": "10.0,9.9,9.8,9.7,9.6,9.5,9.4,9.3,9.2,9.1,9.0,8.9,8.8,8.7,8.6,8.5,8.4,8.3,8.2,8.1,8.0,7.9,7.8,7.7,7.6,7.5,7.4,7.3,7.2,7.1,7.0,6.9,6.8,6.7,6.6,6.5,6.4,6.3,6.2,6.1,6.0,5.9,5.8,5.7,5.6,5.5,5.4,5.3,5.2,5.1,5.0,4.9,4.8,4.7,4.6,4.5,4.4,4.3,4.2,4.1,4.0,3.9,3.8,3.7,3.6,3.5,3.4,3.3,3.2,3.1,3.0,2.9,2.8,2.7,2.6,2.5,2.4,2.3,2.2,2.1,2.0,1.9,1.8,1.7,1.6,1.5,1.4,1.3,1.2,1.1", "cost_area": "0.0000", "enable_chat": 1, "range_width": "5.0000", "scale_width": "5.0000", "cost_percent": "2.0000", "id_label_pst": "1 chat only", "range_height": "10.0000", "revenue_area": "0.0000", "scale_height": "2.0000", "values_count": 100, "enable_contest": 0, "preserve_order": 0, "scale_height_ticks": 10, "enable_ready_button": 0, "enable_transfer_cents": 1}, "17": {"id": 17, "costs": "1.75,1.75,1.75,1.75", "values": "10.0,9.9,9.8,9.7,9.6,9.5,9.4,9.3,9.2,9.1,9.0,8.9,8.8,8.7,8.6,8.5,8.4,8.3,8.2,8.1,8.0,7.9,7.8,7.7,7.6,7.5,7.4,7.3,7.2,7.1,7.0,6.9,6.8,6.7,6.6,6.5,6.4,6.3,6.2,6.1,6.0,5.9,5.8,5.7,5.6,5.5,5.4,5.3,5.2,5.1,5.0,4.9,4.8,4.7,4.6,4.5,4.4,4.3,4.2,4.1,4.0,3.9,3.8,3.7,3.6,3.5,3.4,3.3,3.2,3.1,3.0,2.9,2.8,2.7,2.6,2.5,2.4,2.3,2.2,2.1,2.0,1.9,1.8,1.7,1.6,1.5,1.4,1.3,1.2,1.1", "cost_area": "0.0000", "enable_chat": 1, "range_width": "5.0000", "scale_width": "5.0000", "cost_percent": "2.0000", "id_label_pst": "1 with chat", "range_height": "10.0000", "revenue_area": "0.0000", "scale_height": "2.0000", "values_count": 100, "enable_contest": 1, "preserve_order": 0, "scale_height_ticks": 10, "enable_ready_button": 1, "enable_transfer_cents": 1}}, "prolific_completion_link": "", "parameter_set_periodblocks": {"9": {"id": 9, "help_doc": null, "period_end": 10, "inheritance": "Preset", "period_start": 1, "help_doc_title": null, "parameter_set_treatment": 6}, "11": {"id": 11, "help_doc": null, "period_end": 20, "inheritance": "Preset", "period_start": 11, "help_doc_title": null, "parameter_set_treatment": 16}, "17": {"id": 17, "help_doc": null, "period_end": 30, "inheritance": "Preset", "period_start": 21, "help_doc_title": null, "parameter_set_treatment": 17}}, "parameter_set_players_order": [16, 17], "parameter_set_treatments_order": [16, 17, 6, 7], "parameter_set_periodblocks_order": [9, 11, 17]}, "timestamp": "2025-03-04T22:06:15.286Z", "updated": "2025-03-31T17:25:32.398Z"}}, {"model": "main.parameterset", "pk": 7, "fields": {"period_length": 1, "show_instructions": true, "survey_required": false, "survey_link": "", "prolific_mode": false, "prolific_completion_link": "", "inheritance_window": 10, "reconnection_limit": 25, "test_mode": false, "json_for_session": {"id": 7, "test_mode": 0, "survey_link": "", "period_length": 1, "prolific_mode": 0, "survey_required": 0, "show_instructions": 1, "inheritance_window": 10, "reconnection_limit": 25, "parameter_set_players": {"23": {"id": 23, "start_x": 50, "start_y": 50, "id_label": "Red", "hex_color": "IndianRed", "player_number": 1, "instruction_set": 1, "instruction_set_label": "One", "parameter_set_player_groups": {"31": {"id": 68, "position": 1, "start_box": 10, "group_number": 1, "parameter_set_period_block": 31}, "32": {"id": 69, "position": 1, "start_box": 0, "group_number": 1, "parameter_set_period_block": 32}, "33": {"id": 70, "position": 1, "start_box": 0, "group_number": 1, "parameter_set_period_block": 33}}}, "24": {"id": 24, "start_x": 50, "start_y": 50, "id_label": "Purple", "hex_color": "MediumPurple", "player_number": 2, "instruction_set": null, "instruction_set_label": "---", "parameter_set_player_groups": {"31": {"id": 71, "position": 2, "start_box": 20, "group_number": 1, "parameter_set_period_block": 31}, "32": {"id": 72, "position": 2, "start_box": 0, "group_number": 1, "parameter_set_period_block": 32}, "33": {"id": 73, "position": 2, "start_box": 0, "group_number": 1, "parameter_set_period_block": 33}}}, "25": {"id": 25, "start_x": 50, "start_y": 50, "id_label": "Blue", "hex_color": "CornflowerBlue", "player_number": 3, "instruction_set": null, "instruction_set_label": "---", "parameter_set_player_groups": {"31": {"id": 74, "position": 3, "start_box": 30, "group_number": 1, "parameter_set_period_block": 31}, "32": {"id": 75, "position": 3, "start_box": 0, "group_number": 1, "parameter_set_period_block": 32}, "33": {"id": 76, "position": 3, "start_box": 0, "group_number": 1, "parameter_set_period_block": 33}}}, "26": {"id": 26, "start_x": 50, "start_y": 50, "id_label": "Orange", "hex_color": "Orange", "player_number": 4, "instruction_set": null, "instruction_set_label": "---", "parameter_set_player_groups": {"31": {"id": 77, "position": 4, "start_box": 40, "group_number": 1, "parameter_set_period_block": 31}, "32": {"id": 78, "position": 4, "start_box": 0, "group_number": 1, "parameter_set_period_block": 32}, "33": {"id": 79, "position": 4, "start_box": 0, "group_number": 1, "parameter_set_period_block": 33}}}, "27": {"id": 27, "start_x": 50, "start_y": 50, "id_label": "Red", "hex_color": "IndianRed", "player_number": 5, "instruction_set": null, "instruction_set_label": "---", "parameter_set_player_groups": {"31": {"id": 80, "position": 1, "start_box": 0, "group_number": 2, "parameter_set_period_block": 31}, "32": {"id": 81, "position": 1, "start_box": 0, "group_number": 2, "parameter_set_period_block": 32}, "33": {"id": 82, "position": 1, "start_box": 0, "group_number": 2, "parameter_set_period_block": 33}}}, "28": {"id": 28, "start_x": 50, "start_y": 50, "id_label": "Purple", "hex_color": "MediumPurple", "player_number": 6, "instruction_set": null, "instruction_set_label": "---", "parameter_set_player_groups": {"31": {"id": 83, "position": 2, "start_box": 0, "group_number": 2, "parameter_set_period_block": 31}, "32": {"id": 84, "position": 2, "start_box": 0, "group_number": 2, "parameter_set_period_block": 32}, "33": {"id": 85, "position": 2, "start_box": 0, "group_number": 2, "parameter_set_period_block": 33}}}, "29": {"id": 29, "start_x": 50, "start_y": 50, "id_label": "Blue", "hex_color": "CornflowerBlue", "player_number": 7, "instruction_set": null, "instruction_set_label": "---", "parameter_set_player_groups": {"31": {"id": 86, "position": 3, "start_box": 0, "group_number": 2, "parameter_set_period_block": 31}, "32": {"id": 87, "position": 3, "start_box": 0, "group_number": 2, "parameter_set_period_block": 32}, "33": {"id": 88, "position": 3, "start_box": 0, "group_number": 2, "parameter_set_period_block": 33}}}, "30": {"id": 30, "start_x": 50, "start_y": 50, "id_label": "Orange", "hex_color": "Orange", "player_number": 8, "instruction_set": null, "instruction_set_label": "---", "parameter_set_player_groups": {"31": {"id": 89, "position": 4, "start_box": 0, "group_number": 2, "parameter_set_period_block": 31}, "32": {"id": 90, "position": 4, "start_box": 0, "group_number": 2, "parameter_set_period_block": 32}, "33": {"id": 91, "position": 4, "start_box": 0, "group_number": 2, "parameter_set_period_block": 33}}}}, "parameter_set_treatments": {"51": {"id": 51, "costs": "0.0707,0.0707,0.0707,0.0707", "values": "1.4142,1.3999,1.3856,1.3713,1.3571,1.3428,1.3285,1.3142,1.2999,1.2856,1.2714,1.2571,1.2428,1.2285,1.2142,1.1999,1.1856,1.1714,1.1571,1.1428,1.1285,1.1142,1.0999,1.0856,1.0714,1.0571,1.0428,1.0285,1.0142,0.9999,0.9857,0.9714,0.9571,0.9428,0.9285,0.9142,0.8999,0.8857,0.8714,0.8571,0.8428,0.8285,0.8142,0.8000,0.7857,0.7714,0.7571,0.7428,0.7285,0.7142,0.7000,0.6857,0.6714,0.6571,0.6428,0.6285,0.6142,0.6000,0.5857,0.5714,0.5571,0.5428,0.5285,0.5143,0.5000,0.4857,0.4714,0.4571,0.4428,0.4285,0.4143,0.4000,0.3857,0.3714,0.3571,0.3428,0.3286,0.3143,0.3000,0.2857,0.2714,0.2571,0.2428,0.2286,0.2143,0.2000,0.1857,0.1714,0.1571,0.1428,0.1286,0.1143,0.1000,0.0857,0.0714,0.0571,0.0429,0.0286,0.0143,0.0000", "cost_area": "0.1000", "enable_chat": 1, "range_width": "1.4142", "scale_width": "1.4142", "cost_percent": "0.1000", "id_label_pst": "Area 1", "range_height": "1.4142", "revenue_area": "1.0000", "scale_height": "1.4142", "values_count": 100, "enable_contest": 1, "preserve_order": 1, "scale_height_ticks": 10, "enable_ready_button": 1, "enable_transfer_cents": 1}, "52": {"id": 52, "costs": "0.1273,0.1273,0.1273,0.1273", "values": "2.5455,2.5198,2.4941,2.4684,2.4427,2.4169,2.3912,2.3655,2.3398,2.3141,2.2884,2.2627,2.2370,2.2112,2.1855,2.1598,2.1341,2.1084,2.0827,2.0570,2.0313,2.0055,1.9798,1.9541,1.9284,1.9027,1.8770,1.8513,1.8256,1.7998,1.7741,1.7484,1.7227,1.6970,1.6713,1.6456,1.6199,1.5942,1.5684,1.5427,1.5170,1.4913,1.4656,1.4399,1.4142,1.3885,1.3627,1.3370,1.3113,1.2856,1.2599,1.2342,1.2085,1.1828,1.1570,1.1313,1.1056,1.0799,1.0542,1.0285,1.0028,0.9771,0.9513,0.9256,0.8999,0.8742,0.8485,0.8228,0.7971,0.7714,0.7457,0.7199,0.6942,0.6685,0.6428,0.6171,0.5914,0.5657,0.5400,0.5142,0.4885,0.4628,0.4371,0.4114,0.3857,0.3600,0.3343,0.3085,0.2828,0.2571,0.2314,0.2057,0.1800,0.1543,0.1286,0.1028,0.0771,0.0514,0.0257,0.0000", "cost_area": "0.9001", "enable_chat": 1, "range_width": "7.0710", "scale_width": "14.1420", "cost_percent": "0.1000", "id_label_pst": "Tall", "range_height": "2.5455", "revenue_area": "8.9996", "scale_height": "2.7500", "values_count": 100, "enable_contest": 1, "preserve_order": 0, "scale_height_ticks": 10, "enable_ready_button": 1, "enable_transfer_cents": 1}, "53": {"id": 53, "costs": "0.0636,0.0636,0.0636,0.0636", "values": "1.2729,1.2600,1.2472,1.2343,1.2215,1.2086,1.1958,1.1829,1.1700,1.1572,1.1443,1.1315,1.1186,1.1058,1.0929,1.0800,1.0672,1.0543,1.0415,1.0286,1.0157,1.0029,0.9900,0.9772,0.9643,0.9515,0.9386,0.9257,0.9129,0.9000,0.8872,0.8743,0.8615,0.8486,0.8357,0.8229,0.8100,0.7972,0.7843,0.7715,0.7586,0.7457,0.7329,0.7200,0.7072,0.6943,0.6815,0.6686,0.6557,0.6429,0.6300,0.6172,0.6043,0.5914,0.5786,0.5657,0.5529,0.5400,0.5272,0.5143,0.5014,0.4886,0.4757,0.4629,0.4500,0.4372,0.4243,0.4114,0.3986,0.3857,0.3729,0.3600,0.3472,0.3343,0.3214,0.3086,0.2957,0.2829,0.2700,0.2572,0.2443,0.2314,0.2186,0.2057,0.1929,0.1800,0.1671,0.1543,0.1414,0.1286,0.1157,0.1029,0.0900,0.0771,0.0643,0.0514,0.0386,0.0257,0.0129,-0.0000", "cost_area": "0.8994", "enable_chat": 1, "range_width": "14.1420", "scale_width": "14.1420", "cost_percent": "0.1000", "id_label_pst": "Wide", "range_height": "1.2729", "revenue_area": "9.0007", "scale_height": "2.7500", "values_count": 100, "enable_contest": 1, "preserve_order": 0, "scale_height_ticks": 10, "enable_ready_button": 1, "enable_transfer_cents": 1}}, "prolific_completion_link": "", "parameter_set_periodblocks": {"31": {"id": 31, "help_doc": null, "period_end": 10, "inheritance": "Preset", "period_start": 1, "help_doc_title": null, "parameter_set_treatment": 51}, "32": {"id": 32, "help_doc": null, "period_end": 20, "inheritance": "Copy", "period_start": 11, "help_doc_title": null, "parameter_set_treatment": 52}, "33": {"id": 33, "help_doc": null, "period_end": 30, "inheritance": "Midpoint", "period_start": 21, "help_doc_title": null, "parameter_set_treatment": 52}}, "parameter_set_players_order": [23, 24, 25, 26, 27, 28, 29, 30], "parameter_set_treatments_order": [51, 52, 53], "parameter_set_periodblocks_order": [31, 32, 33]}, "timestamp": "2025-03-31T20:06:28.566Z", "updated": "2025-03-31T21:07:39.031Z"}}, {"model": "main.parameterset", "pk": 8, "fields": {"period_length": 1, "show_instructions": false, "survey_required": false, "survey_link": "http://google.com", "prolific_mode": false, "prolific_completion_link": "", "inheritance_window": 10, "reconnection_limit": 25, "test_mode": false, "json_for_session": {"id": 8, "test_mode": 0, "survey_link": "http://google.com", "period_length": 1, "prolific_mode": 0, "survey_required": 0, "show_instructions": 0, "inheritance_window": 10, "reconnection_limit": 25, "parameter_set_players": {"36": {"id": 36, "start_x": 50, "start_y": 50, "id_label": "Red", "hex_color": "Crimson", "player_number": 1, "instruction_set": 1, "instruction_set_label": "One", "parameter_set_player_groups": {"40": {"id": 105, "position": 1, "start_box": 0, "group_number": 1, "parameter_set_period_block": 40}, "41": {"id": 106, "position": 1, "start_box": 10, "group_number": 1, "parameter_set_period_block": 41}, "42": {"id": 107, "position": 1, "start_box": 0, "group_number": 1, "parameter_set_period_block": 42}}}, "37": {"id": 37, "start_x": 50, "start_y": 50, "id_label": "Purple", "hex_color": "MediumPurple", "player_number": 2, "instruction_set": 1, "instruction_set_label": "One", "parameter_set_player_groups": {"40": {"id": 108, "position": 2, "start_box": 1, "group_number": 1, "parameter_set_period_block": 40}, "41": {"id": 109, "position": 2, "start_box": 20, "group_number": 1, "parameter_set_period_block": 41}, "42": {"id": 110, "position": 1, "start_box": 0, "group_number": 1, "parameter_set_period_block": 42}}}}, "parameter_set_treatments": {"58": {"id": 58, "costs": "1.75,1.75,1.75,1.75", "values": "10.0,9.9,9.8,9.7,9.6,9.5,9.4,9.3,9.2,9.1,9.0,8.9,8.8,8.7,8.6,8.5,8.4,8.3,8.2,8.1,8.0,7.9,7.8,7.7,7.6,7.5,7.4,7.3,7.2,7.1,7.0,6.9,6.8,6.7,6.6,6.5,6.4,6.3,6.2,6.1,6.0,5.9,5.8,5.7,5.6,5.5,5.4,5.3,5.2,5.1,5.0,4.9,4.8,4.7,4.6,4.5,4.4,4.3,4.2,4.1,4.0,3.9,3.8,3.7,3.6,3.5,3.4,3.3,3.2,3.1,3.0,2.9,2.8,2.7,2.6,2.5,2.4,2.3,2.2,2.1,2.0,1.9,1.8,1.7,1.6,1.5,1.4,1.3,1.2,1.1", "cost_area": "0.0000", "enable_chat": 0, "range_width": "5.0000", "scale_width": "5.0000", "cost_percent": "2.0000", "id_label_pst": "1", "range_height": "10.0000", "revenue_area": "0.0000", "scale_height": "2.0000", "values_count": 100, "enable_contest": 1, "preserve_order": 1, "scale_height_ticks": 10, "enable_ready_button": 1, "enable_transfer_cents": 0}, "59": {"id": 59, "costs": "1.75,1.75,1.75,1.75", "values": "5.50, 5.45, 5.40, 5.35, 5.30, 5.25, 5.20, 5.15, 5.10, 5.05, 5.00, 4.95, 4.90, 4.85, 4.80, 4.75, 4.70, 4.65, 4.60, 4.55, 4.50, 4.45, 4.40, 4.35, 4.30, 4.25, 4.20, 4.15, 4.10, 4.05, 4.00, 3.95, 3.90, 3.85, 3.80, 3.75, 3.70, 3.65, 3.60, 3.55, 3.50, 3.45, 3.40, 3.35, 3.30, 3.25, 3.20, 3.15, 3.10, 3.05, 3.00, 2.95, 2.90, 2.85, 2.80, 2.75, 2.70, 2.65, 2.60, 2.55, 2.50, 2.45, 2.40, 2.35, 2.30, 2.25, 2.20, 2.15, 2.10, 2.05, 2.00, 1.95, 1.90, 1.85, 1.80, 1.75, 1.70, 1.65, 1.60, 1.55, 1.50, 1.45, 1.40, 1.35, 1.30, 1.25, 1.20, 1.15, 1.10, 1.05, 1.00", "cost_area": "0.0000", "enable_chat": 1, "range_width": "5.0000", "scale_width": "5.0000", "cost_percent": "2.0000", "id_label_pst": "2", "range_height": "10.0000", "revenue_area": "0.0000", "scale_height": "2.0000", "values_count": 100, "enable_contest": 1, "preserve_order": 0, "scale_height_ticks": 10, "enable_ready_button": 1, "enable_transfer_cents": 1}}, "prolific_completion_link": "", "parameter_set_periodblocks": {"40": {"id": 40, "help_doc": null, "period_end": 5, "inheritance": "Preset", "period_start": 1, "help_doc_title": null, "parameter_set_treatment": 58}, "41": {"id": 41, "help_doc": null, "period_end": 200, "inheritance": "Preset", "period_start": 6, "help_doc_title": null, "parameter_set_treatment": 59}, "42": {"id": 42, "help_doc": null, "period_end": 300, "inheritance": "Preset", "period_start": 201, "help_doc_title": null, "parameter_set_treatment": 59}}, "parameter_set_players_order": [36, 37], "parameter_set_treatments_order": [58, 59], "parameter_set_periodblocks_order": [40, 41, 42]}, "timestamp": "2025-03-31T20:59:19.007Z", "updated": "2025-03-31T21:02:07.469Z"}}, {"model": "main.parametersetplayer", "pk": 11, "fields": {"parameter_set": 5, "instruction_set": 1, "id_label": "Red", "player_number": 1, "start_x": 50, "start_y": 50, "hex_color": "Crimson", "timestamp": "2025-02-26T19:00:51.248Z", "updated": "2025-03-12T18:35:48.420Z"}}, {"model": "main.parametersetplayer", "pk": 12, "fields": {"parameter_set": 5, "instruction_set": 1, "id_label": "Purple", "player_number": 2, "start_x": 50, "start_y": 50, "hex_color": "MediumPurple", "timestamp": "2025-02-26T19:00:51.262Z", "updated": "2025-03-12T18:35:48.428Z"}}, {"model": "main.parametersetplayer", "pk": 16, "fields": {"parameter_set": 6, "instruction_set": 1, "id_label": "Red", "player_number": 1, "start_x": 50, "start_y": 50, "hex_color": "Crimson", "timestamp": "2025-03-04T22:06:26.155Z", "updated": "2025-03-13T18:15:04.623Z"}}, {"model": "main.parametersetplayer", "pk": 17, "fields": {"parameter_set": 6, "instruction_set": 1, "id_label": "Purple", "player_number": 2, "start_x": 50, "start_y": 50, "hex_color": "MediumPurple", "timestamp": "2025-03-04T22:06:26.170Z", "updated": "2025-03-13T18:15:04.635Z"}}, {"model": "main.parametersetplayer", "pk": 23, "fields": {"parameter_set": 7, "instruction_set": 1, "id_label": "Red", "player_number": 1, "start_x": 50, "start_y": 50, "hex_color": "IndianRed", "timestamp": "2025-03-31T20:06:59.096Z", "updated": "2025-03-31T20:52:32.119Z"}}, {"model": "main.parametersetplayer", "pk": 24, "fields": {"parameter_set": 7, "instruction_set": null, "id_label": "Purple", "player_number": 2, "start_x": 50, "start_y": 50, "hex_color": "MediumPurple", "timestamp": "2025-03-31T20:06:59.114Z", "updated": "2025-03-31T20:06:59.237Z"}}, {"model": "main.parametersetplayer", "pk": 25, "fields": {"parameter_set": 7, "instruction_set": null, "id_label": "Blue", "player_number": 3, "start_x": 50, "start_y": 50, "hex_color": "CornflowerBlue", "timestamp": "2025-03-31T20:06:59.130Z", "updated": "2025-03-31T20:06:59.247Z"}}, {"model": "main.parametersetplayer", "pk": 26, "fields": {"parameter_set": 7, "instruction_set": null, "id_label": "Orange", "player_number": 4, "start_x": 50, "start_y": 50, "hex_color": "Orange", "timestamp": "2025-03-31T20:06:59.145Z", "updated": "2025-03-31T20:06:59.259Z"}}, {"model": "main.parametersetplayer", "pk": 27, "fields": {"parameter_set": 7, "instruction_set": null, "id_label": "Red", "player_number": 5, "start_x": 50, "start_y": 50, "hex_color": "IndianRed", "timestamp": "2025-03-31T20:06:59.159Z", "updated": "2025-03-31T20:06:59.268Z"}}, {"model": "main.parametersetplayer", "pk": 28, "fields": {"parameter_set": 7, "instruction_set": null, "id_label": "Purple", "player_number": 6, "start_x": 50, "start_y": 50, "hex_color": "MediumPurple", "timestamp": "2025-03-31T20:06:59.173Z", "updated": "2025-03-31T20:06:59.278Z"}}, {"model": "main.parametersetplayer", "pk": 29, "fields": {"parameter_set": 7, "instruction_set": null, "id_label": "Blue", "player_number": 7, "start_x": 50, "start_y": 50, "hex_color": "CornflowerBlue", "timestamp": "2025-03-31T20:06:59.187Z", "updated": "2025-03-31T20:06:59.287Z"}}, {"model": "main.parametersetplayer", "pk": 30, "fields": {"parameter_set": 7, "instruction_set": null, "id_label": "Orange", "player_number": 8, "start_x": 50, "start_y": 50, "hex_color": "Orange", "timestamp": "2025-03-31T20:06:59.202Z", "updated": "2025-03-31T20:06:59.296Z"}}, {"model": "main.parametersetplayer", "pk": 31, "fields": {"parameter_set": 1, "instruction_set": 1, "id_label": "1", "player_number": 1, "start_x": 50, "start_y": 50, "hex_color": "0x000000", "timestamp": "2025-03-31T20:54:54.143Z", "updated": "2025-03-31T20:54:58.054Z"}}, {"model": "main.parametersetplayer", "pk": 36, "fields": {"parameter_set": 8, "instruction_set": 1, "id_label": "Red", "player_number": 1, "start_x": 50, "start_y": 50, "hex_color": "Crimson", "timestamp": "2025-03-31T21:02:07.383Z", "updated": "2025-03-31T21:02:07.431Z"}}, {"model": "main.parametersetplayer", "pk": 37, "fields": {"parameter_set": 8, "instruction_set": 1, "id_label": "Purple", "player_number": 2, "start_x": 50, "start_y": 50, "hex_color": "MediumPurple", "timestamp": "2025-03-31T21:02:07.400Z", "updated": "2025-03-31T21:02:07.442Z"}}, {"model": "main.parametersettreatment", "pk": 4, "fields": {"parameter_set": 5, "id_label_pst": "1", "range_width": "5.0000", "range_height": "10.0000", "scale_width": "5.0000", "scale_height": "2.0000", "values": "10.0,9.9,9.8,9.7,9.6,9.5,9.4,9.3,9.2,9.1,9.0,8.9,8.8,8.7,8.6,8.5,8.4,8.3,8.2,8.1,8.0,7.9,7.8,7.7,7.6,7.5,7.4,7.3,7.2,7.1,7.0,6.9,6.8,6.7,6.6,6.5,6.4,6.3,6.2,6.1,6.0,5.9,5.8,5.7,5.6,5.5,5.4,5.3,5.2,5.1,5.0,4.9,4.8,4.7,4.6,4.5,4.4,4.3,4.2,4.1,4.0,3.9,3.8,3.7,3.6,3.5,3.4,3.3,3.2,3.1,3.0,2.9,2.8,2.7,2.6,2.5,2.4,2.3,2.2,2.1,2.0,1.9,1.8,1.7,1.6,1.5,1.4,1.3,1.2,1.1", "values_count": 100, "scale_height_ticks": 10, "costs": "1.75,1.75,1.75,1.75", "cost_percent": "2.0000", "cost_area": "0.0000", "revenue_area": "0.0000", "preserve_order": true, "enable_chat": false, "enable_transfer_cents": false, "enable_contest": true, "enable_ready_button": true, "timestamp": "2025-02-26T19:00:51.205Z", "updated": "2025-03-06T16:45:04.934Z"}}, {"model": "main.parametersettreatment", "pk": 5, "fields": {"parameter_set": 5, "id_label_pst": "2", "range_width": "5.0000", "range_height": "10.0000", "scale_width": "5.0000", "scale_height": "2.0000", "values": "5.50, 5.45, 5.40, 5.35, 5.30, 5.25, 5.20, 5.15, 5.10, 5.05, 5.00, 4.95, 4.90, 4.85, 4.80, 4.75, 4.70, 4.65, 4.60, 4.55, 4.50, 4.45, 4.40, 4.35, 4.30, 4.25, 4.20, 4.15, 4.10, 4.05, 4.00, 3.95, 3.90, 3.85, 3.80, 3.75, 3.70, 3.65, 3.60, 3.55, 3.50, 3.45, 3.40, 3.35, 3.30, 3.25, 3.20, 3.15, 3.10, 3.05, 3.00, 2.95, 2.90, 2.85, 2.80, 2.75, 2.70, 2.65, 2.60, 2.55, 2.50, 2.45, 2.40, 2.35, 2.30, 2.25, 2.20, 2.15, 2.10, 2.05, 2.00, 1.95, 1.90, 1.85, 1.80, 1.75, 1.70, 1.65, 1.60, 1.55, 1.50, 1.45, 1.40, 1.35, 1.30, 1.25, 1.20, 1.15, 1.10, 1.05, 1.00", "values_count": 100, "scale_height_ticks": 10, "costs": "1.75,1.75,1.75,1.75", "cost_percent": "2.0000", "cost_area": "0.0000", "revenue_area": "0.0000", "preserve_order": false, "enable_chat": true, "enable_transfer_cents": true, "enable_contest": true, "enable_ready_button": true, "timestamp": "2025-02-26T19:00:51.210Z", "updated": "2025-03-03T17:42:52.799Z"}}, {"model": "main.parametersettreatment", "pk": 6, "fields": {"parameter_set": 6, "id_label_pst": "1 with ready", "range_width": "5.0000", "range_height": "10.0000", "scale_width": "5.0000", "scale_height": "2.0000", "values": "10.0,9.9,9.8,9.7,9.6,9.5,9.4,9.3,9.2,9.1,9.0,8.9,8.8,8.7,8.6,8.5,8.4,8.3,8.2,8.1,8.0,7.9,7.8,7.7,7.6,7.5,7.4,7.3,7.2,7.1,7.0,6.9,6.8,6.7,6.6,6.5,6.4,6.3,6.2,6.1,6.0,5.9,5.8,5.7,5.6,5.5,5.4,5.3,5.2,5.1,5.0,4.9,4.8,4.7,4.6,4.5,4.4,4.3,4.2,4.1,4.0,3.9,3.8,3.7,3.6,3.5,3.4,3.3,3.2,3.1,3.0,2.9,2.8,2.7,2.6,2.5,2.4,2.3,2.2,2.1,2.0,1.9,1.8,1.7,1.6,1.5,1.4,1.3,1.2,1.1", "values_count": 100, "scale_height_ticks": 10, "costs": "1.75,1.75,1.75,1.75", "cost_percent": "2.0000", "cost_area": "0.0000", "revenue_area": "0.0000", "preserve_order": false, "enable_chat": false, "enable_transfer_cents": false, "enable_contest": true, "enable_ready_button": true, "timestamp": "2025-03-04T22:06:26.123Z", "updated": "2025-03-24T20:31:41.274Z"}}, {"model": "main.parametersettreatment", "pk": 7, "fields": {"parameter_set": 6, "id_label_pst": "2", "range_width": "5.0000", "range_height": "10.0000", "scale_width": "5.0000", "scale_height": "2.0000", "values": "5.50, 5.45, 5.40, 5.35, 5.30, 5.25, 5.20, 5.15, 5.10, 5.05, 5.00, 4.95, 4.90, 4.85, 4.80, 4.75, 4.70, 4.65, 4.60, 4.55, 4.50, 4.45, 4.40, 4.35, 4.30, 4.25, 4.20, 4.15, 4.10, 4.05, 4.00, 3.95, 3.90, 3.85, 3.80, 3.75, 3.70, 3.65, 3.60, 3.55, 3.50, 3.45, 3.40, 3.35, 3.30, 3.25, 3.20, 3.15, 3.10, 3.05, 3.00, 2.95, 2.90, 2.85, 2.80, 2.75, 2.70, 2.65, 2.60, 2.55, 2.50, 2.45, 2.40, 2.35, 2.30, 2.25, 2.20, 2.15, 2.10, 2.05, 2.00, 1.95, 1.90, 1.85, 1.80, 1.75, 1.70, 1.65, 1.60, 1.55, 1.50, 1.45, 1.40, 1.35, 1.30, 1.25, 1.20, 1.15, 1.10, 1.05, 1.00", "values_count": 100, "scale_height_ticks": 10, "costs": "1.75,1.75,1.75,1.75", "cost_percent": "2.0000", "cost_area": "0.0000", "revenue_area": "0.0000", "preserve_order": false, "enable_chat": true, "enable_transfer_cents": true, "enable_contest": true, "enable_ready_button": true, "timestamp": "2025-03-04T22:06:26.130Z", "updated": "2025-03-04T22:06:26.133Z"}}, {"model": "main.parametersettreatment", "pk": 16, "fields": {"parameter_set": 6, "id_label_pst": "1 chat only", "range_width": "5.0000", "range_height": "10.0000", "scale_width": "5.0000", "scale_height": "2.0000", "values": "10.0,9.9,9.8,9.7,9.6,9.5,9.4,9.3,9.2,9.1,9.0,8.9,8.8,8.7,8.6,8.5,8.4,8.3,8.2,8.1,8.0,7.9,7.8,7.7,7.6,7.5,7.4,7.3,7.2,7.1,7.0,6.9,6.8,6.7,6.6,6.5,6.4,6.3,6.2,6.1,6.0,5.9,5.8,5.7,5.6,5.5,5.4,5.3,5.2,5.1,5.0,4.9,4.8,4.7,4.6,4.5,4.4,4.3,4.2,4.1,4.0,3.9,3.8,3.7,3.6,3.5,3.4,3.3,3.2,3.1,3.0,2.9,2.8,2.7,2.6,2.5,2.4,2.3,2.2,2.1,2.0,1.9,1.8,1.7,1.6,1.5,1.4,1.3,1.2,1.1", "values_count": 100, "scale_height_ticks": 10, "costs": "1.75,1.75,1.75,1.75", "cost_percent": "2.0000", "cost_area": "0.0000", "revenue_area": "0.0000", "preserve_order": false, "enable_chat": true, "enable_transfer_cents": true, "enable_contest": false, "enable_ready_button": false, "timestamp": "2025-03-24T20:27:56.974Z", "updated": "2025-03-24T20:32:38.885Z"}}, {"model": "main.parametersettreatment", "pk": 17, "fields": {"parameter_set": 6, "id_label_pst": "1 with chat", "range_width": "5.0000", "range_height": "10.0000", "scale_width": "5.0000", "scale_height": "2.0000", "values": "10.0,9.9,9.8,9.7,9.6,9.5,9.4,9.3,9.2,9.1,9.0,8.9,8.8,8.7,8.6,8.5,8.4,8.3,8.2,8.1,8.0,7.9,7.8,7.7,7.6,7.5,7.4,7.3,7.2,7.1,7.0,6.9,6.8,6.7,6.6,6.5,6.4,6.3,6.2,6.1,6.0,5.9,5.8,5.7,5.6,5.5,5.4,5.3,5.2,5.1,5.0,4.9,4.8,4.7,4.6,4.5,4.4,4.3,4.2,4.1,4.0,3.9,3.8,3.7,3.6,3.5,3.4,3.3,3.2,3.1,3.0,2.9,2.8,2.7,2.6,2.5,2.4,2.3,2.2,2.1,2.0,1.9,1.8,1.7,1.6,1.5,1.4,1.3,1.2,1.1", "values_count": 100, "scale_height_ticks": 10, "costs": "1.75,1.75,1.75,1.75", "cost_percent": "2.0000", "cost_area": "0.0000", "revenue_area": "0.0000", "preserve_order": false, "enable_chat": true, "enable_transfer_cents": true, "enable_contest": true, "enable_ready_button": true, "timestamp": "2025-03-24T20:28:51.878Z", "updated": "2025-03-24T20:30:00.687Z"}}, {"model": "main.parametersettreatment", "pk": 47, "fields": {"parameter_set": 1, "id_label_pst": "Start free-for-all", "range_width": "7.0710", "range_height": "2.5455", "scale_width": "14.1420", "scale_height": "2.7500", "values": "2.5455,2.5198,2.4941,2.4684,2.4427,2.4169,2.3912,2.3655,2.3398,2.3141,2.2884,2.2627,2.2370,2.2112,2.1855,2.1598,2.1341,2.1084,2.0827,2.0570,2.0313,2.0055,1.9798,1.9541,1.9284,1.9027,1.8770,1.8513,1.8256,1.7998,1.7741,1.7484,1.7227,1.6970,1.6713,1.6456,1.6199,1.5942,1.5684,1.5427,1.5170,1.4913,1.4656,1.4399,1.4142,1.3885,1.3627,1.3370,1.3113,1.2856,1.2599,1.2342,1.2085,1.1828,1.1570,1.1313,1.1056,1.0799,1.0542,1.0285,1.0028,0.9771,0.9513,0.9256,0.8999,0.8742,0.8485,0.8228,0.7971,0.7714,0.7457,0.7199,0.6942,0.6685,0.6428,0.6171,0.5914,0.5657,0.5400,0.5142,0.4885,0.4628,0.4371,0.4114,0.3857,0.3600,0.3343,0.3085,0.2828,0.2571,0.2314,0.2057,0.1800,0.1543,0.1286,0.1028,0.0771,0.0514,0.0257,0.0000", "values_count": 100, "scale_height_ticks": 10, "costs": "0.1273,0.1273,0.1273,0.1273", "cost_percent": "0.1000", "cost_area": "0.9001", "revenue_area": "8.9996", "preserve_order": false, "enable_chat": false, "enable_transfer_cents": false, "enable_contest": true, "enable_ready_button": true, "timestamp": "2025-03-31T19:33:52.836Z", "updated": "2025-03-31T19:33:52.839Z"}}, {"model": "main.parametersettreatment", "pk": 48, "fields": {"parameter_set": 1, "id_label_pst": "Chat only - ready button", "range_width": "7.0710", "range_height": "2.5455", "scale_width": "14.1420", "scale_height": "2.7500", "values": "2.5455,2.5198,2.4941,2.4684,2.4427,2.4169,2.3912,2.3655,2.3398,2.3141,2.2884,2.2627,2.2370,2.2112,2.1855,2.1598,2.1341,2.1084,2.0827,2.0570,2.0313,2.0055,1.9798,1.9541,1.9284,1.9027,1.8770,1.8513,1.8256,1.7998,1.7741,1.7484,1.7227,1.6970,1.6713,1.6456,1.6199,1.5942,1.5684,1.5427,1.5170,1.4913,1.4656,1.4399,1.4142,1.3885,1.3627,1.3370,1.3113,1.2856,1.2599,1.2342,1.2085,1.1828,1.1570,1.1313,1.1056,1.0799,1.0542,1.0285,1.0028,0.9771,0.9513,0.9256,0.8999,0.8742,0.8485,0.8228,0.7971,0.7714,0.7457,0.7199,0.6942,0.6685,0.6428,0.6171,0.5914,0.5657,0.5400,0.5142,0.4885,0.4628,0.4371,0.4114,0.3857,0.3600,0.3343,0.3085,0.2828,0.2571,0.2314,0.2057,0.1800,0.1543,0.1286,0.1028,0.0771,0.0514,0.0257,0.0000", "values_count": 100, "scale_height_ticks": 10, "costs": "0.1273,0.1273,0.1273,0.1273", "cost_percent": "0.1000", "cost_area": "0.9001", "revenue_area": "8.9996", "preserve_order": false, "enable_chat": true, "enable_transfer_cents": true, "enable_contest": false, "enable_ready_button": true, "timestamp": "2025-03-31T19:33:52.841Z", "updated": "2025-03-31T19:33:52.844Z"}}, {"model": "main.parametersettreatment", "pk": 49, "fields": {"parameter_set": 1, "id_label_pst": "Start free-for-all (copy)", "range_width": "7.0710", "range_height": "2.5455", "scale_width": "14.1420", "scale_height": "2.7500", "values": "2.5455,2.5198,2.4941,2.4684,2.4427,2.4169,2.3912,2.3655,2.3398,2.3141,2.2884,2.2627,2.2370,2.2112,2.1855,2.1598,2.1341,2.1084,2.0827,2.0570,2.0313,2.0055,1.9798,1.9541,1.9284,1.9027,1.8770,1.8513,1.8256,1.7998,1.7741,1.7484,1.7227,1.6970,1.6713,1.6456,1.6199,1.5942,1.5684,1.5427,1.5170,1.4913,1.4656,1.4399,1.4142,1.3885,1.3627,1.3370,1.3113,1.2856,1.2599,1.2342,1.2085,1.1828,1.1570,1.1313,1.1056,1.0799,1.0542,1.0285,1.0028,0.9771,0.9513,0.9256,0.8999,0.8742,0.8485,0.8228,0.7971,0.7714,0.7457,0.7199,0.6942,0.6685,0.6428,0.6171,0.5914,0.5657,0.5400,0.5142,0.4885,0.4628,0.4371,0.4114,0.3857,0.3600,0.3343,0.3085,0.2828,0.2571,0.2314,0.2057,0.1800,0.1543,0.1286,0.1028,0.0771,0.0514,0.0257,0.0000", "values_count": 100, "scale_height_ticks": 10, "costs": "0.1273,0.1273,0.1273,0.1273", "cost_percent": "0.1000", "cost_area": "0.9001", "revenue_area": "8.9996", "preserve_order": false, "enable_chat": false, "enable_transfer_cents": false, "enable_contest": true, "enable_ready_button": true, "timestamp": "2025-03-31T19:33:52.847Z", "updated": "2025-03-31T19:33:52.849Z"}}, {"model": "main.parametersettreatment", "pk": 50, "fields": {"parameter_set": 1, "id_label_pst": "Chat only - ready button", "range_width": "7.0710", "range_height": "2.5455", "scale_width": "14.1420", "scale_height": "2.7500", "values": "2.5455,2.5198,2.4941,2.4684,2.4427,2.4169,2.3912,2.3655,2.3398,2.3141,2.2884,2.2627,2.2370,2.2112,2.1855,2.1598,2.1341,2.1084,2.0827,2.0570,2.0313,2.0055,1.9798,1.9541,1.9284,1.9027,1.8770,1.8513,1.8256,1.7998,1.7741,1.7484,1.7227,1.6970,1.6713,1.6456,1.6199,1.5942,1.5684,1.5427,1.5170,1.4913,1.4656,1.4399,1.4142,1.3885,1.3627,1.3370,1.3113,1.2856,1.2599,1.2342,1.2085,1.1828,1.1570,1.1313,1.1056,1.0799,1.0542,1.0285,1.0028,0.9771,0.9513,0.9256,0.8999,0.8742,0.8485,0.8228,0.7971,0.7714,0.7457,0.7199,0.6942,0.6685,0.6428,0.6171,0.5914,0.5657,0.5400,0.5142,0.4885,0.4628,0.4371,0.4114,0.3857,0.3600,0.3343,0.3085,0.2828,0.2571,0.2314,0.2057,0.1800,0.1543,0.1286,0.1028,0.0771,0.0514,0.0257,0.0000", "values_count": 100, "scale_height_ticks": 10, "costs": "0.1273,0.1273,0.1273,0.1273", "cost_percent": "0.1000", "cost_area": "0.9001", "revenue_area": "8.9996", "preserve_order": false, "enable_chat": true, "enable_transfer_cents": true, "enable_contest": false, "enable_ready_button": true, "timestamp": "2025-03-31T19:33:57.068Z", "updated": "2025-03-31T19:33:57.068Z"}}, {"model": "main.parametersettreatment", "pk": 51, "fields": {"parameter_set": 7, "id_label_pst": "Area 1", "range_width": "1.4142", "range_height": "1.4142", "scale_width": "1.4142", "scale_height": "1.4142", "values": "1.4142,1.3999,1.3856,1.3713,1.3571,1.3428,1.3285,1.3142,1.2999,1.2856,1.2714,1.2571,1.2428,1.2285,1.2142,1.1999,1.1856,1.1714,1.1571,1.1428,1.1285,1.1142,1.0999,1.0856,1.0714,1.0571,1.0428,1.0285,1.0142,0.9999,0.9857,0.9714,0.9571,0.9428,0.9285,0.9142,0.8999,0.8857,0.8714,0.8571,0.8428,0.8285,0.8142,0.8000,0.7857,0.7714,0.7571,0.7428,0.7285,0.7142,0.7000,0.6857,0.6714,0.6571,0.6428,0.6285,0.6142,0.6000,0.5857,0.5714,0.5571,0.5428,0.5285,0.5143,0.5000,0.4857,0.4714,0.4571,0.4428,0.4285,0.4143,0.4000,0.3857,0.3714,0.3571,0.3428,0.3286,0.3143,0.3000,0.2857,0.2714,0.2571,0.2428,0.2286,0.2143,0.2000,0.1857,0.1714,0.1571,0.1428,0.1286,0.1143,0.1000,0.0857,0.0714,0.0571,0.0429,0.0286,0.0143,0.0000", "values_count": 100, "scale_height_ticks": 10, "costs": "0.0707,0.0707,0.0707,0.0707", "cost_percent": "0.1000", "cost_area": "0.1000", "revenue_area": "1.0000", "preserve_order": true, "enable_chat": true, "enable_transfer_cents": true, "enable_contest": true, "enable_ready_button": true, "timestamp": "2025-03-31T20:06:59.055Z", "updated": "2025-03-31T20:06:59.059Z"}}, {"model": "main.parametersettreatment", "pk": 52, "fields": {"parameter_set": 7, "id_label_pst": "Tall", "range_width": "7.0710", "range_height": "2.5455", "scale_width": "14.1420", "scale_height": "2.7500", "values": "2.5455,2.5198,2.4941,2.4684,2.4427,2.4169,2.3912,2.3655,2.3398,2.3141,2.2884,2.2627,2.2370,2.2112,2.1855,2.1598,2.1341,2.1084,2.0827,2.0570,2.0313,2.0055,1.9798,1.9541,1.9284,1.9027,1.8770,1.8513,1.8256,1.7998,1.7741,1.7484,1.7227,1.6970,1.6713,1.6456,1.6199,1.5942,1.5684,1.5427,1.5170,1.4913,1.4656,1.4399,1.4142,1.3885,1.3627,1.3370,1.3113,1.2856,1.2599,1.2342,1.2085,1.1828,1.1570,1.1313,1.1056,1.0799,1.0542,1.0285,1.0028,0.9771,0.9513,0.9256,0.8999,0.8742,0.8485,0.8228,0.7971,0.7714,0.7457,0.7199,0.6942,0.6685,0.6428,0.6171,0.5914,0.5657,0.5400,0.5142,0.4885,0.4628,0.4371,0.4114,0.3857,0.3600,0.3343,0.3085,0.2828,0.2571,0.2314,0.2057,0.1800,0.1543,0.1286,0.1028,0.0771,0.0514,0.0257,0.0000", "values_count": 100, "scale_height_ticks": 10, "costs": "0.1273,0.1273,0.1273,0.1273", "cost_percent": "0.1000", "cost_area": "0.9001", "revenue_area": "8.9996", "preserve_order": false, "enable_chat": true, "enable_transfer_cents": true, "enable_contest": true, "enable_ready_button": true, "timestamp": "2025-03-31T20:06:59.061Z", "updated": "2025-03-31T20:06:59.064Z"}}, {"model": "main.parametersettreatment", "pk": 53, "fields": {"parameter_set": 7, "id_label_pst": "Wide", "range_width": "14.1420", "range_height": "1.2729", "scale_width": "14.1420", "scale_height": "2.7500", "values": "1.2729,1.2600,1.2472,1.2343,1.2215,1.2086,1.1958,1.1829,1.1700,1.1572,1.1443,1.1315,1.1186,1.1058,1.0929,1.0800,1.0672,1.0543,1.0415,1.0286,1.0157,1.0029,0.9900,0.9772,0.9643,0.9515,0.9386,0.9257,0.9129,0.9000,0.8872,0.8743,0.8615,0.8486,0.8357,0.8229,0.8100,0.7972,0.7843,0.7715,0.7586,0.7457,0.7329,0.7200,0.7072,0.6943,0.6815,0.6686,0.6557,0.6429,0.6300,0.6172,0.6043,0.5914,0.5786,0.5657,0.5529,0.5400,0.5272,0.5143,0.5014,0.4886,0.4757,0.4629,0.4500,0.4372,0.4243,0.4114,0.3986,0.3857,0.3729,0.3600,0.3472,0.3343,0.3214,0.3086,0.2957,0.2829,0.2700,0.2572,0.2443,0.2314,0.2186,0.2057,0.1929,0.1800,0.1671,0.1543,0.1414,0.1286,0.1157,0.1029,0.0900,0.0771,0.0643,0.0514,0.0386,0.0257,0.0129,-0.0000", "values_count": 100, "scale_height_ticks": 10, "costs": "0.0636,0.0636,0.0636,0.0636", "cost_percent": "0.1000", "cost_area": "0.8994", "revenue_area": "9.0007", "preserve_order": false, "enable_chat": true, "enable_transfer_cents": true, "enable_contest": true, "enable_ready_button": true, "timestamp": "2025-03-31T20:06:59.066Z", "updated": "2025-03-31T20:06:59.068Z"}}, {"model": "main.parametersettreatment", "pk": 58, "fields": {"parameter_set": 8, "id_label_pst": "1", "range_width": "5.0000", "range_height": "10.0000", "scale_width": "5.0000", "scale_height": "2.0000", "values": "10.0,9.9,9.8,9.7,9.6,9.5,9.4,9.3,9.2,9.1,9.0,8.9,8.8,8.7,8.6,8.5,8.4,8.3,8.2,8.1,8.0,7.9,7.8,7.7,7.6,7.5,7.4,7.3,7.2,7.1,7.0,6.9,6.8,6.7,6.6,6.5,6.4,6.3,6.2,6.1,6.0,5.9,5.8,5.7,5.6,5.5,5.4,5.3,5.2,5.1,5.0,4.9,4.8,4.7,4.6,4.5,4.4,4.3,4.2,4.1,4.0,3.9,3.8,3.7,3.6,3.5,3.4,3.3,3.2,3.1,3.0,2.9,2.8,2.7,2.6,2.5,2.4,2.3,2.2,2.1,2.0,1.9,1.8,1.7,1.6,1.5,1.4,1.3,1.2,1.1", "values_count": 100, "scale_height_ticks": 10, "costs": "1.75,1.75,1.75,1.75", "cost_percent": "2.0000", "cost_area": "0.0000", "revenue_area": "0.0000", "preserve_order": true, "enable_chat": false, "enable_transfer_cents": false, "enable_contest": true, "enable_ready_button": true, "timestamp": "2025-03-31T21:02:07.337Z", "updated": "2025-03-31T21:02:07.341Z"}}, {"model": "main.parametersettreatment", "pk": 59, "fields": {"parameter_set": 8, "id_label_pst": "2", "range_width": "5.0000", "range_height": "10.0000", "scale_width": "5.0000", "scale_height": "2.0000", "values": "5.50, 5.45, 5.40, 5.35, 5.30, 5.25, 5.20, 5.15, 5.10, 5.05, 5.00, 4.95, 4.90, 4.85, 4.80, 4.75, 4.70, 4.65, 4.60, 4.55, 4.50, 4.45, 4.40, 4.35, 4.30, 4.25, 4.20, 4.15, 4.10, 4.05, 4.00, 3.95, 3.90, 3.85, 3.80, 3.75, 3.70, 3.65, 3.60, 3.55, 3.50, 3.45, 3.40, 3.35, 3.30, 3.25, 3.20, 3.15, 3.10, 3.05, 3.00, 2.95, 2.90, 2.85, 2.80, 2.75, 2.70, 2.65, 2.60, 2.55, 2.50, 2.45, 2.40, 2.35, 2.30, 2.25, 2.20, 2.15, 2.10, 2.05, 2.00, 1.95, 1.90, 1.85, 1.80, 1.75, 1.70, 1.65, 1.60, 1.55, 1.50, 1.45, 1.40, 1.35, 1.30, 1.25, 1.20, 1.15, 1.10, 1.05, 1.00", "values_count": 100, "scale_height_ticks": 10, "costs": "1.75,1.75,1.75,1.75", "cost_percent": "2.0000", "cost_area": "0.0000", "revenue_area": "0.0000", "preserve_order": false, "enable_chat": true, "enable_transfer_cents": true, "enable_contest": true, "enable_ready_button": true, "timestamp": "2025-03-31T21:02:07.344Z", "updated": "2025-03-31T21:02:07.347Z"}}, {"model": "main.parametersetperiodblock", "pk": 4, "fields": {"parameter_set": 5, "parameter_set_treatment": 4, "help_doc": null, "period_start": 1, "period_end": 5, "inheritance": "Preset", "timestamp": "2025-02-26T19:00:51.223Z", "updated": "2025-02-26T19:00:51.229Z"}}, {"model": "main.parametersetperiodblock", "pk": 5, "fields": {"parameter_set": 5, "parameter_set_treatment": 5, "help_doc": null, "period_start": 6, "period_end": 200, "inheritance": "Preset", "timestamp": "2025-02-26T19:00:51.232Z", "updated": "2025-03-17T21:19:17.278Z"}}, {"model": "main.parametersetperiodblock", "pk": 8, "fields": {"parameter_set": 5, "parameter_set_treatment": 5, "help_doc": null, "period_start": 201, "period_end": 300, "inheritance": "Preset", "timestamp": "2025-03-06T18:03:08.686Z", "updated": "2025-03-17T21:19:23.803Z"}}, {"model": "main.parametersetperiodblock", "pk": 9, "fields": {"parameter_set": 6, "parameter_set_treatment": 6, "help_doc": null, "period_start": 1, "period_end": 10, "inheritance": "Preset", "timestamp": "2025-03-11T19:03:43.788Z", "updated": "2025-03-24T20:30:40.578Z"}}, {"model": "main.parametersetperiodblock", "pk": 11, "fields": {"parameter_set": 6, "parameter_set_treatment": 16, "help_doc": null, "period_start": 11, "period_end": 20, "inheritance": "Preset", "timestamp": "2025-03-13T17:11:28.642Z", "updated": "2025-03-24T20:30:44.760Z"}}, {"model": "main.parametersetperiodblock", "pk": 17, "fields": {"parameter_set": 6, "parameter_set_treatment": 17, "help_doc": null, "period_start": 21, "period_end": 30, "inheritance": "Preset", "timestamp": "2025-03-14T17:10:56.274Z", "updated": "2025-03-24T20:30:50.031Z"}}, {"model": "main.parametersetperiodblock", "pk": 30, "fields": {"parameter_set": 1, "parameter_set_treatment": 48, "help_doc": 25, "period_start": 1, "period_end": 1, "inheritance": "Preset", "timestamp": "2025-03-31T19:40:09.718Z", "updated": "2025-03-31T20:55:04.801Z"}}, {"model": "main.parametersetperiodblock", "pk": 31, "fields": {"parameter_set": 7, "parameter_set_treatment": 51, "help_doc": null, "period_start": 1, "period_end": 10, "inheritance": "Preset", "timestamp": "2025-03-31T20:06:59.074Z", "updated": "2025-03-31T20:55:28.321Z"}}, {"model": "main.parametersetperiodblock", "pk": 32, "fields": {"parameter_set": 7, "parameter_set_treatment": 52, "help_doc": null, "period_start": 11, "period_end": 20, "inheritance": "Copy", "timestamp": "2025-03-31T20:06:59.080Z", "updated": "2025-03-31T20:55:30.275Z"}}, {"model": "main.parametersetperiodblock", "pk": 33, "fields": {"parameter_set": 7, "parameter_set_treatment": 52, "help_doc": null, "period_start": 21, "period_end": 30, "inheritance": "Midpoint", "timestamp": "2025-03-31T20:06:59.089Z", "updated": "2025-03-31T20:55:33.198Z"}}, {"model": "main.parametersetperiodblock", "pk": 40, "fields": {"parameter_set": 8, "parameter_set_treatment": 58, "help_doc": null, "period_start": 1, "period_end": 5, "inheritance": "Preset", "timestamp": "2025-03-31T21:02:07.355Z", "updated": "2025-03-31T21:02:07.360Z"}}, {"model": "main.parametersetperiodblock", "pk": 41, "fields": {"parameter_set": 8, "parameter_set_treatment": 59, "help_doc": null, "period_start": 6, "period_end": 200, "inheritance": "Preset", "timestamp": "2025-03-31T21:02:07.362Z", "updated": "2025-03-31T21:02:07.367Z"}}, {"model": "main.parametersetperiodblock", "pk": 42, "fields": {"parameter_set": 8, "parameter_set_treatment": 59, "help_doc": null, "period_start": 201, "period_end": 300, "inheritance": "Preset", "timestamp": "2025-03-31T21:02:07.370Z", "updated": "2025-03-31T21:02:07.374Z"}}, {"model": "main.parametersetplayergroup", "pk": 16, "fields": {"parameter_set_player": 11, "parameter_set_period_block": 4, "group_number": 1, "position": 1, "start_box": 0, "timestamp": "2025-02-26T19:00:51.254Z", "updated": "2025-02-26T19:00:51.254Z"}}, {"model": "main.parametersetplayergroup", "pk": 17, "fields": {"parameter_set_player": 11, "parameter_set_period_block": 5, "group_number": 1, "position": 1, "start_box": 10, "timestamp": "2025-02-26T19:00:51.256Z", "updated": "2025-02-27T18:19:23.769Z"}}, {"model": "main.parametersetplayergroup", "pk": 18, "fields": {"parameter_set_player": 12, "parameter_set_period_block": 4, "group_number": 1, "position": 2, "start_box": 1, "timestamp": "2025-02-26T19:00:51.268Z", "updated": "2025-03-31T21:00:35.867Z"}}, {"model": "main.parametersetplayergroup", "pk": 19, "fields": {"parameter_set_player": 12, "parameter_set_period_block": 5, "group_number": 1, "position": 2, "start_box": 20, "timestamp": "2025-02-26T19:00:51.270Z", "updated": "2025-02-27T18:19:29.676Z"}}, {"model": "main.parametersetplayergroup", "pk": 30, "fields": {"parameter_set_player": 11, "parameter_set_period_block": 8, "group_number": 1, "position": 1, "start_box": 0, "timestamp": "2025-03-06T18:03:08.692Z", "updated": "2025-03-06T18:03:08.692Z"}}, {"model": "main.parametersetplayergroup", "pk": 31, "fields": {"parameter_set_player": 12, "parameter_set_period_block": 8, "group_number": 1, "position": 1, "start_box": 0, "timestamp": "2025-03-06T18:03:08.695Z", "updated": "2025-03-06T18:03:08.695Z"}}, {"model": "main.parametersetplayergroup", "pk": 32, "fields": {"parameter_set_player": 16, "parameter_set_period_block": 9, "group_number": 1, "position": 1, "start_box": 0, "timestamp": "2025-03-11T19:03:43.794Z", "updated": "2025-03-11T19:03:43.794Z"}}, {"model": "main.parametersetplayergroup", "pk": 33, "fields": {"parameter_set_player": 17, "parameter_set_period_block": 9, "group_number": 1, "position": 2, "start_box": 1, "timestamp": "2025-03-11T19:03:43.797Z", "updated": "2025-03-13T17:26:04.009Z"}}, {"model": "main.parametersetplayergroup", "pk": 39, "fields": {"parameter_set_player": 16, "parameter_set_period_block": 11, "group_number": 1, "position": 1, "start_box": 0, "timestamp": "2025-03-13T17:11:28.650Z", "updated": "2025-03-13T17:25:59.269Z"}}, {"model": "main.parametersetplayergroup", "pk": 40, "fields": {"parameter_set_player": 17, "parameter_set_period_block": 11, "group_number": 1, "position": 2, "start_box": 1, "timestamp": "2025-03-13T17:11:28.653Z", "updated": "2025-03-13T17:26:08.635Z"}}, {"model": "main.parametersetplayergroup", "pk": 54, "fields": {"parameter_set_player": 16, "parameter_set_period_block": 17, "group_number": 1, "position": 1, "start_box": 0, "timestamp": "2025-03-14T17:10:56.284Z", "updated": "2025-03-14T17:10:56.288Z"}}, {"model": "main.parametersetplayergroup", "pk": 55, "fields": {"parameter_set_player": 17, "parameter_set_period_block": 17, "group_number": 1, "position": 2, "start_box": 1, "timestamp": "2025-03-14T17:10:56.294Z", "updated": "2025-03-14T17:10:56.297Z"}}, {"model": "main.parametersetplayergroup", "pk": 68, "fields": {"parameter_set_player": 23, "parameter_set_period_block": 31, "group_number": 1, "position": 1, "start_box": 10, "timestamp": "2025-03-31T20:06:59.104Z", "updated": "2025-03-31T21:07:31.149Z"}}, {"model": "main.parametersetplayergroup", "pk": 69, "fields": {"parameter_set_player": 23, "parameter_set_period_block": 32, "group_number": 1, "position": 1, "start_box": 0, "timestamp": "2025-03-31T20:06:59.108Z", "updated": "2025-03-31T20:06:59.108Z"}}, {"model": "main.parametersetplayergroup", "pk": 70, "fields": {"parameter_set_player": 23, "parameter_set_period_block": 33, "group_number": 1, "position": 1, "start_box": 0, "timestamp": "2025-03-31T20:06:59.110Z", "updated": "2025-03-31T20:06:59.110Z"}}, {"model": "main.parametersetplayergroup", "pk": 71, "fields": {"parameter_set_player": 24, "parameter_set_period_block": 31, "group_number": 1, "position": 2, "start_box": 20, "timestamp": "2025-03-31T20:06:59.120Z", "updated": "2025-03-31T21:07:33.681Z"}}, {"model": "main.parametersetplayergroup", "pk": 72, "fields": {"parameter_set_player": 24, "parameter_set_period_block": 32, "group_number": 1, "position": 2, "start_box": 0, "timestamp": "2025-03-31T20:06:59.123Z", "updated": "2025-03-31T20:06:59.123Z"}}, {"model": "main.parametersetplayergroup", "pk": 73, "fields": {"parameter_set_player": 24, "parameter_set_period_block": 33, "group_number": 1, "position": 2, "start_box": 0, "timestamp": "2025-03-31T20:06:59.125Z", "updated": "2025-03-31T20:06:59.125Z"}}, {"model": "main.parametersetplayergroup", "pk": 74, "fields": {"parameter_set_player": 25, "parameter_set_period_block": 31, "group_number": 1, "position": 3, "start_box": 30, "timestamp": "2025-03-31T20:06:59.134Z", "updated": "2025-03-31T21:07:36.281Z"}}, {"model": "main.parametersetplayergroup", "pk": 75, "fields": {"parameter_set_player": 25, "parameter_set_period_block": 32, "group_number": 1, "position": 3, "start_box": 0, "timestamp": "2025-03-31T20:06:59.137Z", "updated": "2025-03-31T20:06:59.137Z"}}, {"model": "main.parametersetplayergroup", "pk": 76, "fields": {"parameter_set_player": 25, "parameter_set_period_block": 33, "group_number": 1, "position": 3, "start_box": 0, "timestamp": "2025-03-31T20:06:59.141Z", "updated": "2025-03-31T20:06:59.141Z"}}, {"model": "main.parametersetplayergroup", "pk": 77, "fields": {"parameter_set_player": 26, "parameter_set_period_block": 31, "group_number": 1, "position": 4, "start_box": 40, "timestamp": "2025-03-31T20:06:59.149Z", "updated": "2025-03-31T21:07:39.005Z"}}, {"model": "main.parametersetplayergroup", "pk": 78, "fields": {"parameter_set_player": 26, "parameter_set_period_block": 32, "group_number": 1, "position": 4, "start_box": 0, "timestamp": "2025-03-31T20:06:59.152Z", "updated": "2025-03-31T20:06:59.152Z"}}, {"model": "main.parametersetplayergroup", "pk": 79, "fields": {"parameter_set_player": 26, "parameter_set_period_block": 33, "group_number": 1, "position": 4, "start_box": 0, "timestamp": "2025-03-31T20:06:59.154Z", "updated": "2025-03-31T20:06:59.154Z"}}, {"model": "main.parametersetplayergroup", "pk": 80, "fields": {"parameter_set_player": 27, "parameter_set_period_block": 31, "group_number": 2, "position": 1, "start_box": 0, "timestamp": "2025-03-31T20:06:59.163Z", "updated": "2025-03-31T20:06:59.163Z"}}, {"model": "main.parametersetplayergroup", "pk": 81, "fields": {"parameter_set_player": 27, "parameter_set_period_block": 32, "group_number": 2, "position": 1, "start_box": 0, "timestamp": "2025-03-31T20:06:59.165Z", "updated": "2025-03-31T20:06:59.165Z"}}, {"model": "main.parametersetplayergroup", "pk": 82, "fields": {"parameter_set_player": 27, "parameter_set_period_block": 33, "group_number": 2, "position": 1, "start_box": 0, "timestamp": "2025-03-31T20:06:59.168Z", "updated": "2025-03-31T20:06:59.168Z"}}, {"model": "main.parametersetplayergroup", "pk": 83, "fields": {"parameter_set_player": 28, "parameter_set_period_block": 31, "group_number": 2, "position": 2, "start_box": 0, "timestamp": "2025-03-31T20:06:59.177Z", "updated": "2025-03-31T20:06:59.177Z"}}, {"model": "main.parametersetplayergroup", "pk": 84, "fields": {"parameter_set_player": 28, "parameter_set_period_block": 32, "group_number": 2, "position": 2, "start_box": 0, "timestamp": "2025-03-31T20:06:59.179Z", "updated": "2025-03-31T20:06:59.179Z"}}, {"model": "main.parametersetplayergroup", "pk": 85, "fields": {"parameter_set_player": 28, "parameter_set_period_block": 33, "group_number": 2, "position": 2, "start_box": 0, "timestamp": "2025-03-31T20:06:59.181Z", "updated": "2025-03-31T20:06:59.181Z"}}, {"model": "main.parametersetplayergroup", "pk": 86, "fields": {"parameter_set_player": 29, "parameter_set_period_block": 31, "group_number": 2, "position": 3, "start_box": 0, "timestamp": "2025-03-31T20:06:59.193Z", "updated": "2025-03-31T20:06:59.193Z"}}, {"model": "main.parametersetplayergroup", "pk": 87, "fields": {"parameter_set_player": 29, "parameter_set_period_block": 32, "group_number": 2, "position": 3, "start_box": 0, "timestamp": "2025-03-31T20:06:59.195Z", "updated": "2025-03-31T20:06:59.195Z"}}, {"model": "main.parametersetplayergroup", "pk": 88, "fields": {"parameter_set_player": 29, "parameter_set_period_block": 33, "group_number": 2, "position": 3, "start_box": 0, "timestamp": "2025-03-31T20:06:59.197Z", "updated": "2025-03-31T20:06:59.197Z"}}, {"model": "main.parametersetplayergroup", "pk": 89, "fields": {"parameter_set_player": 30, "parameter_set_period_block": 31, "group_number": 2, "position": 4, "start_box": 0, "timestamp": "2025-03-31T20:06:59.207Z", "updated": "2025-03-31T20:06:59.207Z"}}, {"model": "main.parametersetplayergroup", "pk": 90, "fields": {"parameter_set_player": 30, "parameter_set_period_block": 32, "group_number": 2, "position": 4, "start_box": 0, "timestamp": "2025-03-31T20:06:59.209Z", "updated": "2025-03-31T20:06:59.209Z"}}, {"model": "main.parametersetplayergroup", "pk": 91, "fields": {"parameter_set_player": 30, "parameter_set_period_block": 33, "group_number": 2, "position": 4, "start_box": 0, "timestamp": "2025-03-31T20:06:59.211Z", "updated": "2025-03-31T20:06:59.211Z"}}, {"model": "main.parametersetplayergroup", "pk": 92, "fields": {"parameter_set_player": 31, "parameter_set_period_block": 30, "group_number": 1, "position": 1, "start_box": 0, "timestamp": "2025-03-31T20:54:54.148Z", "updated": "2025-03-31T20:54:54.148Z"}}, {"model": "main.parametersetplayergroup", "pk": 105, "fields": {"parameter_set_player": 36, "parameter_set_period_block": 40, "group_number": 1, "position": 1, "start_box": 0, "timestamp": "2025-03-31T21:02:07.389Z", "updated": "2025-03-31T21:02:07.389Z"}}, {"model": "main.parametersetplayergroup", "pk": 106, "fields": {"parameter_set_player": 36, "parameter_set_period_block": 41, "group_number": 1, "position": 1, "start_box": 10, "timestamp": "2025-03-31T21:02:07.392Z", "updated": "2025-03-31T21:02:07.392Z"}}, {"model": "main.parametersetplayergroup", "pk": 107, "fields": {"parameter_set_player": 36, "parameter_set_period_block": 42, "group_number": 1, "position": 1, "start_box": 0, "timestamp": "2025-03-31T21:02:07.395Z", "updated": "2025-03-31T21:02:07.395Z"}}, {"model": "main.parametersetplayergroup", "pk": 108, "fields": {"parameter_set_player": 37, "parameter_set_period_block": 40, "group_number": 1, "position": 2, "start_box": 1, "timestamp": "2025-03-31T21:02:07.405Z", "updated": "2025-03-31T21:02:07.405Z"}}, {"model": "main.parametersetplayergroup", "pk": 109, "fields": {"parameter_set_player": 37, "parameter_set_period_block": 41, "group_number": 1, "position": 2, "start_box": 20, "timestamp": "2025-03-31T21:02:07.408Z", "updated": "2025-03-31T21:02:07.408Z"}}, {"model": "main.parametersetplayergroup", "pk": 110, "fields": {"parameter_set_player": 37, "parameter_set_period_block": 42, "group_number": 1, "position": 1, "start_box": 0, "timestamp": "2025-03-31T21:02:07.410Z", "updated": "2025-03-31T21:02:07.410Z"}}, {"model": "main.session", "pk": 1, "fields": {"parameter_set": 1, "creator": 1, "title": "1", "start_date": "2025-03-31", "channel_key": "91f40c3b-35ca-425d-aeeb-e243fb606c8a", "session_key": "750de0f0-7951-40aa-8cc5-634d4e3343bc", "id_string": "fgalli", "controlling_channel": "specific.45d48c9831734d1ba5dd71f8dd36879d!a4b2e27015b943e39171d7955f501e71", "started": false, "shared": false, "locked": false, "invitation_text": "", "invitation_subject": "", "world_state": {}, "replay_data": null, "period_block_data": {}, "website_instance_id": null, "soft_delete": false, "timestamp": "2025-02-05T18:52:39.324Z", "updated": "2025-03-31T17:27:39.477Z", "collaborators": []}}, {"model": "main.session", "pk": 5, "fields": {"parameter_set": 5, "creator": 1, "title": "2", "start_date": "2025-03-25", "channel_key": "d20f5f62-cec7-436d-9a50-9484c0d2692d", "session_key": "ed7d587e-df56-447c-830d-32e7d3250d94", "id_string": "uzhjcu", "controlling_channel": "specific.45d48c9831734d1ba5dd71f8dd36879d!d4cf0854e0ae4417beeec69547080e1b", "started": false, "shared": false, "locked": false, "invitation_text": "", "invitation_subject": "", "world_state": {}, "replay_data": null, "period_block_data": {}, "website_instance_id": null, "soft_delete": false, "timestamp": "2025-02-14T22:20:29.419Z", "updated": "2025-03-25T22:30:00.191Z", "collaborators": []}}, {"model": "main.session", "pk": 6, "fields": {"parameter_set": 6, "creator": 1, "title": "3", "start_date": "2025-03-25", "channel_key": "115666bf-2e7b-47b2-953b-a9526ad6ec2b", "session_key": "cd84b8a7-ad9e-4aae-9244-4fe008b1d60f", "id_string": "hbpvhr", "controlling_channel": "specific.45d48c9831734d1ba5dd71f8dd36879d!850b875d5cf94716b0fac2f872e7b0c5", "started": false, "shared": false, "locked": false, "invitation_text": "", "invitation_subject": "", "world_state": {}, "replay_data": null, "period_block_data": {}, "website_instance_id": null, "soft_delete": false, "timestamp": "2025-03-04T22:06:15.296Z", "updated": "2025-03-25T22:30:00.181Z", "collaborators": []}}, {"model": "main.session", "pk": 7, "fields": {"parameter_set": 7, "creator": 1, "title": "T1", "start_date": "2025-03-31", "channel_key": "d4f27ba8-6e85-48db-83b3-f619186ed86e", "session_key": "93c322c7-9e51-4c76-9818-e8806c21df7b", "id_string": "qofsfv", "controlling_channel": "specific.7bd987af975945be9079b44203dff69f!35a8c464a1bc427f9991e86d40f78e74", "started": false, "shared": false, "locked": false, "invitation_text": "", "invitation_subject": "", "world_state": {"groups": {}, "started": true, "finished": false, "last_store": "2025-03-31 20:06:28.596612", "last_update": "2025-03-31 20:06:28.596609", "current_round": 1, "period_blocks": {}, "timer_history": [], "timer_running": false, "current_period": 1, "time_remaining": 60, "session_periods": {}, "session_players": {}, "number_of_periods": 0, "current_period_block": null, "session_periods_order": [], "session_players_order": [], "current_experiment_phase": "Instructions"}, "replay_data": null, "period_block_data": {}, "website_instance_id": null, "soft_delete": false, "timestamp": "2025-03-31T20:06:28.578Z", "updated": "2025-03-31T20:06:35.597Z", "collaborators": []}}, {"model": "main.session", "pk": 8, "fields": {"parameter_set": 8, "creator": 1, "title": "*** New Session ***", "start_date": "2025-03-31", "channel_key": "8e552f45-9802-4857-bd01-364dc964337f", "session_key": "eeb5c24a-ce2a-4a41-a517-ca05cf31156d", "id_string": "hbcoif", "controlling_channel": "specific.45d48c9831734d1ba5dd71f8dd36879d!c623f4c6801c481a954c9de2fd223a3f", "started": false, "shared": false, "locked": false, "invitation_text": "", "invitation_subject": "", "world_state": {"groups": {}, "started": true, "finished": false, "last_store": "2025-03-31 20:59:19.032508", "last_update": "2025-03-31 20:59:19.032505", "current_round": 1, "period_blocks": {}, "timer_history": [], "timer_running": false, "current_period": 1, "time_remaining": 60, "session_periods": {}, "session_players": {}, "number_of_periods": 0, "current_period_block": null, "session_periods_order": [], "session_players_order": [], "current_experiment_phase": "Instructions"}, "replay_data": null, "period_block_data": {}, "website_instance_id": null, "soft_delete": false, "timestamp": "2025-03-31T20:59:19.015Z", "updated": "2025-03-31T20:59:19.035Z", "collaborators": []}}, {"model": "main.sessionplayer", "pk": 33, "fields": {"session": 5, "parameter_set_player": 11, "player_number": 1, "player_key": "2b02a213-a1a6-4452-856b-b0ddfb7671b4", "connecting": false, "connected_count": 76, "name": "", "student_id": "", "email": null, "earnings": 0, "name_submitted": false, "current_instruction": 1, "current_instruction_complete": 0, "instructions_finished": false, "survey_complete": false, "chat_display_history": [], "timestamp": "2025-02-26T19:00:57.047Z", "updated": "2025-03-25T22:30:00.194Z"}}, {"model": "main.sessionplayer", "pk": 34, "fields": {"session": 5, "parameter_set_player": 12, "player_number": 2, "player_key": "b3a0177e-20c7-4a29-8bce-ca2822dcb07f", "connecting": false, "connected_count": 69, "name": "", "student_id": "", "email": null, "earnings": 0, "name_submitted": false, "current_instruction": 1, "current_instruction_complete": 0, "instructions_finished": false, "survey_complete": false, "chat_display_history": [], "timestamp": "2025-02-26T19:00:57.049Z", "updated": "2025-03-25T22:30:00.196Z"}}, {"model": "main.sessionplayer", "pk": 40, "fields": {"session": 6, "parameter_set_player": 16, "player_number": 1, "player_key": "80882f9f-5d87-4136-8d00-0cf14a14374c", "connecting": false, "connected_count": 32, "name": "", "student_id": "", "email": null, "earnings": 0, "name_submitted": false, "current_instruction": 1, "current_instruction_complete": 0, "instructions_finished": false, "survey_complete": false, "chat_display_history": [], "timestamp": "2025-03-13T18:15:04.654Z", "updated": "2025-03-25T22:30:00.184Z"}}, {"model": "main.sessionplayer", "pk": 41, "fields": {"session": 6, "parameter_set_player": 17, "player_number": 2, "player_key": "66571851-a2a0-4e60-8373-6454d7199858", "connecting": false, "connected_count": 32, "name": "", "student_id": "", "email": null, "earnings": 0, "name_submitted": false, "current_instruction": 1, "current_instruction_complete": 0, "instructions_finished": false, "survey_complete": false, "chat_display_history": [], "timestamp": "2025-03-13T18:15:04.658Z", "updated": "2025-03-25T22:30:00.187Z"}}, {"model": "main.sessionplayer", "pk": 51, "fields": {"session": 7, "parameter_set_player": 23, "player_number": 1, "player_key": "dbcad543-2b5e-452b-a616-d05887df483f", "connecting": false, "connected_count": 0, "name": "", "student_id": "", "email": null, "earnings": 0, "name_submitted": false, "current_instruction": 0, "current_instruction_complete": 0, "instructions_finished": false, "survey_complete": false, "chat_display_history": null, "timestamp": "2025-03-31T20:06:59.305Z", "updated": "2025-03-31T20:06:59.305Z"}}, {"model": "main.sessionplayer", "pk": 52, "fields": {"session": 7, "parameter_set_player": 24, "player_number": 2, "player_key": "1968390b-d7e7-44f8-9824-4824fbee333e", "connecting": false, "connected_count": 0, "name": "", "student_id": "", "email": null, "earnings": 0, "name_submitted": false, "current_instruction": 0, "current_instruction_complete": 0, "instructions_finished": false, "survey_complete": false, "chat_display_history": null, "timestamp": "2025-03-31T20:06:59.308Z", "updated": "2025-03-31T20:06:59.308Z"}}, {"model": "main.sessionplayer", "pk": 53, "fields": {"session": 7, "parameter_set_player": 25, "player_number": 3, "player_key": "77ea9dd4-ebcc-45dc-b4df-18a2722c8e39", "connecting": false, "connected_count": 0, "name": "", "student_id": "", "email": null, "earnings": 0, "name_submitted": false, "current_instruction": 0, "current_instruction_complete": 0, "instructions_finished": false, "survey_complete": false, "chat_display_history": null, "timestamp": "2025-03-31T20:06:59.311Z", "updated": "2025-03-31T20:06:59.311Z"}}, {"model": "main.sessionplayer", "pk": 54, "fields": {"session": 7, "parameter_set_player": 26, "player_number": 4, "player_key": "49719436-f598-40d1-918d-e179bfd8adad", "connecting": false, "connected_count": 0, "name": "", "student_id": "", "email": null, "earnings": 0, "name_submitted": false, "current_instruction": 0, "current_instruction_complete": 0, "instructions_finished": false, "survey_complete": false, "chat_display_history": null, "timestamp": "2025-03-31T20:06:59.313Z", "updated": "2025-03-31T20:06:59.313Z"}}, {"model": "main.sessionplayer", "pk": 55, "fields": {"session": 7, "parameter_set_player": 27, "player_number": 5, "player_key": "9bc45a6e-f189-41ce-a5af-c2699e2ffe3a", "connecting": false, "connected_count": 0, "name": "", "student_id": "", "email": null, "earnings": 0, "name_submitted": false, "current_instruction": 0, "current_instruction_complete": 0, "instructions_finished": false, "survey_complete": false, "chat_display_history": null, "timestamp": "2025-03-31T20:06:59.315Z", "updated": "2025-03-31T20:06:59.315Z"}}, {"model": "main.sessionplayer", "pk": 56, "fields": {"session": 7, "parameter_set_player": 28, "player_number": 6, "player_key": "7b0bd503-8150-415b-af97-334aab0d40ec", "connecting": false, "connected_count": 0, "name": "", "student_id": "", "email": null, "earnings": 0, "name_submitted": false, "current_instruction": 0, "current_instruction_complete": 0, "instructions_finished": false, "survey_complete": false, "chat_display_history": null, "timestamp": "2025-03-31T20:06:59.319Z", "updated": "2025-03-31T20:06:59.319Z"}}, {"model": "main.sessionplayer", "pk": 57, "fields": {"session": 7, "parameter_set_player": 29, "player_number": 7, "player_key": "3a3d6b2c-3e1d-41ff-a5c3-8c4dd99f8325", "connecting": false, "connected_count": 0, "name": "", "student_id": "", "email": null, "earnings": 0, "name_submitted": false, "current_instruction": 0, "current_instruction_complete": 0, "instructions_finished": false, "survey_complete": false, "chat_display_history": null, "timestamp": "2025-03-31T20:06:59.321Z", "updated": "2025-03-31T20:06:59.321Z"}}, {"model": "main.sessionplayer", "pk": 58, "fields": {"session": 7, "parameter_set_player": 30, "player_number": 8, "player_key": "bfad9d78-15be-4124-a283-c08feb46c51b", "connecting": false, "connected_count": 0, "name": "", "student_id": "", "email": null, "earnings": 0, "name_submitted": false, "current_instruction": 0, "current_instruction_complete": 0, "instructions_finished": false, "survey_complete": false, "chat_display_history": null, "timestamp": "2025-03-31T20:06:59.324Z", "updated": "2025-03-31T20:06:59.324Z"}}, {"model": "main.sessionplayer", "pk": 59, "fields": {"session": 1, "parameter_set_player": 31, "player_number": 1, "player_key": "4ae2eab2-2b96-4d3c-9823-f8b87f68a7de", "connecting": false, "connected_count": 0, "name": "", "student_id": "", "email": null, "earnings": 0, "name_submitted": false, "current_instruction": 0, "current_instruction_complete": 0, "instructions_finished": false, "survey_complete": false, "chat_display_history": null, "timestamp": "2025-03-31T20:54:54.159Z", "updated": "2025-03-31T20:54:54.159Z"}}, {"model": "main.sessionplayer", "pk": 64, "fields": {"session": 8, "parameter_set_player": 36, "player_number": 1, "player_key": "60dbfaa7-0c0b-4d72-8aae-325de8ab93c7", "connecting": false, "connected_count": 0, "name": "", "student_id": "", "email": null, "earnings": 0, "name_submitted": false, "current_instruction": 0, "current_instruction_complete": 0, "instructions_finished": false, "survey_complete": false, "chat_display_history": null, "timestamp": "2025-03-31T21:02:07.448Z", "updated": "2025-03-31T21:02:07.448Z"}}, {"model": "main.sessionplayer", "pk": 65, "fields": {"session": 8, "parameter_set_player": 37, "player_number": 2, "player_key": "cf4f3c3f-7b72-4457-b35c-25ceed8d31bc", "connecting": false, "connected_count": 0, "name": "", "student_id": "", "email": null, "earnings": 0, "name_submitted": false, "current_instruction": 0, "current_instruction_complete": 0, "instructions_finished": false, "survey_complete": false, "chat_display_history": null, "timestamp": "2025-03-31T21:02:07.450Z", "updated": "2025-03-31T21:02:07.450Z"}}]